cidade,uf,ano,secao,item,custo_rs_ha,custo_rs_60kg,participacao_pct,produtividade_kg_ha,participacao_ct_pct,categoria_total,categoria_item,fator_deflator,custo_rs_ha_real,custo_rs_60kg_real,var_pct_aa,grupo
Assis Chateaubriand,PR,2019,VI - RENDA DE FATORES,CUSTO TOTAL  (H+I = J),3418.860413689786,34.15,0.9482195882314656,6000.0,,Custo Total (J),,1.40033526552242,4787.550805188377,47.82144931759064,,Agricultura familiar (ref. Oeste)
Assis Chateaubriand,PR,2020,VI - RENDA DE FATORES,CUSTO TOTAL (H+I=J),3446.3,34.46,137.57,6000.0,,Custo Total (J),,1.356761632067946,4675.807612595763,46.75400584106142,-2.3340366951618674,Agricultura familiar (ref. Oeste)
Assis Chateaubriand,PR,2021,VI - RENDA DE FATORES,CUSTO TOTAL (H+I=J),4034.25,40.33391,122.72,6000.0,100.0,Custo Total (J),,1.2527626200113375,5053.957599780739,50.52881476690149,8.087372674750547,Agricultura familiar (ref. Oeste)
Assis Chateaubriand,PR,2022,VI - RENDA DE FATORES,CUSTO TOTAL (H+I=J),6726.82,67.26817,134.21,6000.0,99.99,Custo Total (J),,1.146379346107216,7711.4875129809425,77.11484073842904,52.58314619251057,Agricultura familiar (ref. Oeste)
Assis Chateaubriand,PR,2023,VI - RENDA DE FATORES,CUSTO TOTAL (H+I=J),7884.31,78.84303,186.69,6000.0,100.0,Custo Total (J),,1.0960327537763812,8641.46200092666,86.41454328697384,12.05959921973896,Agricultura familiar (ref. Oeste)
Campo Mourão,PR,1999,VI - RENDA DE FATORES,CUSTO TOTAL  (H+I = J),346.1,6.919999999999999,1.0,3000.0,,Custo Total (J),,4.776733738342524,1653.2275468403477,33.05499746933026,,Demais cidades (maior escala)
Campo Mourão,PR,2002,VI - RENDA DE FATORES,CUSTO TOTAL  (H+I = J),615.91,12.32,1.0,3000.0,,Custo Total (J),,3.8512680400952717,2372.0344985750785,47.44762225397375,43.479008870165295,Demais cidades (maior escala)
Campo Mourão,PR,2003,VI - RENDA DE FATORES,CUSTO TOTAL  (H+I = J),662.86,13.25,1.0,3000.0,,Custo Total (J),,3.3572647163716347,2225.3964898941017,44.48375749192416,-6.1819509273185025,Demais cidades (maior escala)
Campo Mourão,PR,2004,VI - RENDA DE FATORES,CUSTO TOTAL  (H+I = J),857.59,17.15,1.0,3000.0,,Custo Total (J),,3.149463152695829,2700.948105120416,54.01329306873347,21.369298342379615,Demais cidades (maior escala)
Campo Mourão,PR,2005,VI - RENDA DE FATORES,CUSTO TOTAL  (H+I = J),892.73,17.86,1.0,3000.0,,Custo Total (J),,2.946998977609979,2630.8743972817565,52.63340174011422,-2.594411484834347,Demais cidades (maior escala)
Campo Mourão,PR,2006,VI - RENDA DE FATORES,CUSTO TOTAL  (H+I = J),869.4100000000001,17.389999999999997,0.9999999999999998,3000.0,,Custo Total (J),,2.828656084234691,2459.261886194483,49.19032930484126,-6.52302182364104,Demais cidades (maior escala)
Campo Mourão,PR,2007,VI - RENDA DE FATORES,CUSTO TOTAL  (H+I = J),908.31,18.19,1.0,3000.0,,Custo Total (J),,2.7292735278986973,2479.0264381256657,49.645485472477304,0.8036782110166785,Demais cidades (maior escala)
Campo Mourão,PR,2008,VI - RENDA DE FATORES,CUSTO TOTAL  (H+I = J),1144.33,22.88,1.0,3000.0,,Custo Total (J),,2.5826244103119955,2955.3745914523256,59.09044650793845,19.21513002042914,Demais cidades (maior escala)
Campo Mourão,PR,2009,VI - RENDA DE FATORES,CUSTO TOTAL  (H+I = J),944.06,18.9,1.0,3000.0,,Custo Total (J),,2.462266291630245,2324.527115276449,46.53683291181162,-21.345770448201172,Demais cidades (maior escala)
Campo Mourão,PR,2010,VI - RENDA DE FATORES,CUSTO TOTAL  (H+I = J),980.3,19.61,1.0,3000.0,,Custo Total (J),,2.344143679868102,2297.9640493747006,45.96865756221348,-1.1427298794313812,Demais cidades (maior escala)
Campo Mourão,PR,2011,VI - RENDA DE FATORES,CUSTO TOTAL (H+I=J),1140.76,22.8,185.31,3000.0,,Custo Total (J),,2.198259208362353,2507.6861745314377,50.12030995066165,9.126431948045699,Demais cidades (maior escala)
Campo Mourão,PR,2012,VI - RENDA DE FATORES,CUSTO TOTAL (H+I=J),938.17,18.77,153.4,3000.0,,Custo Total (J),,2.085563039932625,1956.6126771735906,39.14601825953537,-21.975377260307127,Demais cidades (maior escala)
Campo Mourão,PR,2013,VI - RENDA DE FATORES,CUSTO TOTAL (H+I=J),923.08,18.46,152.39,3000.0,,Custo Total (J),,1.9637289905416229,1812.6789565891613,36.25043716539836,-7.356270470062965,Demais cidades (maior escala)
Campo Mourão,PR,2014,VI - RENDA DE FATORES,CUSTO TOTAL (H+I=J),1496.77,29.92,166.96,3000.0,,Custo Total (J),,1.846839121244845,2764.2933915056465,55.25742650764576,52.49768203339749,Demais cidades (maior escala)
Campo Mourão,PR,2015,VI - RENDA DE FATORES,CUSTO TOTAL (H+I=J),2758.15,36.79,174.84,4500.0,,Custo Total (J),,1.6938792787919235,4671.973132799943,62.31781866675486,69.01147856288974,Demais cidades (maior escala)
Campo Mourão,PR,2016,VI - RENDA DE FATORES,CUSTO TOTAL (H+I=J),2922.61,38.96,182.28,4500.0,,Custo Total (J),,1.5577398161699365,4552.665964136419,60.68954323798073,-2.5536783982322064,Demais cidades (maior escala)
Campo Mourão,PR,2017,VI - RENDA DE FATORES,CUSTO TOTAL (H+I=J),2936.79,39.18,190.98,4500.0,,Custo Total (J),,1.5058438146760413,4422.347056502452,58.9989606590073,-2.862474617302313,Demais cidades (maior escala)
Campo Mourão,PR,2018,VI - RENDA DE FATORES,CUSTO TOTAL (H+I=J),2863.31,38.2,184.22,4500.0,,Custo Total (J),,1.4526103448798835,4159.2737265980195,55.48971517441155,-5.948726469073007,Demais cidades (maior escala)
Campo Mourão,PR,2019,VI - RENDA DE FATORES,CUSTO TOTAL (H+I=J),3815.39,35.22,139.63,6500.0,,Custo Total (J),,1.40033526552242,5342.825168721585,49.31980805169963,28.455723761456397,Demais cidades (maior escala)
Campo Mourão,PR,2020,VI - RENDA DE FATORES,CUSTO TOTAL (H+I=J),4301.78,39.71,149.99,6500.0,,Custo Total (J),,1.356761632067946,5836.490053597248,53.87700440941814,9.239772391687406,Demais cidades (maior escala)
Campo Mourão,PR,2021,VI - RENDA DE FATORES,CUSTO TOTAL (H+I=J),4468.709999999999,41.24377,121.11,6500.0,100.0,Custo Total (J),,1.2527626200113375,5598.232847670863,51.668653364345,-4.082200153490179,Demais cidades (maior escala)
Campo Mourão,PR,2022,VI - RENDA DE FATORES,CUSTO TOTAL (H+I=J),7378.559999999999,68.10976,134.24,6500.0,100.01,Custo Total (J),,1.146379346107216,8458.628788012858,78.07962213231941,51.09462250274317,Demais cidades (maior escala)
Campo Mourão,PR,2023,VI - RENDA DE FATORES,CUSTO TOTAL (H+I=J),8555.43,78.97317,176.46,6500.0,99.99,Custo Total (J),,1.0960327537763812,9377.031502641066,86.55718098955029,10.857583866663134,Demais cidades (maior escala)
Campo Mourão,PR,2024,VI - RENDA DE FATORES,CUSTO TOTAL (H+I=J),7527.700000000001,69.48647,171.81,6500.0,100.02,Custo Total (J),,1.0501675476932033,7905.346248770127,72.97243579775734,-15.694575127069099,Demais cidades (maior escala)
Campo Mourão,PR,2025,VI - RENDA DE FATORES,CUSTO TOTAL (H+I=J),8059.859999999999,74.39865,163.2,6500.0,100.02,Custo Total (J),,1.0,8059.859999999999,74.39865,1.9545475475398755,Demais cidades (maior escala)
Francisco Beltrão,PR,2019,VI - RENDA DE FATORES,CUSTO TOTAL  (H+I = J),3607.809682959286,32.809999999999995,0.933821342869683,6600.0,,Custo Total (J),,1.40033526552242,5052.143130341149,45.945000061790594,,Agricultura familiar (ref. Oeste)
Francisco Beltrão,PR,2020,VI - RENDA DE FATORES,CUSTO TOTAL (H+I=J),3800.83,34.56,139.66,6600.0,,Custo Total (J),,1.356761632067946,5156.820314012812,46.88968200426822,2.071936225302351,Agricultura familiar (ref. Oeste)
Francisco Beltrão,PR,2021,VI - RENDA DE FATORES,CUSTO TOTAL (H+I=J),4625.59,42.05366,122.56,6600.0,100.0,Custo Total (J),,1.2527626200113375,5794.766247498243,52.68325328266599,12.370916468660308,Agricultura familiar (ref. Oeste)
Francisco Beltrão,PR,2022,VI - RENDA DE FATORES,CUSTO TOTAL (H+I=J),9244.38,84.03988,145.74,6600.0,100.0,Custo Total (J),,1.146379346107216,10597.566299566624,96.3415826813289,82.88168749070562,Agricultura familiar (ref. Oeste)
Francisco Beltrão,PR,2023,VI - RENDA DE FATORES,CUSTO TOTAL  (H+I = J),11466.168869779603,107.41,1.0,7000.0,,Custo Total (J),,1.0960327537763812,12567.296641609555,117.7248780831211,18.586629102980744,Agricultura familiar (ref. Oeste)
Francisco Beltrão,PR,2024,VI - RENDA DE FATORES,CUSTO TOTAL (H+I=J),9299.09,79.70642,174.77,7000.0,100.0,Custo Total (J),,1.0501675476932033,9765.60254107839,83.70509562680449,-22.293530426065754,Agricultura familiar (ref. Oeste)
Francisco Beltrão,PR,2025,VI - RENDA DE FATORES,CUSTO TOTAL (H+I=J),9076.4,77.7978,172.59,7000.0,99.97,Custo Total (J),,1.0,9076.4,77.7978,-7.057450251321439,Agricultura familiar (ref. Oeste)
Londrina,PR,1999,VI - RENDA DE FATORES,CUSTO TOTAL  (H+I = J),569.45,9.76,1.0,3500.0,,Custo Total (J),,4.776733738342524,2720.1110272991505,46.62092128622304,,Demais cidades (maior escala)
Londrina,PR,2000,VI - RENDA DE FATORES,CUSTO TOTAL  (H+I = J),587.09,10.06,1.0,3500.0,,Custo Total (J),,4.462405294256805,2619.833524205228,44.89179726022346,-3.686522428221972,Demais cidades (maior escala)
Londrina,PR,2001,VI - RENDA DE FATORES,CUSTO TOTAL  (H+I = J),627.13,10.75,1.0,3500.0,,Custo Total (J),,4.176699368049896,2619.333474685131,44.89951820653638,-0.019087072345513878,Demais cidades (maior escala)
Londrina,PR,2002,VI - RENDA DE FATORES,CUSTO TOTAL  (H+I = J),668.92,11.46,1.0,3500.0,,Custo Total (J),,3.8512680400952717,2576.190217380529,44.13553173949182,-1.6471082327456754,Demais cidades (maior escala)
Londrina,PR,2003,VI - RENDA DE FATORES,CUSTO TOTAL  (H+I = J),875.85,15.01,1.0,3500.0,,Custo Total (J),,3.3572647163716347,2940.4603018340963,50.39254339273823,14.139875308740102,Demais cidades (maior escala)
Londrina,PR,2004,VI - RENDA DE FATORES,CUSTO TOTAL  (H+I = J),983.98,16.87,1.0,3500.0,,Custo Total (J),,3.149463152695829,3099.0087529896423,53.13144338597864,5.391960267467377,Demais cidades (maior escala)
Londrina,PR,2005,VI - RENDA DE FATORES,CUSTO TOTAL  (H+I = J),963.48,16.53,1.0,3500.0,,Custo Total (J),,2.946998977609979,2839.3745749476625,48.71389309989296,-8.377974982855674,Demais cidades (maior escala)
Londrina,PR,2006,VI - RENDA DE FATORES,CUSTO TOTAL  (H+I = J),972.93,16.69,1.0,3500.0,,Custo Total (J),,2.828656084234691,2752.0843640344574,47.210270045876996,-3.0742759931494446,Demais cidades (maior escala)
Londrina,PR,2007,VI - RENDA DE FATORES,CUSTO TOTAL  (H+I = J),1058.35,18.14,1.0,3500.0,,Custo Total (J),,2.7292735278986973,2888.526638251586,49.50902179608237,4.957779492526493,Demais cidades (maior escala)
Londrina,PR,2008,VI - RENDA DE FATORES,CUSTO TOTAL  (H+I = J),1178.73,20.18,1.0,3500.0,,Custo Total (J),,2.5826244103119955,3044.2168711670583,52.11736060009607,5.389953163447747,Demais cidades (maior escala)
Londrina,PR,2009,VI - RENDA DE FATORES,CUSTO TOTAL  (H+I = J),1490.932562137988,22.59,1.0,3966.0,,Custo Total (J),,2.462266291630245,3671.0729908462836,55.62259552792723,20.59170375200332,Demais cidades (maior escala)
Londrina,PR,2010,VI - RENDA DE FATORES,CUSTO TOTAL  (H+I = J),1368.920025412388,20.76,1.0,3966.0,,Custo Total (J),,2.344143679868102,3208.945225815331,48.66442279406181,-12.588356760632525,Demais cidades (maior escala)
Londrina,PR,2011,VI - RENDA DE FATORES,CUSTO TOTAL (H+I=J),1540.41,23.29,144.63,3966.0,,Custo Total (J),,2.198259208362353,3386.2204671534523,51.1974569627592,5.524408453967267,Demais cidades (maior escala)
Londrina,PR,2012,VI - RENDA DE FATORES,CUSTO TOTAL (H+I=J),1572.91,23.78,142.83,,,Custo Total (J),,2.085563039932625,3280.402961140425,49.59468908959782,-3.124944374988692,Demais cidades (maior escala)
Londrina,PR,2013,VI - RENDA DE FATORES,CUSTO TOTAL (H+I=J),1641.39,24.85,131.17,,,Custo Total (J),,1.9637289905416229,3223.2451277851146,48.79866541495933,-1.742402809423127,Demais cidades (maior escala)
Londrina,PR,2014,VI - RENDA DE FATORES,CUSTO TOTAL (H+I=J),1728.74,26.17,132.28,,,Custo Total (J),,1.846839121244845,3192.7046624608133,48.33177980297759,-0.9475067552583982,Demais cidades (maior escala)
Londrina,PR,2015,VI - RENDA DE FATORES,CUSTO TOTAL (H+I=J),2599.13,29.97,147.69,5200.0,,Custo Total (J),,1.6938792787919235,4402.612449886452,50.765561985393944,37.896013422459454,Demais cidades (maior escala)
Londrina,PR,2016,VI - RENDA DE FATORES,CUSTO TOTAL (H+I=J),2810.18,32.39,150.59,5200.0,,Custo Total (J),,1.5577398161699365,4377.529276604432,50.45519264574425,-0.5697338470631585,Demais cidades (maior escala)
Londrina,PR,2017,VI - RENDA DE FATORES,CUSTO TOTAL (H+I=J),2870.23,33.12,153.88,5200.0,,Custo Total (J),,1.5058438146760413,4322.118092197614,49.873547142070485,-1.265809567578724,Demais cidades (maior escala)
Londrina,PR,2018,VI - RENDA DE FATORES,CUSTO TOTAL (H+I=J),3602.93,41.55,171.55,5200.0,,Custo Total (J),,1.4526103448798835,5233.653389878078,60.35595982975916,21.09001369782071,Demais cidades (maior escala)
Londrina,PR,2019,VI - RENDA DE FATORES,CUSTO TOTAL (H+I=J),3604.59,37.94,145.69,5700.0,,Custo Total (J),,1.40033526552242,5047.63449474946,53.12871997392061,-3.5542838103948537,Demais cidades (maior escala)
Londrina,PR,2020,VI - RENDA DE FATORES,CUSTO TOTAL (H+I=J),4445.11,46.79,155.43,5700.0,,Custo Total (J),,1.356761632067946,6030.954698321548,63.4828767644592,19.480812340809052,Demais cidades (maior escala)
Londrina,PR,2021,VI - RENDA DE FATORES,CUSTO TOTAL (H+I=J),4986.620000000001,52.49248,140.12,5700.0,100.02,Custo Total (J),,1.2527626200113375,6247.051136200937,65.76061677569274,3.5831215568495445,Demais cidades (maior escala)
Londrina,PR,2022,VI - RENDA DE FATORES,CUSTO TOTAL (H+I=J),8119.33,85.46659,136.94,5700.0,100.01,Custo Total (J),,1.146379346107216,9307.832216228702,97.97713355821352,48.99561430337738,Demais cidades (maior escala)
Londrina,PR,2023,VI - RENDA DE FATORES,CUSTO TOTAL (H+I=J),8542.609999999999,89.92226,163.99,5700.0,100.0,Custo Total (J),,1.0960327537763812,9362.980362737651,98.55774225359572,0.5924918415782798,Demais cidades (maior escala)
Londrina,PR,2024,VI - RENDA DE FATORES,CUSTO TOTAL (H+I=J),7428.42,78.19395,159.95,5700.0,100.0,Custo Total (J),,1.0501675476932033,7801.085614635145,82.11674871594495,-16.681598033874568,Demais cidades (maior escala)
Londrina,PR,2025,VI - RENDA DE FATORES,CUSTO TOTAL (H+I=J),7498.76,78.93455,163.05,5700.0,100.03,Custo Total (J),,1.0,7498.76,78.93455,-3.875430030763538,Demais cidades (maior escala)
M. Cândido Rondon,PR,2023,VI - RENDA DE FATORES,CUSTO TOTAL  (H+I = J),9373.297530667853,102.27,1.0000000000000002,5500.0,,Custo Total (J),,1.0960327537763812,10273.441104503241,112.0912697287105,,Agricultura familiar (ref. Oeste)
M. Cândido Rondon,PR,2024,VI - RENDA DE FATORES,CUSTO TOTAL (H+I=J),7452.360000000001,81.29854,160.34,5500.0,100.0,Custo Total (J),,1.0501675476932033,7826.226625726921,85.3770883828378,-23.820786568812004,Agricultura familiar (ref. Oeste)
M. Cândido Rondon,PR,2025,VI - RENDA DE FATORES,CUSTO TOTAL (H+I=J),6991.51,76.27116,165.32,5500.0,100.02,Custo Total (J),,1.0,6991.51,76.27116,-10.665633205445157,Agricultura familiar (ref. Oeste)
Ubiratã,PR,2008,VI - RENDA DE FATORES,CUSTO TOTAL  (H+I = J),1539.514195415767,23.13,1.0,4000.0,,Custo Total (J),,2.5826244103119955,3975.9869411025916,59.736102610516454,,Demais cidades (maior escala)
Ubiratã,PR,2009,VI - RENDA DE FATORES,CUSTO TOTAL  (H+I = J),1440.1383431906097,21.62,1.0,4000.0,,Custo Total (J),,2.462266291630245,3546.0040977224676,53.2341972250459,-10.814493350948595,Demais cidades (maior escala)
Ubiratã,PR,2010,VI - RENDA DE FATORES,CUSTO TOTAL  (H+I = J),1490.0341647211123,22.32,1.0,4000.0,,Custo Total (J),,2.344143679868102,3492.854170018542,52.32128693465604,-1.4988681975314888,Demais cidades (maior escala)
Ubiratã,PR,2011,VI - RENDA DE FATORES,CUSTO TOTAL (H+I=J),1097.54,16.47,150.1,4000.0,,Custo Total (J),,2.198259208362353,2412.6774115460166,36.20532916172795,-30.925332289689933,Demais cidades (maior escala)
Ubiratã,PR,2012,VI - RENDA DE FATORES,CUSTO TOTAL (H+I=J),1270.39,19.08,140.81,,,Custo Total (J),,2.085563039932625,2649.4784303000074,39.79254280191448,9.814864499529241,Demais cidades (maior escala)
Ubiratã,PR,2013,VI - RENDA DE FATORES,CUSTO TOTAL (H+I=J),1386.88,20.83,119.59,4000.0,,Custo Total (J),,1.9637289905416229,2723.456462402366,40.904474872982,2.792173405011722,Demais cidades (maior escala)
Ubiratã,PR,2014,VI - RENDA DE FATORES,CUSTO TOTAL (H+I=J),2137.03,22.51,140.56,5700.0,,Custo Total (J),,1.846839121244845,3946.7506072738715,41.572348619221465,44.91697083317556,Demais cidades (maior escala)
Ubiratã,PR,2015,VI - RENDA DE FATORES,CUSTO TOTAL (H+I=J),2474.61,26.05,154.94,5700.0,,Custo Total (J),,1.6938792787919235,4191.690602091282,44.125555212529605,6.20611787240839,Demais cidades (maior escala)
Ubiratã,PR,2016,VI - RENDA DE FATORES,CUSTO TOTAL (H+I=J),2930.88,30.84,169.57,5700.0,,Custo Total (J),,1.5577398161699365,4565.548472416143,48.04069593068084,8.919023511380807,Demais cidades (maior escala)
Ubiratã,PR,2017,VI - RENDA DE FATORES,CUSTO TOTAL (H+I=J),3030.51,31.84,174.65,5700.0,,Custo Total (J),,1.5058438146760413,4563.47473881389,47.946067059285156,-0.04542134674030418,Demais cidades (maior escala)
Ubiratã,PR,2018,VI - RENDA DE FATORES,CUSTO TOTAL (H+I=J),3195.17,33.61,183.05,5700.0,,Custo Total (J),,1.4526103448798835,4641.336995649857,48.82223369141288,1.7062054967396323,Demais cidades (maior escala)
Ubiratã,PR,2019,VI - RENDA DE FATORES,CUSTO TOTAL (H+I=J),3403.06,37.81,147.38,,,Custo Total (J),,1.40033526552242,4765.424928688726,52.946676389402704,2.673538533297015,Demais cidades (maior escala)
Ubiratã,PR,2020,VI - RENDA DE FATORES,CUSTO TOTAL (H+I=J),3849.58,42.77,141.39,,,Custo Total (J),,1.356761632067946,5222.962443576123,58.028695003546055,9.60119027650479,Demais cidades (maior escala)
Ubiratã,PR,2021,VI - RENDA DE FATORES,CUSTO TOTAL (H+I=J),4048.58,44.98164,117.97,5400.0,100.02,Custo Total (J),,1.2527626200113375,5071.909688125501,56.35131717880678,-2.8920896346173564,Demais cidades (maior escala)
Ubiratã,PR,2022,VI - RENDA DE FATORES,CUSTO TOTAL (H+I=J),7378.080000000001,81.97864,129.87,5400.0,100.01,Custo Total (J),,1.146379346107216,8458.078525926729,93.97861971795886,66.76319268320219,Demais cidades (maior escala)
Ubiratã,PR,2023,VI - RENDA DE FATORES,CUSTO TOTAL (H+I=J),8999.31,99.99234,172.59,5400.0,100.01,Custo Total (J),,1.0960327537763812,9863.538521387325,109.59487976674419,16.616776389015662,Demais cidades (maior escala)
Ubiratã,PR,2024,VI - RENDA DE FATORES,CUSTO TOTAL (H+I=J),8738.58,87.38585,181.01,6000.0,100.0,Custo Total (J),,1.0501675476932033,9176.973128920872,91.76978379758611,-6.960639845201177,Demais cidades (maior escala)
Ubiratã,PR,2025,VI - RENDA DE FATORES,CUSTO TOTAL (H+I=J),8737.15,87.30346,180.18,6000.0,100.0,Custo Total (J),,1.0,8737.15,87.30346,-4.79268188695886,Demais cidades (maior escala)
