data,valor,indice,ano,mes
1999-01-01,0.7,100.69999999999999,1999,1
1999-02-01,1.05,101.75734999999999,1999,2
1999-03-01,1.1,102.87668084999997,1999,3
1999-04-01,0.56,103.45279026275998,1999,4
1999-05-01,0.3,103.76314863354824,1999,5
1999-06-01,0.19,103.96029861595198,1999,6
1999-07-01,1.09,105.09346587086586,1999,7
1999-08-01,0.56,105.68198927974271,1999,8
1999-09-01,0.31,106.00960344650993,1999,9
1999-10-01,1.19,107.2711177275234,1999,10
1999-11-01,0.95,108.29019334593488,1999,11
1999-12-01,0.6,108.93993450601049,1999,12
2000-01-01,0.62,109.61536209994775,2000,1
2000-02-01,0.13,109.75786207067769,2000,2
2000-03-01,0.22,109.99932936723317,2000,3
2000-04-01,0.42,110.46132655057555,2000,4
2000-05-01,0.01,110.4723726832306,2000,5
2000-06-01,0.23,110.72645914040203,2000,6
2000-07-01,1.61,112.5091551325625,2000,7
2000-08-01,1.31,113.98302506479908,2000,8
2000-09-01,0.23,114.24518602244811,2000,9
2000-10-01,0.14,114.40512928287954,2000,10
2000-11-01,0.32,114.77122569658476,2000,11
2000-12-01,0.59,115.44837592819462,2000,12
2001-01-01,0.57,116.10643167098533,2001,1
2001-02-01,0.46,116.64052125667186,2001,2
2001-03-01,0.38,117.08375523744722,2001,3
2001-04-01,0.58,117.76284101782441,2001,4
2001-05-01,0.41,118.2456686659975,2001,5
2001-06-01,0.52,118.8605461430607,2001,6
2001-07-01,1.33,120.44139140676342,2001,7
2001-08-01,0.7,121.28448114661074,2001,8
2001-09-01,0.28,121.62407769382125,2001,9
2001-10-01,0.83,122.63355753867997,2001,10
2001-11-01,0.71,123.5042557972046,2001,11
2001-12-01,0.65,124.30703345988643,2001,12
2002-01-01,0.52,124.95343003387785,2002,1
2002-02-01,0.36,125.40326238199982,2002,2
2002-03-01,0.6,126.15568195629183,2002,3
2002-04-01,0.8,127.16492741194216,2002,4
2002-05-01,0.21,127.43197375950723,2002,5
2002-06-01,0.42,127.96718804929716,2002,6
2002-07-01,1.19,129.4899975870838,2002,7
2002-08-01,0.65,130.33168257139982,2002,8
2002-09-01,0.72,131.2700706859139,2002,9
2002-10-01,1.31,132.9897086118994,2002,10
2002-11-01,3.02,137.00599781197877,2002,11
2002-12-01,2.1,139.8831237660303,2002,12
2003-01-01,2.25,143.03049405076598,2003,1
2003-02-01,1.57,145.27607280736302,2003,2
2003-03-01,1.23,147.0629685028936,2003,3
2003-04-01,0.97,148.48947929737167,2003,4
2003-05-01,0.61,149.39526512108563,2003,5
2003-06-01,-0.15,149.171172223404,2003,6
2003-07-01,0.2,149.4695145678508,2003,7
2003-08-01,0.34,149.9777109173815,2003,8
2003-09-01,0.78,151.14753706253708,2003,9
2003-10-01,0.29,151.58586492001842,2003,10
2003-11-01,0.34,152.1012568607465,2003,11
2003-12-01,0.52,152.8921833964224,2003,12
2004-01-01,0.76,154.05416399023522,2004,1
2004-02-01,0.61,154.99389439057566,2004,2
2004-03-01,0.47,155.72236569421136,2004,3
2004-04-01,0.37,156.29853844727995,2004,4
2004-05-01,0.51,157.0956609933611,2004,5
2004-06-01,0.71,158.21104018641398,2004,6
2004-07-01,0.91,159.65076065211036,2004,7
2004-08-01,0.69,160.7523509006099,2004,8
2004-09-01,0.33,161.28283365858195,2004,9
2004-10-01,0.44,161.9924781266797,2004,10
2004-11-01,0.69,163.1102262257538,2004,11
2004-12-01,0.86,164.51297417129527,2004,12
2005-01-01,0.58,165.46714942148878,2005,1
2005-02-01,0.59,166.44340560307558,2005,2
2005-03-01,0.61,167.45871037725433,2005,3
2005-04-01,0.87,168.91560115753643,2005,4
2005-05-01,0.49,169.74328760320833,2005,5
2005-06-01,-0.02,169.7093389456877,2005,6
2005-07-01,0.25,170.13361229305193,2005,7
2005-08-01,0.17,170.42283943395012,2005,8
2005-09-01,0.35,171.01931937196895,2005,9
2005-10-01,0.75,172.3019642672587,2005,10
2005-11-01,0.55,173.24962507072865,2005,11
2005-12-01,0.36,173.87332372098328,2005,12
2006-01-01,0.59,174.89917633093708,2006,1
2006-02-01,0.41,175.6162629538939,2006,2
2006-03-01,0.43,176.37141288459566,2006,3
2006-04-01,0.21,176.74179285165332,2006,4
2006-05-01,0.1,176.91853464450494,2006,5
2006-06-01,-0.21,176.54700572175147,2006,6
2006-07-01,0.19,176.8824450326228,2006,7
2006-08-01,0.05,176.9708862551391,2006,8
2006-09-01,0.21,177.34252511627489,2006,9
2006-10-01,0.33,177.9277554491586,2006,10
2006-11-01,0.31,178.47933149105103,2006,11
2006-12-01,0.48,179.33603228220807,2006,12
2007-01-01,0.44,180.1251108242498,2007,1
2007-02-01,0.44,180.9176613118765,2007,2
2007-03-01,0.37,181.58705665873043,2007,3
2007-04-01,0.25,182.04102430037725,2007,4
2007-05-01,0.28,182.5507391684183,2007,5
2007-06-01,0.28,183.06188123808985,2007,6
2007-07-01,0.24,183.50122975306127,2007,7
2007-08-01,0.47,184.36368553290063,2007,8
2007-09-01,0.18,184.69554016685987,2007,9
2007-10-01,0.3,185.24962678736043,2007,10
2007-11-01,0.38,185.9535753691524,2007,11
2007-12-01,0.74,187.32963182688414,2007,12
2008-01-01,0.54,188.34121183874933,2008,1
2008-02-01,0.49,189.26408377675918,2008,2
2008-03-01,0.48,190.17255137888762,2008,3
2008-04-01,0.55,191.21850041147152,2008,4
2008-05-01,0.79,192.72912656472215,2008,5
2008-06-01,0.74,194.1553221013011,2008,6
2008-07-01,0.53,195.184345308438,2008,7
2008-08-01,0.28,195.7308614753016,2008,8
2008-09-01,0.26,196.23976171513738,2008,9
2008-10-01,0.45,197.1228406428555,2008,10
2008-11-01,0.36,197.83248286916978,2008,11
2008-12-01,0.28,198.38641382120343,2008,12
2009-01-01,0.48,199.3386686075452,2009,1
2009-02-01,0.55,200.43503128488672,2009,2
2009-03-01,0.2,200.83590134745648,2009,3
2009-04-01,0.48,201.79991367392427,2009,4
2009-05-01,0.47,202.7483732681917,2009,5
2009-06-01,0.36,203.4782674119572,2009,6
2009-07-01,0.24,203.96661525374589,2009,7
2009-08-01,0.15,204.27256517662653,2009,8
2009-09-01,0.24,204.76281933305043,2009,9
2009-10-01,0.28,205.33615522718296,2009,10
2009-11-01,0.41,206.1780334636144,2009,11
2009-12-01,0.37,206.9408921874298,2009,12
2010-01-01,0.75,208.49294887883553,2010,1
2010-02-01,0.78,210.11919388009045,2010,2
2010-03-01,0.52,211.21181368826694,2010,3
2010-04-01,0.57,212.41572102629007,2010,4
2010-05-01,0.43,213.32910862670312,2010,5
2010-06-01,0.0,213.32910862670312,2010,6
2010-07-01,0.01,213.35044153756579,2010,7
2010-08-01,0.04,213.4357817141808,2010,8
2010-09-01,0.45,214.3962427318946,2010,9
2010-10-01,0.75,216.00421455238381,2010,10
2010-11-01,0.83,217.7970495331686,2010,11
2010-12-01,0.63,219.16917094522756,2010,12
2011-01-01,0.83,220.98827506407295,2011,1
2011-02-01,0.8,222.75618126458554,2011,2
2011-03-01,0.79,224.51595509657577,2011,3
2011-04-01,0.77,226.2447279508194,2011,4
2011-05-01,0.47,227.30807817218823,2011,5
2011-06-01,0.15,227.64904028944653,2011,6
2011-07-01,0.16,228.01327875390965,2011,7
2011-08-01,0.37,228.85692788529911,2011,8
2011-09-01,0.53,230.0698696030912,2011,9
2011-10-01,0.43,231.0591700423845,2011,10
2011-11-01,0.52,232.2606777266049,2011,11
2011-12-01,0.5,233.4219811152379,2011,12
2012-01-01,0.56,234.72914420948325,2012,1
2012-02-01,0.45,235.78542535842593,2012,2
2012-03-01,0.21,236.2805747516786,2012,3
2012-04-01,0.64,237.79277043008935,2012,4
2012-05-01,0.36,238.6488244036377,2012,5
2012-06-01,0.08,238.83974346316057,2012,6
2012-07-01,0.43,239.86675436005217,2012,7
2012-08-01,0.41,240.8502080529284,2012,8
2012-09-01,0.57,242.2230542388301,2012,9
2012-10-01,0.59,243.6521702588392,2012,10
2012-11-01,0.6,245.11408328039224,2012,11
2012-12-01,0.79,247.05048453830733,2012,12
2013-01-01,0.86,249.17511870533676,2013,1
2013-02-01,0.6,250.6701694175688,2013,2
2013-03-01,0.47,251.84831921383133,2013,3
2013-04-01,0.55,253.23348496950743,2013,4
2013-05-01,0.37,254.17044886389462,2013,5
2013-06-01,0.26,254.83129203094072,2013,6
2013-07-01,0.03,254.90774141855,2013,7
2013-08-01,0.24,255.5195199979545,2013,8
2013-09-01,0.35,256.41383831794735,2013,9
2013-10-01,0.57,257.87539719635964,2013,10
2013-11-01,0.54,259.26792434122,2013,11
2013-12-01,0.92,261.65318924515924,2013,12
2014-01-01,0.55,263.0922817860076,2014,1
2014-02-01,0.69,264.90761853033104,2014,2
2014-03-01,0.92,267.3447686208101,2014,3
2014-04-01,0.67,269.13597857056953,2014,4
2014-05-01,0.46,270.37400407199414,2014,5
2014-06-01,0.4,271.4555000882821,2014,6
2014-07-01,0.01,271.48264563829093,2014,7
2014-08-01,0.25,272.1613522523866,2014,8
2014-09-01,0.57,273.71267196022524,2014,9
2014-10-01,0.42,274.8622651824582,2014,10
2014-11-01,0.51,276.2640627348888,2014,11
2014-12-01,0.78,278.4189224242209,2014,12
2015-01-01,1.24,281.87131706228126,2015,1
2015-02-01,1.22,285.31014713044107,2015,2
2015-03-01,1.32,289.07624107256294,2015,3
2015-04-01,0.71,291.12868238417815,2015,4
2015-05-01,0.74,293.2830346338211,2015,5
2015-06-01,0.79,295.5999706074283,2015,6
2015-07-01,0.62,297.4326904251944,2015,7
2015-08-01,0.22,298.0870423441298,2015,8
2015-09-01,0.54,299.69671237278817,2015,9
2015-10-01,0.82,302.15422541424505,2015,10
2015-11-01,1.01,305.2059830909289,2015,11
2015-12-01,0.96,308.13596052860186,2015,12
2016-01-01,1.27,312.04928722731506,2016,1
2016-02-01,0.9,314.85773081236084,2016,2
2016-03-01,0.43,316.211619054854,2016,3
2016-04-01,0.61,318.1405099310886,2016,4
2016-05-01,0.78,320.6220059085511,2016,5
2016-06-01,0.35,321.74418292923104,2016,6
2016-07-01,0.52,323.4172526804631,2016,7
2016-08-01,0.44,324.84028859225714,2016,8
2016-09-01,0.08,325.1001608231309,2016,9
2016-10-01,0.26,325.94542124127105,2016,10
2016-11-01,0.18,326.53212299950536,2016,11
2016-12-01,0.3,327.51171936850386,2016,12
2017-01-01,0.38,328.7562639021042,2017,1
2017-02-01,0.33,329.84115957298116,2017,2
2017-03-01,0.25,330.6657624719136,2017,3
2017-04-01,0.14,331.1286945393743,2017,4
2017-05-01,0.31,332.1551934924464,2017,5
2017-06-01,-0.23,331.3912365474138,2017,6
2017-07-01,0.24,332.18657551512763,2017,7
2017-08-01,0.19,332.81773000860636,2017,8
2017-09-01,0.16,333.35023837662015,2017,9
2017-10-01,0.42,334.75030937780195,2017,10
2017-11-01,0.28,335.6876102440598,2017,11
2017-12-01,0.44,337.16463572913364,2017,12
2018-01-01,0.29,338.1424131727481,2018,1
2018-02-01,0.32,339.2244688949009,2018,2
2018-03-01,0.09,339.5297709169063,2018,3
2018-04-01,0.22,340.27673641292347,2018,4
2018-05-01,0.4,341.63784335857514,2018,5
2018-06-01,1.26,345.94248018489316,2018,6
2018-07-01,0.33,347.0840903695033,2018,7
2018-08-01,-0.09,346.77171468817073,2018,8
2018-09-01,0.48,348.43621891867394,2018,9
2018-10-01,0.45,350.00418190380793,2018,10
2018-11-01,-0.21,349.26917312180996,2018,11
2018-12-01,0.15,349.7930768814927,2018,12
2019-01-01,0.32,350.9124147275135,2019,1
2019-02-01,0.43,352.4213381108418,2019,2
2019-03-01,0.75,355.06449814667315,2019,3
2019-04-01,0.57,357.0883657861092,2019,4
2019-05-01,0.13,357.55258066163117,2019,5
2019-06-01,0.01,357.58833591969733,2019,6
2019-07-01,0.19,358.2677537579448,2019,7
2019-08-01,0.11,358.66184828707856,2019,8
2019-09-01,-0.04,358.51838354776373,2019,9
2019-10-01,0.1,358.87690193131147,2019,10
2019-11-01,0.51,360.7071741311612,2019,11
2019-12-01,1.15,364.85530663366956,2019,12
2020-01-01,0.21,365.62150277760026,2020,1
2020-02-01,0.25,366.53555653454424,2020,2
2020-03-01,0.07,366.7921314241184,2020,3
2020-04-01,-0.31,365.65507581670363,2020,4
2020-05-01,-0.38,364.2655865286001,2020,5
2020-06-01,0.26,365.21267705357445,2020,6
2020-07-01,0.36,366.52744269096735,2020,7
2020-08-01,0.24,367.40710855342564,2020,8
2020-09-01,0.64,369.75851404816757,2020,9
2020-10-01,0.86,372.9384372689818,2020,10
2020-11-01,0.89,376.2575893606757,2020,11
2020-12-01,1.35,381.33706681704484,2020,12
2021-01-01,0.25,382.29040948408743,2021,1
2021-02-01,0.86,385.57810700565057,2021,2
2021-03-01,0.93,389.16398340080315,2021,3
2021-04-01,0.31,390.3703917493457,2021,4
2021-05-01,0.83,393.61046600086524,2021,5
2021-06-01,0.53,395.69660147066986,2021,6
2021-07-01,0.96,399.4952888447883,2021,7
2021-08-01,0.87,402.97089785773795,2021,8
2021-09-01,1.16,407.64536027288773,2021,9
2021-10-01,1.25,412.7409272762988,2021,10
2021-11-01,0.95,416.66196608542367,2021,11
2021-12-01,0.73,419.7035984378473,2021,12
2022-01-01,0.54,421.9699978694117,2022,1
2022-02-01,1.01,426.23189484789276,2022,2
2022-03-01,1.62,433.1368515444286,2022,3
2022-04-01,1.06,437.72810217079956,2022,4
2022-05-01,0.47,439.78542425100227,2022,5
2022-06-01,0.67,442.73198659348395,2022,6
2022-07-01,-0.68,439.72140908464826,2022,7
2022-08-01,-0.36,438.1384120119435,2022,8
2022-09-01,-0.29,436.8678106171089,2022,9
2022-10-01,0.59,439.44533069974983,2022,10
2022-11-01,0.41,441.2470565556188,2022,11
2022-12-01,0.62,443.98278830626367,2022,12
2023-01-01,0.53,446.3358970842869,2023,1
2023-02-01,0.84,450.0851186197949,2023,2
2023-03-01,0.71,453.2807229619955,2023,3
2023-04-01,0.61,456.04573537206363,2023,4
2023-05-01,0.23,457.0946405634194,2023,5
2023-06-01,-0.08,456.7289648509686,2023,6
2023-07-01,0.12,457.27703960878983,2023,7
2023-08-01,0.23,458.32877679989,2023,8
2023-09-01,0.26,459.5204316195697,2023,9
2023-10-01,0.24,460.62328065545665,2023,10
2023-11-01,0.28,461.91302584129187,2023,11
2023-12-01,0.56,464.49973878600315,2023,12
2024-01-01,0.42,466.45063768890435,2024,1
2024-02-01,0.83,470.32217798172223,2024,2
2024-03-01,0.16,471.074693466493,2024,3
2024-04-01,0.38,472.8647773016657,2024,4
2024-05-01,0.46,475.03995527725334,2024,5
2024-06-01,0.21,476.0375391833356,2024,6
2024-07-01,0.38,477.84648183223226,2024,7
2024-08-01,-0.02,477.75091253586584,2024,8
2024-09-01,0.44,479.85301655102364,2024,9
2024-10-01,0.56,482.5401934437094,2024,10
2024-11-01,0.39,484.4221001981399,2024,11
2024-12-01,0.52,486.94109511917026,2024,12
2025-01-01,0.16,487.72020087136093,2025,1
2025-02-01,1.31,494.1093355027758,2025,2
2025-03-01,0.56,496.8763477815914,2025,3
2025-04-01,0.43,499.01291607705224,2025,4
2025-05-01,0.26,500.31034965885254,2025,5
2025-06-01,0.24,501.51109449803374,2025,6
2025-07-01,0.26,502.8150233437286,2025,7
2025-08-01,-0.11,502.26192681805054,2025,8
2025-09-01,0.48,504.6727840667771,2025,9
2025-10-01,0.09,505.1269895724372,2025,10
2025-11-01,0.18,506.0362181536676,2025,11
2025-12-01,0.33,507.70613767357474,2025,12
2026-01-01,0.33,509.3815679278976,2026,1
2026-02-01,0.7,512.9472389033929,2026,2
2026-03-01,0.88,517.4611746057427,2026,3
2026-04-01,0.67,520.9281644756012,2026,4
2026-05-01,0.58,523.9495478295597,2026,5
