sercodigo,ano,mes,valor
DERAL12_PRMI12,1990,1,3.636e-05
DERAL12_PRMI12,1990,2,5.5175e-05
DERAL12_PRMI12,1990,3,8.5575e-05
DERAL12_PRMI12,1990,4,0.000105651
DERAL12_PRMI12,1990,5,0.000136196
DERAL12_PRMI12,1990,6,0.000163229
DERAL12_PRMI12,1990,7,0.000170044
DERAL12_PRMI12,1990,8,0.000216505
DERAL12_PRMI12,1990,9,0.000232713
DERAL12_PRMI12,1990,10,0.000261251
DERAL12_PRMI12,1990,11,0.000376964
DERAL12_PRMI12,1990,12,0.00039932
DERAL12_PRMI12,1991,1,0.000429189
DERAL12_PRMI12,1991,2,0.000475982
DERAL12_PRMI12,1991,3,0.000512578
DERAL12_PRMI12,1991,4,0.000624218
DERAL12_PRMI12,1991,5,0.000677455
DERAL12_PRMI12,1991,6,0.0006864
DERAL12_PRMI12,1991,7,0.000756655
DERAL12_PRMI12,1991,8,0.000898255
DERAL12_PRMI12,1991,9,0.001022618
DERAL12_PRMI12,1991,10,0.001505236
DERAL12_PRMI12,1991,11,0.001866109
DERAL12_PRMI12,1991,12,0.0020058
DERAL12_PRMI12,1992,1,0.002744727
DERAL12_PRMI12,1992,2,0.003032727
DERAL12_PRMI12,1992,3,0.003078764
DERAL12_PRMI12,1992,4,0.003593236
DERAL12_PRMI12,1992,5,0.004537964
DERAL12_PRMI12,1992,6,0.006063273
DERAL12_PRMI12,1992,7,0.007224873
DERAL12_PRMI12,1992,8,0.009315927
DERAL12_PRMI12,1992,9,0.013236436
DERAL12_PRMI12,1992,10,0.016949891
DERAL12_PRMI12,1992,11,0.021459927
DERAL12_PRMI12,1992,12,0.027894982
DERAL12_PRMI12,1993,1,0.033968073
DERAL12_PRMI12,1993,2,0.038350909
DERAL12_PRMI12,1993,3,0.0438
DERAL12_PRMI12,1993,4,0.058564364
DERAL12_PRMI12,1993,5,0.076927418
DERAL12_PRMI12,1993,6,0.100705091
DERAL12_PRMI12,1993,7,0.139036
DERAL12_PRMI12,1993,8,0.201163636
DERAL12_PRMI12,1993,9,0.263563636
DERAL12_PRMI12,1993,10,0.359563636
DERAL12_PRMI12,1993,11,0.498545455
DERAL12_PRMI12,1993,12,0.706036364
DERAL12_PRMI12,1994,1,0.929018182
DERAL12_PRMI12,1994,2,1.0968
DERAL12_PRMI12,1994,3,1.505890909
DERAL12_PRMI12,1994,4,2.186836364
DERAL12_PRMI12,1994,5,3.128072727
DERAL12_PRMI12,1994,6,4.539490909
DERAL12_PRMI12,1994,7,5.62
DERAL12_PRMI12,1994,8,5.61
DERAL12_PRMI12,1994,9,5.6
DERAL12_PRMI12,1994,10,6.0
DERAL12_PRMI12,1994,11,6.31
DERAL12_PRMI12,1994,12,6.33
DERAL12_PRMI12,1995,1,6.16
DERAL12_PRMI12,1995,2,5.22
DERAL12_PRMI12,1995,3,4.48
DERAL12_PRMI12,1995,4,4.89
DERAL12_PRMI12,1995,5,5.13
DERAL12_PRMI12,1995,6,5.17
DERAL12_PRMI12,1995,7,5.52
DERAL12_PRMI12,1995,8,5.73
DERAL12_PRMI12,1995,9,5.53
DERAL12_PRMI12,1995,10,6.04
DERAL12_PRMI12,1995,11,6.4
DERAL12_PRMI12,1995,12,6.4
DERAL12_PRMI12,1996,1,6.75
DERAL12_PRMI12,1996,2,6.23
DERAL12_PRMI12,1996,3,6.5
DERAL12_PRMI12,1996,4,7.39
DERAL12_PRMI12,1996,5,8.25
DERAL12_PRMI12,1996,6,7.99
DERAL12_PRMI12,1996,7,7.91
DERAL12_PRMI12,1996,8,8.05
DERAL12_PRMI12,1996,9,8.12
DERAL12_PRMI12,1996,10,7.97
DERAL12_PRMI12,1996,11,7.4
DERAL12_PRMI12,1996,12,6.63
DERAL12_PRMI12,1997,1,5.84
DERAL12_PRMI12,1997,2,5.63
DERAL12_PRMI12,1997,3,5.79
DERAL12_PRMI12,1997,4,6.11
DERAL12_PRMI12,1997,5,6.31
DERAL12_PRMI12,1997,6,6.16
DERAL12_PRMI12,1997,7,6.12
DERAL12_PRMI12,1997,8,6.24
DERAL12_PRMI12,1997,9,6.44
DERAL12_PRMI12,1997,10,6.67
DERAL12_PRMI12,1997,11,6.73
DERAL12_PRMI12,1997,12,6.78
DERAL12_PRMI12,1998,1,7.18
DERAL12_PRMI12,1998,2,7.13
DERAL12_PRMI12,1998,3,7.01
DERAL12_PRMI12,1998,4,7.14
DERAL12_PRMI12,1998,5,7.31
DERAL12_PRMI12,1998,6,7.16
DERAL12_PRMI12,1998,7,7.1
DERAL12_PRMI12,1998,8,7.05
DERAL12_PRMI12,1998,9,6.97
DERAL12_PRMI12,1998,10,7.0
DERAL12_PRMI12,1998,11,7.24
DERAL12_PRMI12,1998,12,7.72
DERAL12_PRMI12,1999,1,8.0
DERAL12_PRMI12,1999,2,8.23
DERAL12_PRMI12,1999,3,8.23
DERAL12_PRMI12,1999,4,8.17
DERAL12_PRMI12,1999,5,8.18
DERAL12_PRMI12,1999,6,8.18
DERAL12_PRMI12,1999,7,8.18
DERAL12_PRMI12,1999,8,8.15
DERAL12_PRMI12,1999,9,8.54
DERAL12_PRMI12,1999,10,9.47
DERAL12_PRMI12,1999,11,11.02
DERAL12_PRMI12,1999,12,11.33
DERAL12_PRMI12,2000,1,11.94
DERAL12_PRMI12,2000,2,11.38
DERAL12_PRMI12,2000,3,10.73
DERAL12_PRMI12,2000,4,10.54
DERAL12_PRMI12,2000,5,10.88
DERAL12_PRMI12,2000,6,10.49
DERAL12_PRMI12,2000,7,10.46
DERAL12_PRMI12,2000,8,11.54
DERAL12_PRMI12,2000,9,11.44
DERAL12_PRMI12,2000,10,11.24
DERAL12_PRMI12,2000,11,10.49
DERAL12_PRMI12,2000,12,8.54
DERAL12_PRMI12,2001,1,7.83
DERAL12_PRMI12,2001,2,7.16
DERAL12_PRMI12,2001,3,7.01
DERAL12_PRMI12,2001,4,7.12
DERAL12_PRMI12,2001,5,7.27
DERAL12_PRMI12,2001,6,7.78
DERAL12_PRMI12,2001,7,8.27
DERAL12_PRMI12,2001,8,9.22
DERAL12_PRMI12,2001,9,9.67
DERAL12_PRMI12,2001,10,9.92
DERAL12_PRMI12,2001,11,10.06
DERAL12_PRMI12,2001,12,10.19
DERAL12_PRMI12,2002,1,10.35
DERAL12_PRMI12,2002,2,10.87
DERAL12_PRMI12,2002,3,11.18
DERAL12_PRMI12,2002,4,11.42
DERAL12_PRMI12,2002,5,12.22
DERAL12_PRMI12,2002,6,12.62
DERAL12_PRMI12,2002,7,12.98
DERAL12_PRMI12,2002,8,13.88
DERAL12_PRMI12,2002,9,15.18
DERAL12_PRMI12,2002,10,18.62
DERAL12_PRMI12,2002,11,22.28
DERAL12_PRMI12,2002,12,20.83
DERAL12_PRMI12,2003,1,19.76
DERAL12_PRMI12,2003,2,19.95
DERAL12_PRMI12,2003,3,17.62
DERAL12_PRMI12,2003,4,16.83
DERAL12_PRMI12,2003,5,15.37
DERAL12_PRMI12,2003,6,14.65
DERAL12_PRMI12,2003,7,12.92
DERAL12_PRMI12,2003,8,13.02
DERAL12_PRMI12,2003,9,14.35
DERAL12_PRMI12,2003,10,14.19
DERAL12_PRMI12,2003,11,14.8282
DERAL12_PRMI12,2003,12,15.2512
DERAL12_PRMI12,2004,1,14.9064
DERAL12_PRMI12,2004,2,14.8142
DERAL12_PRMI12,2004,3,15.6727
DERAL12_PRMI12,2004,4,18.2029
DERAL12_PRMI12,2004,5,18.9578
DERAL12_PRMI12,2004,6,17.3686
DERAL12_PRMI12,2004,7,15.9698
DERAL12_PRMI12,2004,8,14.9656
DERAL12_PRMI12,2004,9,15.031
DERAL12_PRMI12,2004,10,14.2305
DERAL12_PRMI12,2004,11,13.4911
DERAL12_PRMI12,2004,12,12.7054
DERAL12_PRMI12,2005,1,13.0159
DERAL12_PRMI12,2005,2,13.3776
DERAL12_PRMI12,2005,3,15.7834
DERAL12_PRMI12,2005,4,16.2553
DERAL12_PRMI12,2005,5,15.9728
DERAL12_PRMI12,2005,6,15.9467
DERAL12_PRMI12,2005,7,15.8673
DERAL12_PRMI12,2005,8,15.0214
DERAL12_PRMI12,2005,9,14.5482
DERAL12_PRMI12,2005,10,13.0848
DERAL12_PRMI12,2005,11,11.7874
DERAL12_PRMI12,2005,12,11.5222
DERAL12_PRMI12,2006,1,11.8674
DERAL12_PRMI12,2006,2,12.67
DERAL12_PRMI12,2006,3,10.9455
DERAL12_PRMI12,2006,4,10.4405
DERAL12_PRMI12,2006,5,11.6903
DERAL12_PRMI12,2006,6,12.4533
DERAL12_PRMI12,2006,7,12.1229
DERAL12_PRMI12,2006,8,11.8087
DERAL12_PRMI12,2006,9,12.0256
DERAL12_PRMI12,2006,10,13.2573
DERAL12_PRMI12,2006,11,15.3991
DERAL12_PRMI12,2006,12,16.4359
DERAL12_PRMI12,2007,1,16.5582
DERAL12_PRMI12,2007,2,16.3314
DERAL12_PRMI12,2007,3,16.2519
DERAL12_PRMI12,2007,4,14.8296
DERAL12_PRMI12,2007,5,14.5403
DERAL12_PRMI12,2007,6,14.5954
DERAL12_PRMI12,2007,7,14.1447
DERAL12_PRMI12,2007,8,16.3444
DERAL12_PRMI12,2007,9,19.5805
DERAL12_PRMI12,2007,10,19.3921
DERAL12_PRMI12,2007,11,22.8241
DERAL12_PRMI12,2007,12,24.9363
DERAL12_PRMI12,2008,1,22.2042
DERAL12_PRMI12,2008,2,20.7081
DERAL12_PRMI12,2008,3,19.8638
DERAL12_PRMI12,2008,4,20.0193
DERAL12_PRMI12,2008,5,20.1262
DERAL12_PRMI12,2008,6,20.1713
DERAL12_PRMI12,2008,7,21.3077
DERAL12_PRMI12,2008,8,18.4371
DERAL12_PRMI12,2008,9,17.7211
DERAL12_PRMI12,2008,10,16.9753
DERAL12_PRMI12,2008,11,15.7187
DERAL12_PRMI12,2008,12,15.2212
DERAL12_PRMI12,2009,1,17.5614
DERAL12_PRMI12,2009,2,17.269
DERAL12_PRMI12,2009,3,16.1257
DERAL12_PRMI12,2009,4,16.4829
DERAL12_PRMI12,2009,5,17.4031
DERAL12_PRMI12,2009,6,17.2267
DERAL12_PRMI12,2009,7,15.4401
DERAL12_PRMI12,2009,8,14.7018
DERAL12_PRMI12,2009,9,14.5011
DERAL12_PRMI12,2009,10,15.1996
DERAL12_PRMI12,2009,11,15.5137
DERAL12_PRMI12,2009,12,14.8273
DERAL12_PRMI12,2010,1,14.58
DERAL12_PRMI12,2010,2,14.09
DERAL12_PRMI12,2010,3,13.84
DERAL12_PRMI12,2010,4,13.68
DERAL12_PRMI12,2010,5,13.73
DERAL12_PRMI12,2010,6,13.92
DERAL12_PRMI12,2010,7,13.07
DERAL12_PRMI12,2010,8,14.14
DERAL12_PRMI12,2010,9,16.6
DERAL12_PRMI12,2010,10,17.79
DERAL12_PRMI12,2010,11,19.87
DERAL12_PRMI12,2010,12,19.5
DERAL12_PRMI12,2011,1,20.62
DERAL12_PRMI12,2011,2,22.34
DERAL12_PRMI12,2011,3,22.9
DERAL12_PRMI12,2011,4,23.67
DERAL12_PRMI12,2011,5,23.22
DERAL12_PRMI12,2011,6,23.52
DERAL12_PRMI12,2011,7,23.78
DERAL12_PRMI12,2011,8,22.23
DERAL12_PRMI12,2011,9,23.03
DERAL12_PRMI12,2011,10,21.65
DERAL12_PRMI12,2011,11,21.66
DERAL12_PRMI12,2011,12,20.3
DERAL12_PRMI12,2012,1,22.5
DERAL12_PRMI12,2012,2,23.07
DERAL12_PRMI12,2012,3,22.57
DERAL12_PRMI12,2012,4,21.39
DERAL12_PRMI12,2012,5,20.5608
DERAL12_PRMI12,2012,6,19.9646
DERAL12_PRMI12,2012,7,23.1734
DERAL12_PRMI12,2012,8,26.5978
DERAL12_PRMI12,2012,9,24.7829
DERAL12_PRMI12,2012,10,24.3299
DERAL12_PRMI12,2012,11,26.3501
DERAL12_PRMI12,2012,12,26.9247
DERAL12_PRMI12,2013,1,25.8407
DERAL12_PRMI12,2013,2,25.0618
DERAL12_PRMI12,2013,3,22.5601
DERAL12_PRMI12,2013,4,19.5007
DERAL12_PRMI12,2013,5,19.1247
DERAL12_PRMI12,2013,6,19.9799
DERAL12_PRMI12,2013,7,18.7576
DERAL12_PRMI12,2013,8,17.4234
DERAL12_PRMI12,2013,9,17.7746
DERAL12_PRMI12,2013,10,17.258
DERAL12_PRMI12,2013,11,17.8115
DERAL12_PRMI12,2013,12,18.6169
DERAL12_PRMI12,2014,1,19.4683
DERAL12_PRMI12,2014,2,20.981
DERAL12_PRMI12,2014,3,23.2909
DERAL12_PRMI12,2014,4,23.0416
DERAL12_PRMI12,2014,5,21.3171
DERAL12_PRMI12,2014,6,20.0306
DERAL12_PRMI12,2014,7,18.4361
DERAL12_PRMI12,2014,8,18.3849
DERAL12_PRMI12,2014,9,17.8174
DERAL12_PRMI12,2014,10,17.8437
DERAL12_PRMI12,2014,11,20.0113
DERAL12_PRMI12,2014,12,21.3594
DERAL12_PRMI12,2015,1,20.7311
DERAL12_PRMI12,2015,2,20.8006
DERAL12_PRMI12,2015,3,21.3353
DERAL12_PRMI12,2015,4,20.8707
DERAL12_PRMI12,2015,5,19.4128
DERAL12_PRMI12,2015,6,19.1749
DERAL12_PRMI12,2015,7,20.7367
DERAL12_PRMI12,2015,8,20.8949
DERAL12_PRMI12,2015,9,23.0429
DERAL12_PRMI12,2015,10,24.3686
DERAL12_PRMI12,2015,11,24.4503
DERAL12_PRMI12,2015,12,24.3404
DERAL12_PRMI12,2016,1,29.6009
DERAL12_PRMI12,2016,2,32.4329
DERAL12_PRMI12,2016,3,34.2552
DERAL12_PRMI12,2016,4,37.1784
DERAL12_PRMI12,2016,5,39.9797
DERAL12_PRMI12,2016,6,38.7294
DERAL12_PRMI12,2016,7,34.6898
DERAL12_PRMI12,2016,8,35.0185
DERAL12_PRMI12,2016,9,31.4872
DERAL12_PRMI12,2016,10,32.1148
DERAL12_PRMI12,2016,11,29.963
DERAL12_PRMI12,2016,12,29.3473
DERAL12_PRMI12,2017,1,27.4558
DERAL12_PRMI12,2017,2,25.2821
DERAL12_PRMI12,2017,3,23.1095
DERAL12_PRMI12,2017,4,20.77
DERAL12_PRMI12,2017,5,20.6345
DERAL12_PRMI12,2017,6,19.4856
DERAL12_PRMI12,2017,7,18.0931
DERAL12_PRMI12,2017,8,17.4135
DERAL12_PRMI12,2017,9,19.3008
DERAL12_PRMI12,2017,10,20.9128
DERAL12_PRMI12,2017,11,22.1412
DERAL12_PRMI12,2017,12,22.9503
DERAL12_PRMI12,2018,1,22.99
DERAL12_PRMI12,2018,2,23.5847
DERAL12_PRMI12,2018,3,29.7189
DERAL12_PRMI12,2018,4,30.5836
DERAL12_PRMI12,2018,5,32.0105
DERAL12_PRMI12,2018,6,31.6149
DERAL12_PRMI12,2018,7,29.685
DERAL12_PRMI12,2018,8,31.7749
DERAL12_PRMI12,2018,9,31.9221
DERAL12_PRMI12,2018,10,28.7073
DERAL12_PRMI12,2018,11,27.1992
DERAL12_PRMI12,2018,12,27.8799
DERAL12_PRMI12,2019,1,29.1901
DERAL12_PRMI12,2019,2,30.3541
DERAL12_PRMI12,2019,3,29.6391
DERAL12_PRMI12,2019,4,26.8921
DERAL12_PRMI12,2019,5,25.9602
DERAL12_PRMI12,2019,6,29.1601
DERAL12_PRMI12,2019,7,28.5994
DERAL12_PRMI12,2019,8,27.8135
DERAL12_PRMI12,2019,9,28.0948
DERAL12_PRMI12,2019,10,31.4132
DERAL12_PRMI12,2019,11,33.4804
DERAL12_PRMI12,2019,12,36.3218
DERAL12_PRMI12,2020,1,39.1866
DERAL12_PRMI12,2020,2,39.5382
DERAL12_PRMI12,2020,3,42.2718
DERAL12_PRMI12,2020,4,39.9792
DERAL12_PRMI12,2020,5,40.2101
DERAL12_PRMI12,2020,6,38.187
DERAL12_PRMI12,2020,7,41.1697
DERAL12_PRMI12,2020,8,45.5521
DERAL12_PRMI12,2020,9,50.3306
DERAL12_PRMI12,2020,10,59.8149
DERAL12_PRMI12,2020,11,67.5845
DERAL12_PRMI12,2020,12,63.5883
DERAL12_PRMI12,2021,1,72.5424
DERAL12_PRMI12,2021,2,72.3895
DERAL12_PRMI12,2021,3,77.8419
DERAL12_PRMI12,2021,4,90.1271
DERAL12_PRMI12,2021,5,91.3768
DERAL12_PRMI12,2021,6,78.8209
DERAL12_PRMI12,2021,7,88.3448
DERAL12_PRMI12,2021,8,93.6403
DERAL12_PRMI12,2021,9,85.6552
DERAL12_PRMI12,2021,10,82.8536
DERAL12_PRMI12,2021,11,77.131
DERAL12_PRMI12,2021,12,79.8932
DERAL12_PRMI12,2022,1,88.3476
DERAL12_PRMI12,2022,2,90.9526
DERAL12_PRMI12,2022,3,90.6745
DERAL12_PRMI12,2022,4,78.0499
DERAL12_PRMI12,2022,5,80.3615
DERAL12_PRMI12,2022,6,79.3068
DERAL12_PRMI12,2022,7,73.8853
DERAL12_PRMI12,2022,8,75.3327
DERAL12_PRMI12,2022,9,75.5551
DERAL12_PRMI12,2022,10,76.0628
DERAL12_PRMI12,2022,11,75.9037
DERAL12_PRMI12,2022,12,73.9468
DERAL12_PRMI12,2023,1,76.7995
DERAL12_PRMI12,2023,2,75.2642
DERAL12_PRMI12,2023,3,72.9219
DERAL12_PRMI12,2023,4,61.7596
DERAL12_PRMI12,2023,5,48.2037
DERAL12_PRMI12,2023,6,46.8301
DERAL12_PRMI12,2023,7,215.0561
DERAL12_PRMI12,2023,8,44.5059
DERAL12_PRMI12,2023,9,43.0994
DERAL12_PRMI12,2023,10,44.0213
DERAL12_PRMI12,2023,11,45.4383
DERAL12_PRMI12,2023,12,50.0515
DERAL12_PRMI12,2024,1,49.2624
DERAL12_PRMI12,2024,2,48.4372
DERAL12_PRMI12,2024,3,46.9648
DERAL12_PRMI12,2024,4,48.4574
DERAL12_PRMI12,2024,5,49.9208
DERAL12_PRMI12,2024,6,49.3802
DERAL12_PRMI12,2024,7,48.7261
DERAL12_PRMI12,2024,8,49.8044
DERAL12_PRMI12,2024,9,51.2241
DERAL12_PRMI12,2024,10,56.9327
DERAL12_PRMI12,2024,11,60.2382
DERAL12_PRMI12,2024,12,60.7523
DERAL12_PRMI12,2025,1,61.195
DERAL12_PRMI12,2025,2,63.5136
DERAL12_PRMI12,2025,3,68.5667
DERAL12_PRMI12,2025,4,61.8756
DERAL12_PRMI12,2025,5,54.8487
DERAL12_PRMI12,2025,6,52.4373
DERAL12_PRMI12,2025,7,49.9635
DERAL12_PRMI12,2025,8,51.325
DERAL12_PRMI12,2025,9,52.2307
DERAL12_PRMI12,2025,10,52.4186
DERAL12_PRMI12,2025,11,53.4362
DERAL12_PRMI12,2025,12,54.5485
DERAL12_PRMI12,2026,1,54.8342
DERAL12_PRMI12,2026,2,51.1901
DERAL12_PRMI12,2026,3,53.1723
DERAL12_PRMI12,2026,4,53.5
DERAL12_PRMI12,2026,5,53.5571
DERAL12_ATMC12,1990,1,4.1618e-05
DERAL12_ATMC12,1990,2,6.1851e-05
DERAL12_ATMC12,1990,3,9.5553e-05
DERAL12_ATMC12,1990,4,0.000113462
DERAL12_ATMC12,1990,5,0.000145829
DERAL12_ATMC12,1990,6,0.000179062
DERAL12_ATMC12,1990,7,0.000188993
DERAL12_ATMC12,1990,8,0.000241665
DERAL12_ATMC12,1990,9,0.000261891
DERAL12_ATMC12,1990,10,0.000291691
DERAL12_ATMC12,1990,11,0.0004242
DERAL12_ATMC12,1990,12,0.000476778
DERAL12_ATMC12,1991,1,0.000501367
DERAL12_ATMC12,1991,2,0.000536731
DERAL12_ATMC12,1991,3,0.000566164
DERAL12_ATMC12,1991,4,0.000680073
DERAL12_ATMC12,1991,5,0.000741382
DERAL12_ATMC12,1991,6,0.000738982
DERAL12_ATMC12,1991,7,0.000824509
DERAL12_ATMC12,1991,8,0.001032873
DERAL12_ATMC12,1991,9,0.001167927
DERAL12_ATMC12,1991,10,0.001726255
DERAL12_ATMC12,1991,11,0.002134691
DERAL12_ATMC12,1991,12,0.002275636
DERAL12_ATMC12,1992,1,0.003181745
DERAL12_ATMC12,1992,2,0.003527127
DERAL12_ATMC12,1992,3,0.003392073
DERAL12_ATMC12,1992,4,0.004081964
DERAL12_ATMC12,1992,5,0.005272364
DERAL12_ATMC12,1992,6,0.006807055
DERAL12_ATMC12,1992,7,0.0080904
DERAL12_ATMC12,1992,8,0.010616727
DERAL12_ATMC12,1992,9,0.015269891
DERAL12_ATMC12,1992,10,0.019376509
DERAL12_ATMC12,1992,11,0.024313964
DERAL12_ATMC12,1992,12,0.031604073
DERAL12_ATMC12,1993,1,0.0377064
DERAL12_ATMC12,1993,2,0.042486545
DERAL12_ATMC12,1993,3,0.048809455
DERAL12_ATMC12,1993,4,0.065144945
DERAL12_ATMC12,1993,5,0.083805164
DERAL12_ATMC12,1993,6,0.111092727
DERAL12_ATMC12,1993,7,0.155604436
DERAL12_ATMC12,1993,8,0.226690909
DERAL12_ATMC12,1993,9,0.301090909
DERAL12_ATMC12,1993,10,0.420218182
DERAL12_ATMC12,1993,11,0.583636364
DERAL12_ATMC12,1993,12,0.833236364
DERAL12_ATMC12,1994,1,1.055781818
DERAL12_ATMC12,1994,2,1.274618182
DERAL12_ATMC12,1994,3,1.696145455
DERAL12_ATMC12,1994,4,2.461309091
DERAL12_ATMC12,1994,5,3.588654545
DERAL12_ATMC12,1994,6,5.3064
DERAL12_ATMC12,1994,7,6.75
DERAL12_ATMC12,1994,8,6.68
DERAL12_ATMC12,1994,9,6.67
DERAL12_ATMC12,1994,10,7.2
DERAL12_ATMC12,1994,11,7.71
DERAL12_ATMC12,1994,12,7.72
DERAL12_ATMC12,1995,1,7.5
DERAL12_ATMC12,1995,2,7.07
DERAL12_ATMC12,1995,3,6.39
DERAL12_ATMC12,1995,4,5.79
DERAL12_ATMC12,1995,5,5.77
DERAL12_ATMC12,1995,6,6.1
DERAL12_ATMC12,1995,7,6.68
DERAL12_ATMC12,1995,8,6.93
DERAL12_ATMC12,1995,9,6.36
DERAL12_ATMC12,1995,10,7.03
DERAL12_ATMC12,1995,11,7.41
DERAL12_ATMC12,1995,12,7.49
DERAL12_ATMC12,1996,1,7.73
DERAL12_ATMC12,1996,2,7.32
DERAL12_ATMC12,1996,3,7.38
DERAL12_ATMC12,1996,4,8.33
DERAL12_ATMC12,1996,5,9.19
DERAL12_ATMC12,1996,6,9.0
DERAL12_ATMC12,1996,7,8.88
DERAL12_ATMC12,1996,8,9.05
DERAL12_ATMC12,1996,9,9.04
DERAL12_ATMC12,1996,10,8.8
DERAL12_ATMC12,1996,11,8.33
DERAL12_ATMC12,1996,12,7.79
DERAL12_ATMC12,1997,1,7.34
DERAL12_ATMC12,1997,2,7.02
DERAL12_ATMC12,1997,3,6.9
DERAL12_ATMC12,1997,4,7.08
DERAL12_ATMC12,1997,5,7.27
DERAL12_ATMC12,1997,6,7.16
DERAL12_ATMC12,1997,7,7.15
DERAL12_ATMC12,1997,8,7.13
DERAL12_ATMC12,1997,9,7.12
DERAL12_ATMC12,1997,10,7.58
DERAL12_ATMC12,1997,11,7.68
DERAL12_ATMC12,1997,12,7.93
DERAL12_ATMC12,1998,1,8.25
DERAL12_ATMC12,1998,2,8.15
DERAL12_ATMC12,1998,3,7.91
DERAL12_ATMC12,1998,4,8.11
DERAL12_ATMC12,1998,5,8.48
DERAL12_ATMC12,1998,6,8.25
DERAL12_ATMC12,1998,7,8.11
DERAL12_ATMC12,1998,8,7.99
DERAL12_ATMC12,1998,9,8.03
DERAL12_ATMC12,1998,10,8.09
DERAL12_ATMC12,1998,11,8.23
DERAL12_ATMC12,1998,12,8.9
DERAL12_ATMC12,1999,1,9.22
DERAL12_ATMC12,1999,2,9.4
DERAL12_ATMC12,1999,3,9.38
DERAL12_ATMC12,1999,4,9.28
DERAL12_ATMC12,1999,5,9.29
DERAL12_ATMC12,1999,6,9.2
DERAL12_ATMC12,1999,7,9.09
DERAL12_ATMC12,1999,8,9.11
DERAL12_ATMC12,1999,9,9.67
DERAL12_ATMC12,1999,10,11.13
DERAL12_ATMC12,1999,11,13.31
DERAL12_ATMC12,1999,12,13.6
DERAL12_ATMC12,2000,1,13.74
DERAL12_ATMC12,2000,2,12.98
DERAL12_ATMC12,2000,3,12.08
DERAL12_ATMC12,2000,4,11.78
DERAL12_ATMC12,2000,5,12.29
DERAL12_ATMC12,2000,6,11.89
DERAL12_ATMC12,2000,7,12.11
DERAL12_ATMC12,2000,8,13.4
DERAL12_ATMC12,2000,9,13.05
DERAL12_ATMC12,2000,10,12.79
DERAL12_ATMC12,2000,11,11.98
DERAL12_ATMC12,2000,12,10.3
DERAL12_ATMC12,2001,1,9.19
DERAL12_ATMC12,2001,2,8.39
DERAL12_ATMC12,2001,3,8.0
DERAL12_ATMC12,2001,4,8.06
DERAL12_ATMC12,2001,5,8.29
DERAL12_ATMC12,2001,6,8.96
DERAL12_ATMC12,2001,7,9.8
DERAL12_ATMC12,2001,8,10.69
DERAL12_ATMC12,2001,9,11.14
DERAL12_ATMC12,2001,10,11.32
DERAL12_ATMC12,2001,11,11.63
DERAL12_ATMC12,2001,12,11.78
DERAL12_ATMC12,2002,1,11.87
DERAL12_ATMC12,2002,2,12.2
DERAL12_ATMC12,2002,3,12.47
DERAL12_ATMC12,2002,4,12.9
DERAL12_ATMC12,2002,5,14.06
DERAL12_ATMC12,2002,6,14.48
DERAL12_ATMC12,2002,7,14.78
DERAL12_ATMC12,2002,8,15.79
DERAL12_ATMC12,2002,9,17.33
DERAL12_ATMC12,2002,10,21.23
DERAL12_ATMC12,2002,11,25.58
DERAL12_ATMC12,2002,12,24.37
DERAL12_ATMC12,2003,1,22.93
DERAL12_ATMC12,2003,2,22.34
DERAL12_ATMC12,2003,3,19.77
DERAL12_ATMC12,2003,4,19.0
DERAL12_ATMC12,2003,5,17.81
DERAL12_ATMC12,2003,6,16.39
DERAL12_ATMC12,2003,7,14.81
DERAL12_ATMC12,2003,8,15.07
DERAL12_ATMC12,2003,9,16.86
DERAL12_ATMC12,2003,10,16.47
DERAL12_ATMC12,2003,11,17.2654
DERAL12_ATMC12,2003,12,17.7258
DERAL12_ATMC12,2004,1,17.3393
DERAL12_ATMC12,2004,2,17.0049
DERAL12_ATMC12,2004,3,17.7028
DERAL12_ATMC12,2004,4,20.8984
DERAL12_ATMC12,2004,5,21.7698
DERAL12_ATMC12,2004,6,20.1296
DERAL12_ATMC12,2004,7,18.4638
DERAL12_ATMC12,2004,8,17.269
DERAL12_ATMC12,2004,9,17.3846
DERAL12_ATMC12,2004,10,16.4612
DERAL12_ATMC12,2004,11,15.8273
DERAL12_ATMC12,2004,12,14.9971
DERAL12_ATMC12,2005,1,15.5435
DERAL12_ATMC12,2005,2,15.597
DERAL12_ATMC12,2005,3,18.0744
DERAL12_ATMC12,2005,4,19.1855
DERAL12_ATMC12,2005,5,18.9549
DERAL12_ATMC12,2005,6,18.8366
DERAL12_ATMC12,2005,7,18.5749
DERAL12_ATMC12,2005,8,17.4509
DERAL12_ATMC12,2005,9,17.0523
DERAL12_ATMC12,2005,10,15.9859
DERAL12_ATMC12,2005,11,14.6494
DERAL12_ATMC12,2005,12,14.2588
DERAL12_ATMC12,2006,1,14.4495
DERAL12_ATMC12,2006,2,14.9279
DERAL12_ATMC12,2006,3,13.1919
DERAL12_ATMC12,2006,4,12.8491
DERAL12_ATMC12,2006,5,14.1841
DERAL12_ATMC12,2006,6,14.983
DERAL12_ATMC12,2006,7,14.3595
DERAL12_ATMC12,2006,8,14.0231
DERAL12_ATMC12,2006,9,14.3109
DERAL12_ATMC12,2006,10,15.9355
DERAL12_ATMC12,2006,11,18.4832
DERAL12_ATMC12,2006,12,19.4419
DERAL12_ATMC12,2007,1,19.3056
DERAL12_ATMC12,2007,2,18.5569
DERAL12_ATMC12,2007,3,18.3075
DERAL12_ATMC12,2007,4,17.1444
DERAL12_ATMC12,2007,5,16.6701
DERAL12_ATMC12,2007,6,16.6534
DERAL12_ATMC12,2007,7,16.1334
DERAL12_ATMC12,2007,8,18.5932
DERAL12_ATMC12,2007,9,22.6376
DERAL12_ATMC12,2007,10,22.5687
DERAL12_ATMC12,2007,11,26.2768
DERAL12_ATMC12,2007,12,28.6884
DERAL12_ATMC12,2008,1,26.3027
DERAL12_ATMC12,2008,2,23.9758
DERAL12_ATMC12,2008,3,22.893
DERAL12_ATMC12,2008,4,23.0197
DERAL12_ATMC12,2008,5,23.0015
DERAL12_ATMC12,2008,6,22.9017
DERAL12_ATMC12,2008,7,24.2593
DERAL12_ATMC12,2008,8,21.0261
DERAL12_ATMC12,2008,9,20.264
DERAL12_ATMC12,2008,10,19.5853
DERAL12_ATMC12,2008,11,18.3003
DERAL12_ATMC12,2008,12,17.9311
DERAL12_ATMC12,2009,1,20.522
DERAL12_ATMC12,2009,2,20.0232
DERAL12_ATMC12,2009,3,18.5982
DERAL12_ATMC12,2009,4,19.0174
DERAL12_ATMC12,2009,5,20.1533
DERAL12_ATMC12,2009,6,19.9917
DERAL12_ATMC12,2009,7,18.1666
DERAL12_ATMC12,2009,8,17.1761
DERAL12_ATMC12,2009,9,17.1696
DERAL12_ATMC12,2009,10,18.0134
DERAL12_ATMC12,2009,11,18.3427
DERAL12_ATMC12,2009,12,17.659
DERAL12_ATMC12,2010,1,17.17
DERAL12_ATMC12,2010,2,16.42
DERAL12_ATMC12,2010,3,15.99
DERAL12_ATMC12,2010,4,15.94
DERAL12_ATMC12,2010,5,16.34
DERAL12_ATMC12,2010,6,16.57
DERAL12_ATMC12,2010,7,15.67
DERAL12_ATMC12,2010,8,16.84
DERAL12_ATMC12,2010,9,19.46
DERAL12_ATMC12,2010,10,21.32
DERAL12_ATMC12,2010,11,23.13
DERAL12_ATMC12,2010,12,22.69
DERAL12_ATMC12,2011,1,23.81
DERAL12_ATMC12,2011,2,25.2
DERAL12_ATMC12,2011,3,25.72
DERAL12_ATMC12,2011,4,26.38
DERAL12_ATMC12,2011,5,26.36
DERAL12_ATMC12,2011,6,26.88
DERAL12_ATMC12,2011,7,27.19
DERAL12_ATMC12,2011,8,25.19
DERAL12_ATMC12,2011,9,26.0
DERAL12_ATMC12,2011,10,24.86
DERAL12_ATMC12,2011,11,24.8
DERAL12_ATMC12,2011,12,23.2
DERAL12_ATMC12,2012,1,26.02
DERAL12_ATMC12,2012,2,26.09
DERAL12_ATMC12,2012,3,25.69
DERAL12_ATMC12,2012,4,24.21
DERAL12_ATMC12,2012,5,23.6664
DERAL12_ATMC12,2012,6,23.8705
DERAL12_ATMC12,2012,7,26.5767
DERAL12_ATMC12,2012,8,30.1851
DERAL12_ATMC12,2012,9,28.8726
DERAL12_ATMC12,2012,10,27.9956
DERAL12_ATMC12,2012,11,30.1221
DERAL12_ATMC12,2012,12,31.0008
DERAL12_ATMC12,2013,1,29.8564
DERAL12_ATMC12,2013,2,29.2428
DERAL12_ATMC12,2013,3,26.3302
DERAL12_ATMC12,2013,4,23.1685
DERAL12_ATMC12,2013,5,22.7282
DERAL12_ATMC12,2013,6,24.1645
DERAL12_ATMC12,2013,7,22.2691
DERAL12_ATMC12,2013,8,20.8488
DERAL12_ATMC12,2013,9,21.6853
DERAL12_ATMC12,2013,10,20.5986
DERAL12_ATMC12,2013,11,21.5139
DERAL12_ATMC12,2013,12,22.5407
DERAL12_ATMC12,2014,1,23.4962
DERAL12_ATMC12,2014,2,24.3899
DERAL12_ATMC12,2014,3,27.0209
DERAL12_ATMC12,2014,4,27.2723
DERAL12_ATMC12,2014,5,25.8546
DERAL12_ATMC12,2014,6,23.896
DERAL12_ATMC12,2014,7,22.1968
DERAL12_ATMC12,2014,8,21.4421
DERAL12_ATMC12,2014,9,20.9032
DERAL12_ATMC12,2014,10,21.0748
DERAL12_ATMC12,2014,11,23.9941
DERAL12_ATMC12,2014,12,24.9497
DERAL12_ATMC12,2015,1,24.4259
DERAL12_ATMC12,2015,2,24.3855
DERAL12_ATMC12,2015,3,25.006
DERAL12_ATMC12,2015,4,24.69
DERAL12_ATMC12,2015,5,23.0033
DERAL12_ATMC12,2015,6,23.3203
DERAL12_ATMC12,2015,7,24.5414
DERAL12_ATMC12,2015,8,24.9613
DERAL12_ATMC12,2015,9,27.3005
DERAL12_ATMC12,2015,10,28.9278
DERAL12_ATMC12,2015,11,28.7183
DERAL12_ATMC12,2015,12,29.3891
DERAL12_ATMC12,2016,1,36.5875
DERAL12_ATMC12,2016,2,38.6749
DERAL12_ATMC12,2016,3,41.079
DERAL12_ATMC12,2016,4,46.1061
DERAL12_ATMC12,2016,5,49.9607
DERAL12_ATMC12,2016,6,49.1355
DERAL12_ATMC12,2016,7,41.1457
DERAL12_ATMC12,2016,8,40.8645
DERAL12_ATMC12,2016,9,37.8565
DERAL12_ATMC12,2016,10,38.3183
DERAL12_ATMC12,2016,11,35.6299
DERAL12_ATMC12,2016,12,34.811
DERAL12_ATMC12,2017,1,32.9202
DERAL12_ATMC12,2017,2,30.2486
DERAL12_ATMC12,2017,3,27.8927
DERAL12_ATMC12,2017,4,25.6698
DERAL12_ATMC12,2017,5,25.6123
DERAL12_ATMC12,2017,6,24.3612
DERAL12_ATMC12,2017,7,22.8376
DERAL12_ATMC12,2017,8,22.3947
DERAL12_ATMC12,2017,9,24.6789
DERAL12_ATMC12,2017,10,26.0815
DERAL12_ATMC12,2017,11,27.2748
DERAL12_ATMC12,2017,12,27.8553
DERAL12_ATMC12,2018,1,28.3008
DERAL12_ATMC12,2018,2,29.2332
DERAL12_ATMC12,2018,3,36.4512
DERAL12_ATMC12,2018,4,37.6475
DERAL12_ATMC12,2018,5,38.9372
DERAL12_ATMC12,2018,6,38.4658
DERAL12_ATMC12,2018,7,35.4329
DERAL12_ATMC12,2018,8,36.8658
DERAL12_ATMC12,2018,9,37.5779
DERAL12_ATMC12,2018,10,34.7599
DERAL12_ATMC12,2018,11,33.5698
DERAL12_ATMC12,2018,12,33.9747
DERAL12_ATMC12,2019,1,35.2727
DERAL12_ATMC12,2019,2,35.8829
DERAL12_ATMC12,2019,3,35.4576
DERAL12_ATMC12,2019,4,32.9309
DERAL12_ATMC12,2019,5,31.6578
DERAL12_ATMC12,2019,6,34.6354
DERAL12_ATMC12,2019,7,35.0092
DERAL12_ATMC12,2019,8,34.044
DERAL12_ATMC12,2019,9,34.1063
DERAL12_ATMC12,2019,10,37.3267
DERAL12_ATMC12,2019,11,39.4916
DERAL12_ATMC12,2019,12,42.3588
DERAL12_ATMC12,2020,1,44.7391
DERAL12_ATMC12,2020,2,45.131
DERAL12_ATMC12,2020,3,48.6079
DERAL12_ATMC12,2020,4,46.5401
DERAL12_ATMC12,2020,5,46.278
DERAL12_ATMC12,2020,6,44.129
DERAL12_ATMC12,2020,7,46.4957
DERAL12_ATMC12,2020,8,51.5004
DERAL12_ATMC12,2020,9,56.1934
DERAL12_ATMC12,2020,10,66.3602
DERAL12_ATMC12,2020,11,75.5427
DERAL12_ATMC12,2020,12,71.4687
DERAL12_ATMC12,2021,1,80.3506
DERAL12_ATMC12,2021,2,80.5347
DERAL12_ATMC12,2021,3,86.3025
DERAL12_ATMC12,2021,4,99.1458
DERAL12_ATMC12,2021,5,100.8995
DERAL12_ATMC12,2021,6,89.3743
DERAL12_ATMC12,2021,7,97.853
DERAL12_ATMC12,2021,8,101.8814
DERAL12_ATMC12,2021,9,94.7212
DERAL12_ATMC12,2021,10,92.6121
DERAL12_ATMC12,2021,11,87.6898
DERAL12_ATMC12,2021,12,89.8403
DERAL12_ATMC12,2022,1,98.5597
DERAL12_ATMC12,2022,2,100.6947
DERAL12_ATMC12,2022,3,100.3957
DERAL12_ATMC12,2022,4,87.7836
DERAL12_ATMC12,2022,5,90.8155
DERAL12_ATMC12,2022,6,89.0898
DERAL12_ATMC12,2022,7,82.7058
DERAL12_ATMC12,2022,8,84.1626
DERAL12_ATMC12,2022,9,84.3832
DERAL12_ATMC12,2022,10,84.9275
DERAL12_ATMC12,2022,11,85.6721
DERAL12_ATMC12,2022,12,84.4365
DERAL12_ATMC12,2023,1,86.3886
DERAL12_ATMC12,2023,2,85.1778
DERAL12_ATMC12,2023,3,82.9865
DERAL12_ATMC12,2023,4,72.4819
DERAL12_ATMC12,2023,5,57.5304
DERAL12_ATMC12,2023,6,54.9661
DERAL12_ATMC12,2023,7,54.5087
DERAL12_ATMC12,2023,8,52.8013
DERAL12_ATMC12,2023,9,51.2668
DERAL12_ATMC12,2023,10,53.0133
DERAL12_ATMC12,2023,11,54.2497
DERAL12_ATMC12,2023,12,58.5973
DERAL12_ATMC12,2024,1,59.3137
DERAL12_ATMC12,2024,2,57.545
DERAL12_ATMC12,2024,3,56.5368
DERAL12_ATMC12,2024,4,57.3926
DERAL12_ATMC12,2024,5,57.9969
DERAL12_ATMC12,2024,6,58.0576
DERAL12_ATMC12,2024,7,57.5553
DERAL12_ATMC12,2024,8,58.8538
DERAL12_ATMC12,2024,9,60.2532
DERAL12_ATMC12,2024,10,65.4795
DERAL12_ATMC12,2024,11,69.644
DERAL12_ATMC12,2024,12,69.7939
DERAL12_ATMC12,2025,1,71.0393
DERAL12_ATMC12,2025,2,73.0828
DERAL12_ATMC12,2025,3,77.9034
DERAL12_ATMC12,2025,4,73.8384
DERAL12_ATMC12,2025,5,67.0529
DERAL12_ATMC12,2025,6,63.1698
DERAL12_ATMC12,2025,7,59.9562
DERAL12_ATMC12,2025,8,60.4028
DERAL12_ATMC12,2025,9,61.1322
DERAL12_ATMC12,2025,10,61.2954
DERAL12_ATMC12,2025,11,62.6804
DERAL12_ATMC12,2025,12,63.9917
DERAL12_ATMC12,2026,1,64.5807
DERAL12_ATMC12,2026,2,61.3713
DERAL12_ATMC12,2026,3,62.9179
DERAL12_ATMC12,2026,4,63.5772
DERAL12_ATMC12,2026,5,63.3271
DEPAE12_ATMI12,1982,1,3.56909090909091e-10
DEPAE12_ATMI12,1982,2,3.90545454545455e-10
DEPAE12_ATMI12,1982,3,4.24e-10
DEPAE12_ATMI12,1982,4,3.96363636363636e-10
DEPAE12_ATMI12,1982,5,3.90909090909091e-10
DEPAE12_ATMI12,1982,6,4.01454545454545e-10
DEPAE12_ATMI12,1982,7,4.32e-10
DEPAE12_ATMI12,1982,8,4.54545454545455e-10
DEPAE12_ATMI12,1982,9,4.92e-10
DEPAE12_ATMI12,1982,10,4.93090909090909e-10
DEPAE12_ATMI12,1982,11,5.23272727272727e-10
DEPAE12_ATMI12,1982,12,5.83636363636364e-10
DEPAE12_ATMI12,1983,1,7.05090909090909e-10
DEPAE12_ATMI12,1983,2,7.59272727272727e-10
DEPAE12_ATMI12,1983,3,7.50181818181818e-10
DEPAE12_ATMI12,1983,4,8.06909090909091e-10
DEPAE12_ATMI12,1983,5,9e-10
DEPAE12_ATMI12,1983,6,1.21454545454545e-09
DEPAE12_ATMI12,1983,7,1.37527272727273e-09
DEPAE12_ATMI12,1983,8,1.77090909090909e-09
DEPAE12_ATMI12,1983,9,3.25927272727273e-09
DEPAE12_ATMI12,1983,10,3.64109090909091e-09
DEPAE12_ATMI12,1983,11,3.41090909090909e-09
DEPAE12_ATMI12,1983,12,3.76836363636364e-09
DEPAE12_ATMI12,1984,1,4.032e-09
DEPAE12_ATMI12,1984,2,3.71272727272727e-09
DEPAE12_ATMI12,1984,3,3.34545454545455e-09
DEPAE12_ATMI12,1984,4,3.57272727272727e-09
DEPAE12_ATMI12,1984,5,3.58909090909091e-09
DEPAE12_ATMI12,1984,6,3.69090909090909e-09
DEPAE12_ATMI12,1984,7,4.45454545454545e-09
DEPAE12_ATMI12,1984,8,5.02909090909091e-09
DEPAE12_ATMI12,1984,9,5.40909090909091e-09
DEPAE12_ATMI12,1984,10,6.41090909090909e-09
DEPAE12_ATMI12,1984,11,8.09090909090909e-09
DEPAE12_ATMI12,1984,12,8.68181818181818e-09
DEPAE12_ATMI12,1985,1,9.32727272727273e-09
DEPAE12_ATMI12,1985,2,9.63636363636364e-09
DEPAE12_ATMI12,1985,3,1.08636363636364e-08
DEPAE12_ATMI12,1985,4,1.22727272727273e-08
DEPAE12_ATMI12,1985,5,1.21272727272727e-08
DEPAE12_ATMI12,1985,6,1.18865454545455e-08
DEPAE12_ATMI12,1985,7,1.35636363636364e-08
DEPAE12_ATMI12,1985,8,1.48636363636364e-08
DEPAE12_ATMI12,1985,9,1.53636363636364e-08
DEPAE12_ATMI12,1985,10,1.89454545454545e-08
DEPAE12_ATMI12,1985,11,2.28636363636364e-08
DEPAE12_ATMI12,1985,12,2.76818181818182e-08
DEPAE12_ATMI12,1986,1,3.81090909090909e-08
DEPAE12_ATMI12,1986,2,3.81818181818182e-08
DEPAE12_ATMI12,1986,3,3.42727272727273e-08
DEPAE12_ATMI12,1986,4,3.32e-08
DEPAE12_ATMI12,1986,5,3.23636363636364e-08
DEPAE12_ATMI12,1986,6,3.05454545454545e-08
DEPAE12_ATMI12,1986,7,3.20727272727273e-08
DEPAE12_ATMI12,1986,8,3.46363636363636e-08
DEPAE12_ATMI12,1986,9,3.47272727272727e-08
DEPAE12_ATMI12,1986,10,3.52727272727273e-08
DEPAE12_ATMI12,1986,11,3.65454545454545e-08
DEPAE12_ATMI12,1986,12,3.66909090909091e-08
DEPAE12_ATMI12,1987,1,3.81818181818182e-08
DEPAE12_ATMI12,1987,2,3.73636363636364e-08
DEPAE12_ATMI12,1987,3,3.78181818181818e-08
DEPAE12_ATMI12,1987,4,4.09090909090909e-08
DEPAE12_ATMI12,1987,5,5.30472727272727e-08
DEPAE12_ATMI12,1987,6,6.45454545454545e-08
DEPAE12_ATMI12,1987,7,6.94545454545455e-08
DEPAE12_ATMI12,1987,8,8.52290909090909e-08
DEPAE12_ATMI12,1987,9,1.02727272727273e-07
DEPAE12_ATMI12,1987,10,1.25090909090909e-07
DEPAE12_ATMI12,1987,11,1.48636363636364e-07
DEPAE12_ATMI12,1987,12,1.62545454545455e-07
DEPAE12_ATMI12,1988,1,1.95454545454545e-07
DEPAE12_ATMI12,1988,2,2.18181818181818e-07
DEPAE12_ATMI12,1988,3,2.41454545454545e-07
DEPAE12_ATMI12,1988,4,2.94090909090909e-07
DEPAE12_ATMI12,1988,5,3.71818181818182e-07
DEPAE12_ATMI12,1988,6,4.44727272727273e-07
DEPAE12_ATMI12,1988,7,5.65909090909091e-07
DEPAE12_ATMI12,1988,8,7.47272727272727e-07
DEPAE12_ATMI12,1988,9,1.02272727272727e-06
DEPAE12_ATMI12,1988,10,1.34545454545455e-06
DEPAE12_ATMI12,1988,11,1.77090909090909e-06
DEPAE12_ATMI12,1988,12,2.32727272727273e-06
DEPAE12_ATMI12,1989,1,2.76727272727273e-09
DEPAE12_ATMI12,1989,2,2.82909090909091e-06
DEPAE12_ATMI12,1989,3,2.76363636363636e-06
DEPAE12_ATMI12,1989,4,2.90909090909091e-06
DEPAE12_ATMI12,1989,5,3.70545454545455e-06
DEPAE12_ATMI12,1989,6,4.74909090909091e-06
DEPAE12_ATMI12,1989,7,4.72727272727273e-06
DEPAE12_ATMI12,1989,8,6.21818181818182e-06
DEPAE12_ATMI12,1989,9,9.59272727272727e-06
DEPAE12_ATMI12,1989,10,1.10909090909091e-05
DEPAE12_ATMI12,1989,11,1.49818181818182e-05
DEPAE12_ATMI12,1989,12,2.40909090909091e-05
DEPAE12_ATMI12,1990,1,4.60727272727273e-05
DEPAE12_ATMI12,1990,2,7.36363636363636e-05
DEPAE12_ATMI12,1990,3,0.000116970909090909
DEPAE12_ATMI12,1990,4,0.000123636363636364
DEPAE12_ATMI12,1990,5,0.000171636363636364
DEPAE12_ATMI12,1990,6,0.000181818181818182
DEPAE12_ATMI12,1990,7,0.000223181818181818
DEPAE12_ATMI12,1990,8,0.000281454545454545
DEPAE12_ATMI12,1990,9,0.000294545454545455
DEPAE12_ATMI12,1990,10,0.000326909090909091
DEPAE12_ATMI12,1990,11,0.000431818181818182
DEPAE12_ATMI12,1990,12,0.000481818181818182
DEPAE12_ATMI12,1991,1,0.000538181818181818
DEPAE12_ATMI12,1991,2,0.000590909090909091
DEPAE12_ATMI12,1991,3,0.000563636363636364
DEPAE12_ATMI12,1991,4,0.000697727272727273
DEPAE12_ATMI12,1991,5,0.000802909090909091
DEPAE12_ATMI12,1991,6,0.000790454545454545
DEPAE12_ATMI12,1991,7,0.000912
DEPAE12_ATMI12,1991,8,0.00116
DEPAE12_ATMI12,1991,9,0.00125681818181818
DEPAE12_ATMI12,1991,10,0.00179454545454545
DEPAE12_ATMI12,1991,11,0.002225
DEPAE12_ATMI12,1991,12,0.00271818181818182
DEPAE12_ATMI12,1992,1,0.00381818181818182
DEPAE12_ATMI12,1992,2,0.00405
DEPAE12_ATMI12,1992,3,0.00437727272727273
DEPAE12_ATMI12,1992,4,0.00498636363636364
DEPAE12_ATMI12,1992,5,0.00593636363636364
DEPAE12_ATMI12,1992,6,0.00686363636363636
DEPAE12_ATMI12,1992,7,0.00899272727272727
DEPAE12_ATMI12,1992,8,0.01275
DEPAE12_ATMI12,1992,9,0.0181818181818182
DEPAE12_ATMI12,1992,10,0.0222727272727273
DEPAE12_ATMI12,1992,11,0.0291818181818182
DEPAE12_ATMI12,1992,12,0.0392
DEPAE12_ATMI12,1993,1,0.0457727272727273
DEPAE12_ATMI12,1993,2,0.0471818181818182
DEPAE12_ATMI12,1993,3,0.0571636363636364
DEPAE12_ATMI12,1993,4,0.0811818181818182
DEPAE12_ATMI12,1993,5,0.100318181818182
DEPAE12_ATMI12,1993,6,0.133454545454545
DEPAE12_ATMI12,1993,7,0.190909090909091
DEPAE12_ATMI12,1993,8,0.271138181818182
DEPAE12_ATMI12,1993,9,0.355818181818182
DEPAE12_ATMI12,1993,10,0.497272727272727
DEPAE12_ATMI12,1993,11,0.680909090909091
DEPAE12_ATMI12,1993,12,0.925272727272727
DEPAE12_ATMI12,1994,1,1.11272727272727
DEPAE12_ATMI12,1994,2,1.33
DEPAE12_ATMI12,1994,3,2.03818181818182
DEPAE12_ATMI12,1994,4,2.91818181818182
DEPAE12_ATMI12,1994,5,3.89090909090909
DEPAE12_ATMI12,1994,6,5.75818181818182
DEPAE12_ATMI12,1994,7,7.83
DEPAE12_ATMI12,1994,8,7.69
DEPAE12_ATMI12,1994,9,8.03
DEPAE12_ATMI12,1994,10,8.69
DEPAE12_ATMI12,1994,11,9.03
DEPAE12_ATMI12,1994,12,8.5
DEPAE12_ATMI12,1995,1,8.06
DEPAE12_ATMI12,1995,2,7.4
DEPAE12_ATMI12,1995,3,6.92
DEPAE12_ATMI12,1995,4,7.075
DEPAE12_ATMI12,1995,5,6.79
DEPAE12_ATMI12,1995,6,6.7
DEPAE12_ATMI12,1995,7,7.39
DEPAE12_ATMI12,1995,8,6.88
DEPAE12_ATMI12,1995,9,7.225
DEPAE12_ATMI12,1995,10,8.0
DEPAE12_ATMI12,1995,11,8.14
DEPAE12_ATMI12,1995,12,7.98
DEPAE12_ATMI12,1996,1,9.08
DEPAE12_ATMI12,1996,2,8.175
DEPAE12_ATMI12,1996,3,7.875
DEPAE12_ATMI12,1996,4,8.375
DEPAE12_ATMI12,1996,5,9.34
DEPAE12_ATMI12,1996,6,8.66
DEPAE12_ATMI12,1996,7,8.96
DEPAE12_ATMI12,1996,8,9.38
DEPAE12_ATMI12,1996,9,9.4475
DEPAE12_ATMI12,1996,10,9.126
DEPAE12_ATMI12,1996,11,8.6075
DEPAE12_ATMI12,1996,12,7.9225
DEPAE12_ATMI12,1997,1,7.584
DEPAE12_ATMI12,1997,2,7.355
DEPAE12_ATMI12,1997,3,7.545
DEPAE12_ATMI12,1997,4,7.702
DEPAE12_ATMI12,1997,5,7.5775
DEPAE12_ATMI12,1997,6,7.7375
DEPAE12_ATMI12,1997,7,6.4
DEPAE12_ATMI12,1997,8,8.04
DEPAE12_ATMI12,1997,9,8.77
DEPAE12_ATMI12,1997,10,9.136
DEPAE12_ATMI12,1997,11,9.1375
DEPAE12_ATMI12,1997,12,9.73
DEPAE12_ATMI12,1998,1,10.592
DEPAE12_ATMI12,1998,2,9.305
DEPAE12_ATMI12,1998,3,9.2375
DEPAE12_ATMI12,1998,4,9.7
DEPAE12_ATMI12,1998,5,9.9625
DEPAE12_ATMI12,1998,6,9.175
DEPAE12_ATMI12,1998,7,9.05
DEPAE12_ATMI12,1998,8,8.82
DEPAE12_ATMI12,1998,9,9.02
DEPAE12_ATMI12,1998,10,9.3625
DEPAE12_ATMI12,1998,11,9.575
DEPAE12_ATMI12,1998,12,10.134
DEPAE12_ATMI12,1999,1,10.245
DEPAE12_ATMI12,1999,2,10.3125
DEPAE12_ATMI12,1999,3,9.57
DEPAE12_ATMI12,1999,4,9.7125
DEPAE12_ATMI12,1999,5,10.0625
DEPAE12_ATMI12,1999,6,10.73
DEPAE12_ATMI12,1999,7,10.875
DEPAE12_ATMI12,1999,8,11.1875
DEPAE12_ATMI12,1999,9,12.06
DEPAE12_ATMI12,1999,10,14.07
DEPAE12_ATMI12,1999,11,16.35
DEPAE12_ATMI12,1999,12,16.36
DEPAE12_ATMI12,2000,1,16.65
DEPAE12_ATMI12,2000,2,15.95
DEPAE12_ATMI12,2000,3,13.98
DEPAE12_ATMI12,2000,4,14.5
DEPAE12_ATMI12,2000,5,15.16
DEPAE12_ATMI12,2000,6,14.025
DEPAE12_ATMI12,2000,7,14.51
DEPAE12_ATMI12,2000,8,15.42
DEPAE12_ATMI12,2000,9,15.35
DEPAE12_ATMI12,2000,10,14.82
DEPAE12_ATMI12,2000,11,13.39
DEPAE12_ATMI12,2000,12,10.6375
DEPAE12_ATMI12,2001,1,9.83
DEPAE12_ATMI12,2001,2,8.95
DEPAE12_ATMI12,2001,3,9.7875
DEPAE12_ATMI12,2001,4,10.1625
DEPAE12_ATMI12,2001,5,9.42
DEPAE12_ATMI12,2001,6,9.9375
DEPAE12_ATMI12,2001,7,10.725
DEPAE12_ATMI12,2001,8,12.32
DEPAE12_ATMI12,2001,9,12.7
DEPAE12_ATMI12,2001,10,12.83
DEPAE12_ATMI12,2001,11,13.475
DEPAE12_ATMI12,2001,12,13.55
DEPAE12_ATMI12,2002,1,13.52
DEPAE12_ATMI12,2002,2,13.525
DEPAE12_ATMI12,2002,3,12.55
DEPAE12_ATMI12,2002,4,13.3125
DEPAE12_ATMI12,2002,5,14.37
DEPAE12_ATMI12,2002,6,14.75
DEPAE12_ATMI12,2002,7,15.7
DEPAE12_ATMI12,2002,8,17.475
DEPAE12_ATMI12,2002,9,19.48
DEPAE12_ATMI12,2002,10,24.84
DEPAE12_ATMI12,2002,11,30.78
DEPAE12_ATMI12,2002,12,28.86
DEPAE12_ATMI12,2003,1,27.94
DEPAE12_ATMI12,2003,2,24.88
DEPAE12_ATMI12,2003,3,23.8
DEPAE12_ATMI12,2003,4,22.9
DEPAE12_ATMI12,2003,5,18.06
DEPAE12_ATMI12,2003,6,17.85
DEPAE12_ATMI12,2003,7,16.0
DEPAE12_ATMI12,2003,8,16.83
DEPAE12_ATMI12,2003,9,18.31
DEPAE12_ATMI12,2003,10,17.46
DEPAE12_ATMI12,2003,11,18.82
DEPAE12_ATMI12,2003,12,19.12
DEPAE12_ATMI12,2004,1,19.25
DEPAE12_ATMI12,2004,2,17.78
DEPAE12_ATMI12,2004,3,18.45
DEPAE12_ATMI12,2004,4,21.46
DEPAE12_ATMI12,2004,5,20.78
DEPAE12_ATMI12,2004,6,19.27
DEPAE12_ATMI12,2004,7,17.32
DEPAE12_ATMI12,2004,8,17.95
DEPAE12_ATMI12,2004,9,18.11
DEPAE12_ATMI12,2004,10,17.15
DEPAE12_ATMI12,2004,11,16.66
DEPAE12_ATMI12,2004,12,16.58
DEPAE12_ATMI12,2005,1,17.3
DEPAE12_ATMI12,2005,2,16.82
DEPAE12_ATMI12,2005,3,18.45
DEPAE12_ATMI12,2005,4,19.31
DEPAE12_ATMI12,2005,5,17.88
DEPAE12_ATMI12,2005,6,18.45
DEPAE12_ATMI12,2005,7,18.47
DEPAE12_ATMI12,2005,8,17.97
DEPAE12_ATMI12,2005,9,17.62
DEPAE12_ATMI12,2005,10,16.94
DEPAE12_ATMI12,2005,11,15.744
DEPAE12_ATMI12,2005,12,16.46
DEPAE12_ATMI12,2006,1,17.7
DEPAE12_ATMI12,2006,2,15.8775
DEPAE12_ATMI12,2006,3,14.038
DEPAE12_ATMI12,2006,4,14.505
DEPAE12_ATMI12,2006,5,14.678
DEPAE12_ATMI12,2006,6,16.1475
DEPAE12_ATMI12,2006,7,16.0675
DEPAE12_ATMI12,2006,8,16.032
DEPAE12_ATMI12,2006,9,17.4475
DEPAE12_ATMI12,2006,10,20.31
DEPAE12_ATMI12,2006,11,21.615
DEPAE12_ATMI12,2006,12,23.826
DEPAE12_ATMI12,2007,1,24.395
DEPAE12_ATMI12,2007,2,21.79
DEPAE12_ATMI12,2007,3,19.502
DEPAE12_ATMI12,2007,4,18.49
DEPAE12_ATMI12,2007,5,18.1875
DEPAE12_ATMI12,2007,6,18.866
DEPAE12_ATMI12,2007,7,17.87
DEPAE12_ATMI12,2007,8,20.8
DEPAE12_ATMI12,2007,9,26.125
DEPAE12_ATMI12,2007,10,26.95
DEPAE12_ATMI12,2007,11,30.9
DEPAE12_ATMI12,2007,12,35.1666666666667
DEPAE12_ATMI12,2008,1,31.73
DEPAE12_ATMI12,2008,2,28.38
DEPAE12_ATMI12,2008,3,27.98
DEPAE12_ATMI12,2008,4,27.34
DEPAE12_ATMI12,2008,5,28.63
DEPAE12_ATMI12,2008,6,27.5
DEPAE12_ATMI12,2008,7,27.92
DEPAE12_ATMI12,2008,8,25.23
DEPAE12_ATMI12,2008,9,23.5
DEPAE12_ATMI12,2008,10,20.85
DEPAE12_ATMI12,2008,11,20.18
DEPAE12_ATMI12,2008,12,20.8
DEPAE12_ATMI12,2009,1,22.4
DEPAE12_ATMI12,2009,2,22.63
DEPAE12_ATMI12,2009,3,21.0
DEPAE12_ATMI12,2009,4,20.03
DEPAE12_ATMI12,2009,5,18.87
DEPAE12_ATMI12,2009,6,18.87
DEPAE12_ATMI12,2009,7,21.69
DEPAE12_ATMI12,2009,8,20.25
DEPAE12_ATMI12,2009,9,19.8
DEPAE12_ATMI12,2009,10,20.95
DEPAE12_ATMI12,2009,11,20.9
DEPAE12_ATMI12,2009,12,20.6
DEPAE12_ATMI12,2010,1,19.88
DEPAE12_ATMI12,2010,2,17.23
DEPAE12_ATMI12,2010,3,15.9
DEPAE12_ATMI12,2010,4,15.75
DEPAE12_ATMI12,2010,5,16.0
DEPAE12_ATMI12,2010,6,16.28
DEPAE12_ATMI12,2010,7,16.18
DEPAE12_ATMI12,2010,8,17.75
DEPAE12_ATMI12,2010,9,21.0
DEPAE12_ATMI12,2010,10,21.75
DEPAE12_ATMI12,2010,11,24.13
DEPAE12_ATMI12,2010,12,25.6
DEPAE12_ATMI12,2011,1,26.67
DEPAE12_ATMI12,2011,2,29.35
DEPAE12_ATMI12,2011,3,30.8
DEPAE12_ATMI12,2011,4,28.75
DEPAE12_ATMI12,2011,5,27.0
DEPAE12_ATMI12,2011,6,28.4
DEPAE12_ATMI12,2011,7,28.28
DEPAE12_ATMI12,2011,8,27.8
DEPAE12_ATMI12,2011,9,28.75
DEPAE12_ATMI12,2011,10,28.0
DEPAE12_ATMI12,2011,11,27.8
DEPAE12_ATMI12,2011,12,24.63
DEPAE12_ATMI12,2012,1,28.25
DEPAE12_ATMI12,2012,2,29.2
DEPAE12_ATMI12,2012,3,27.0
DEPAE12_ATMI12,2012,4,27.0
DEPAE12_ATMI12,2012,5,25.5
DEPAE12_ATMI12,2012,6,23.5
DEPAE12_ATMI12,2012,7,27.0
DEPAE12_ATMI12,2012,8,33.2
DEPAE12_ATMI12,2012,9,34.0
DEPAE12_ATMI12,2012,10,34.58
DEPAE12_ATMI12,2012,11,35.65
DEPAE12_ATMI12,2012,12,36.18
DEPAE12_ATMI12,2013,1,36.06
DEPAE12_ATMI12,2013,2,32.95
DEPAE12_ATMI12,2013,3,32.75
DEPAE12_ATMI12,2013,4,30.88
DEPAE12_ATMI12,2013,5,29.8
DEPAE12_ATMI12,2013,6,29.88
DEPAE12_ATMI12,2013,7,29.34
DEPAE12_ATMI12,2013,8,28.0
DEPAE12_ATMI12,2013,9,25.73
DEPAE12_ATMI12,2013,10,25.04
DEPAE12_ATMI12,2013,11,25.58
DEPAE12_ATMI12,2013,12,25.63
DEPAE12_ATMI12,2014,1,25.42
DEPAE12_ATMI12,2014,2,25.83
DEPAE12_ATMI12,2014,3,27.08
DEPAE12_ATMI12,2014,4,27.8
DEPAE12_ATMI12,2014,5,27.88
DEPAE12_ATMI12,2014,6,27.28
DEPAE12_ATMI12,2014,7,25.73
DEPAE12_ATMI12,2014,8,22.2
DEPAE12_ATMI12,2014,9,21.75
DEPAE12_ATMI12,2014,10,22.76
DEPAE12_ATMI12,2014,11,24.0
DEPAE12_ATMI12,2014,12,24.75
DEPAE12_ATMI12,2015,1,26.32
DEPAE12_ATMI12,2015,2,27.0
DEPAE12_ATMI12,2015,3,27.5
DEPAE12_ATMI12,2015,4,28.0
DEPAE12_ATMI12,2015,5,28.1
DEPAE12_ATMI12,2015,6,26.88
DEPAE12_ATMI12,2015,7,26.4
DEPAE12_ATMI12,2015,8,26.93
DEPAE12_ATMI12,2015,9,27.38
DEPAE12_ATMI12,2015,10,28.44
DEPAE12_ATMI12,2015,11,33.48
DEPAE12_ATMI12,2015,12,34.2
DEPAE12_ATMI12,2016,1,36.12
DEPAE12_ATMI12,2016,2,38.15
DEPAE12_ATMI12,2020,3,55.39
DEPAE12_ATMI12,2020,4,49.66
DEPAE12_ATMI12,2020,5,48.26
DEPAE12_ATMI12,2020,6,45.23
DEPAE12_ATMI12,2020,7,47.01
DEPAE12_ATMI12,2020,8,54.3
DEPAE12_ATMI12,2020,9,57.15
DEPAE12_ATMI12,2020,10,68.86
DEPAE12_ATMI12,2020,11,76.84
DEPAE12_ATMI12,2020,12,70.89
DEPAE12_ATMI12,2021,1,80.91
DEPAE12_ATMI12,2021,2,80.03
DEPAE12_ATMI12,2021,3,87.28
DEPAE12_ATMI12,2021,4,94.38
DEPAE12_ATMI12,2021,5,99.82
DEPAE12_ATMI12,2021,6,92.09
DEPAE12_ATMI12,2021,7,95.08
DEPAE12_ATMI12,2021,8,94.21
DEPAE12_ATMI12,2021,9,90.15
DEPAE12_ATMI12,2021,10,86.64
DEPAE12_ATMI12,2021,11,82.96
DEPAE12_ATMI12,2021,12,87.03
DEPAE12_ATMI12,2022,1,95.41
DEPAE12_ATMI12,2022,2,96.67
DEPAE12_ATMI12,2022,3,97.36
DEPAE12_ATMI12,2022,4,87.42
DEPAE12_ATMI12,2022,5,87.39
DEPAE12_ATMI12,2022,6,87.33
DEPAE12_ATMI12,2022,7,80.7
DEPAE12_ATMI12,2022,8,80.63
DEPAE12_ATMI12,2022,9,82.02
DEPAE12_ATMI12,2022,10,83.53
DEPAE12_ATMI12,2022,11,83.37
DEPAE12_ATMI12,2022,12,84.9
DEPAE12_ATMI12,2023,1,85.26
DEPAE12_ATMI12,2023,2,83.11
DEPAE12_ATMI12,2023,3,81.41
DEPAE12_ATMI12,2023,4,73.07
DEPAE12_ATMI12,2023,5,55.62
DEPAE12_ATMI12,2023,6,53.38
DEPAE12_ATMI12,2023,7,53.75
DEPAE12_ATMI12,2023,8,51.18
DEPAE12_ATMI12,2023,9,53.08
DEPAE12_ATMI12,2023,10,55.39
DEPAE12_ATMI12,2023,11,56.62
DEPAE12_ATMI12,2023,12,65.65
DEPAE12_ATMI12,2024,1,66.42
DEPAE12_ATMI12,2024,2,59.79
DEPAE12_ATMI12,2024,3,58.51
DEPAE12_ATMI12,2024,4,57.21
DEPAE12_ATMI12,2024,5,56.77
DEPAE12_ATMI12,2024,6,56.22
DEPAE12_ATMI12,2024,7,51.87
DEPAE12_ATMI12,2024,8,52.42
DEPAE12_ATMI12,2024,9,56.29
DEPAE12_ATMI12,2024,10,64.51
DEPAE12_ATMI12,2024,11,70.63
DEPAE12_ATMI12,2024,12,69.94
DEPAE12_ATMI12,2025,1,71.38
DEPAE12_ATMI12,2025,2,73.48
DEPAE12_ATMI12,2025,3,84.43
DEPAE12_ATMI12,2025,4,82.52
DEPAE12_ATMI12,2025,5,75.51
DEPAE12_ATMI12,2025,6,66.06
DEPAE12_ATMI12,2025,7,63.53
DEPAE12_ATMI12,2025,8,61.3
DEPAE12_ATMI12,2025,9,59.23
DEPAE12_ATMI12,2025,10,58.66
DEPAE12_ATMI12,2025,11,60.84
DEPAE12_ATMI12,2025,12,63.23
DEPAE12_ATMI12,2026,1,63.72
DEPAE12_ATMI12,2026,2,63.5
DEPAE12_ATMI12,2026,3,66.64
DEPAE12_ATMI12,2026,4,63.29
DEPAE12_ATMI12,2026,5,60.53
