municipio,data_semeadura,isna_medio,isna_desvio,n_anos,freq_evento_adverso,freq_deficit_faseI,freq_deficit_faseIII,freq_frio_floracao,freq_geada,freq_excesso_faseIV,risco_climatico,produtividade_media_kg_ha,produtividade_desvio_kg_ha,classe_produtividade,pct_anos_cobre_custo,margem_media_rs_ha,risco_economico,score_clima,score_produtividade,score_economico,score_integrado
Anahy,05/02/,0.7493778837860363,0.1166926790381179,27,0.4444444444444444,0.1481481481481481,0.3703703703703703,0.4074074074074074,0.0,0.2222222222222222,Inapto (risco > 40%),3259.204101596609,413.45254351390753,Alta produtividade prevista,50.0,55.25115332226336,Viabilidade intermediária,3,0,1,4
Anahy,05/03/,0.7095964613767664,0.1116797010403957,27,0.3703703703703703,0.2222222222222222,0.1851851851851851,1.0,0.0,0.4444444444444444,Risco climático 40%,3232.978568350648,471.6845821118121,Produtividade prevista intermediária,50.0,58.4080383429654,Mais viável,2,1,0,3
Anahy,15/02/,0.7357809111323024,0.103091857829665,27,0.2962962962962963,0.037037037037037,0.2592592592592592,0.7407407407407407,0.0,0.2592592592592592,Risco climático 30%,3254.8949451432845,406.2367749539332,Alta produtividade prevista,50.0,43.95516455162894,Viabilidade intermediária,1,0,1,2
Anahy,15/03/,0.7163762380807691,0.108367212581462,27,0.4814814814814814,0.2962962962962963,0.2592592592592592,1.0,0.037037037037037,0.5185185185185185,Inapto (risco > 40%),3242.164063756979,396.3562641527142,Alta produtividade prevista,50.0,55.54412288444907,Viabilidade intermediária,3,0,1,4
Anahy,25/02/,0.7100115020839074,0.1088044930523154,27,0.3333333333333333,0.1111111111111111,0.2592592592592592,0.925925925925926,0.0,0.3703703703703703,Risco climático 40%,3243.538913607429,404.93671835857356,Alta produtividade prevista,50.0,54.75938270541096,Viabilidade intermediária,2,0,1,3
Anahy,25/03/,0.7088052239088216,0.1223937912937696,27,0.5555555555555556,0.4814814814814814,0.1481481481481481,1.0,0.1481481481481481,0.4814814814814814,Inapto (risco > 40%),3224.5296778427855,383.3150515075837,Produtividade prevista intermediária,50.0,47.699885185211535,Viabilidade intermediária,3,1,1,5
Assis Chateaubriand,05/02/,0.7121457514299591,0.1251530896324591,27,0.5185185185185185,0.1851851851851851,0.4074074074074074,0.4074074074074074,0.0,0.1851851851851851,Inapto (risco > 40%),3123.4361289829976,514.5277907952618,Produtividade prevista intermediária,50.0,20.84305234071044,Viabilidade intermediária,3,1,1,5
Assis Chateaubriand,05/03/,0.6916828756344694,0.1118963806604964,27,0.4074074074074074,0.2592592592592592,0.2592592592592592,1.0,0.0,0.4074074074074074,Inapto (risco > 40%),3120.540632265542,615.8655590808606,Produtividade prevista intermediária,50.0,26.908694636471434,Viabilidade intermediária,3,1,1,5
Assis Chateaubriand,15/02/,0.7076627827713984,0.1075038457581336,27,0.2962962962962963,0.074074074074074,0.2592592592592592,0.7407407407407407,0.0,0.2222222222222222,Risco climático 30%,3067.014071978156,600.4674170286976,Baixa produtividade prevista,46.2,-9.195684272489425,Menos viável,1,2,2,5
Assis Chateaubriand,15/03/,0.6982641537006857,0.1121031829944386,27,0.6296296296296297,0.5185185185185185,0.1851851851851851,1.0,0.037037037037037,0.4074074074074074,Inapto (risco > 40%),3102.831127107635,586.1157077518908,Baixa produtividade prevista,46.2,9.433475569744528,Menos viável,3,2,2,7
Assis Chateaubriand,25/02/,0.6893497333311531,0.1099295582248046,27,0.3703703703703703,0.2222222222222222,0.1851851851851851,0.8888888888888888,0.0,0.2962962962962963,Risco climático 40%,3108.9533951502517,542.5307447361837,Produtividade prevista intermediária,46.2,24.719024743154343,Viabilidade intermediária,2,1,1,4
Assis Chateaubriand,25/03/,0.6990632357662605,0.1222270136190685,27,0.7037037037037037,0.6296296296296297,0.1481481481481481,1.0,0.1481481481481481,0.4074074074074074,Inapto (risco > 40%),3125.6285395768855,557.4568190107506,Produtividade prevista intermediária,50.0,18.49506956244846,Viabilidade intermediária,3,1,1,5
Boa Vista da Aparecida,05/02/,0.7571704753342134,0.1042118356964033,27,0.4074074074074074,0.2222222222222222,0.2222222222222222,0.5555555555555556,0.0,0.3333333333333333,Inapto (risco > 40%),3260.4016995821667,350.65681171622,Alta produtividade prevista,50.0,56.2908903451288,Mais viável,3,0,0,3
Boa Vista da Aparecida,05/03/,0.7430724633972594,0.0997492252116035,27,0.3703703703703703,0.2592592592592592,0.1481481481481481,1.0,0.0,0.5925925925925926,Risco climático 40%,3310.941075692675,394.49070006324524,Alta produtividade prevista,50.0,88.56363683952107,Mais viável,2,0,0,2
Boa Vista da Aparecida,15/02/,0.7472407744886106,0.0962708530555981,27,0.2222222222222222,0.037037037037037,0.1851851851851851,0.8518518518518519,0.0,0.3333333333333333,Risco climático 30%,3341.900707063746,344.28630772038053,Alta produtividade prevista,50.0,92.29326153229756,Mais viável,1,0,0,1
Boa Vista da Aparecida,15/03/,0.7516551028725231,0.105215305114228,27,0.4444444444444444,0.3333333333333333,0.1111111111111111,1.0,0.037037037037037,0.5555555555555556,Inapto (risco > 40%),3323.660758053751,342.826191323235,Alta produtividade prevista,50.0,83.44712715730415,Mais viável,3,0,0,3
Boa Vista da Aparecida,25/02/,0.7346683293265843,0.0986506700555185,27,0.2592592592592592,0.1851851851851851,0.1111111111111111,0.9629629629629628,0.0,0.4444444444444444,Risco climático 30%,3323.4687694116856,310.83242667594993,Alta produtividade prevista,50.0,96.04146070925982,Mais viável,1,0,0,1
Boa Vista da Aparecida,25/03/,0.7461242747288542,0.1197616320394461,27,0.4814814814814814,0.4074074074074074,0.1111111111111111,1.0,0.1481481481481481,0.5555555555555556,Inapto (risco > 40%),3305.124175311395,339.21915773223975,Alta produtividade prevista,50.0,81.57021762644086,Mais viável,3,0,0,3
Braganey,05/02/,0.7750169967399642,0.1020588779249508,27,0.3333333333333333,0.1481481481481481,0.2222222222222222,0.5185185185185185,0.0,0.2962962962962963,Risco climático 40%,3366.1048745647067,320.02229917190084,Alta produtividade prevista,50.0,79.79143309279267,Mais viável,2,0,0,2
Braganey,05/03/,0.7487224708555713,0.0986556873581582,27,0.3333333333333333,0.2222222222222222,0.1111111111111111,1.0,0.0,0.5925925925925926,Risco climático 40%,3358.5981420561807,389.22264335232353,Alta produtividade prevista,50.0,92.2961628787468,Mais viável,2,0,0,2
Braganey,15/02/,0.763423756721751,0.0927218903440827,27,0.2962962962962963,0.037037037037037,0.2592592592592592,0.8518518518518519,0.0,0.3333333333333333,Risco climático 30%,3395.7293459513135,381.0076112227864,Alta produtividade prevista,50.0,90.31839267571114,Mais viável,1,0,0,1
Braganey,15/03/,0.7566078904766572,0.1004810545849531,27,0.3333333333333333,0.2222222222222222,0.1111111111111111,1.0,0.037037037037037,0.5555555555555556,Risco climático 40%,3348.9461328085677,352.8185439211983,Alta produtividade prevista,50.0,86.25547264126898,Mais viável,2,0,0,2
Braganey,25/02/,0.7429193238747942,0.0974770215229195,27,0.2962962962962963,0.1481481481481481,0.1851851851851851,0.9629629629629628,0.0,0.4444444444444444,Risco climático 30%,3378.969802601038,370.8114362196328,Alta produtividade prevista,50.0,98.19742364499793,Mais viável,1,0,0,1
Braganey,25/03/,0.7499272613639866,0.115788185402448,27,0.4074074074074074,0.3333333333333333,0.1111111111111111,1.0,0.1481481481481481,0.5555555555555556,Inapto (risco > 40%),3328.580529333714,337.8234433594653,Alta produtividade prevista,50.0,79.80896944848763,Mais viável,3,0,0,3
Cafelândia,05/02/,0.7366026160824503,0.1173105635896937,27,0.4444444444444444,0.1851851851851851,0.3703703703703703,0.4074074074074074,0.0,0.1481481481481481,Inapto (risco > 40%),3239.6670544323447,399.9258979763859,Alta produtividade prevista,50.0,50.32282526516606,Viabilidade intermediária,3,0,1,4
Cafelândia,05/03/,0.6978795579441178,0.1108465398763539,27,0.4444444444444444,0.2592592592592592,0.2222222222222222,1.0,0.0,0.4074074074074074,Inapto (risco > 40%),3243.840204626537,466.23351061867714,Alta produtividade prevista,50.0,61.17245210789935,Mais viável,3,0,0,3
Cafelândia,15/02/,0.7222215252492826,0.1028729969288194,27,0.3333333333333333,0.074074074074074,0.2962962962962963,0.7407407407407407,0.0,0.1851851851851851,Risco climático 40%,3233.373896628187,402.5684049205087,Produtividade prevista intermediária,50.0,38.03629858903439,Viabilidade intermediária,2,1,1,4
Cafelândia,15/03/,0.7041147518172529,0.1081771989122183,27,0.4814814814814814,0.2962962962962963,0.2592592592592592,1.0,0.037037037037037,0.5185185185185185,Inapto (risco > 40%),3251.0641624230143,408.18493795019555,Alta produtividade prevista,50.0,56.89392621617405,Mais viável,3,0,0,3
Cafelândia,25/02/,0.6976990419455633,0.1084221259328206,27,0.4074074074074074,0.1481481481481481,0.2962962962962963,0.925925925925926,0.0,0.3333333333333333,Inapto (risco > 40%),3247.271964646299,400.1226852577314,Alta produtividade prevista,50.0,56.22646888276704,Mais viável,3,0,0,3
Cafelândia,25/03/,0.6961101471277615,0.1219852063028276,27,0.5555555555555556,0.4814814814814814,0.1481481481481481,1.0,0.1481481481481481,0.3703703703703703,Inapto (risco > 40%),3239.8274926184513,380.48666782764394,Alta produtividade prevista,50.0,50.60699655463997,Viabilidade intermediária,3,0,1,4
Campo Bonito,05/02/,0.7746723245647215,0.1022053621080676,27,0.3333333333333333,0.1481481481481481,0.2222222222222222,0.5185185185185185,0.0,0.2962962962962963,Risco climático 40%,3372.2834230397984,323.7862374611773,Alta produtividade prevista,50.0,81.17777941559483,Mais viável,2,0,0,2
Campo Bonito,05/03/,0.7482613503434868,0.0988027641994627,27,0.3333333333333333,0.2222222222222222,0.1111111111111111,1.0,0.0,0.5925925925925926,Risco climático 40%,3368.4392508873707,389.1228229250176,Alta produtividade prevista,50.0,94.53422894703546,Mais viável,2,0,0,2
Campo Bonito,15/02/,0.7630902088812243,0.0928599180021125,27,0.2962962962962963,0.037037037037037,0.2592592592592592,0.8518518518518519,0.0,0.3333333333333333,Risco climático 30%,3401.6684533215575,381.0937599104876,Alta produtividade prevista,50.0,91.86876350849982,Mais viável,1,0,0,1
Campo Bonito,15/03/,0.7562647320319797,0.1006027511238373,27,0.3333333333333333,0.2222222222222222,0.1111111111111111,1.0,0.037037037037037,0.5555555555555556,Risco climático 40%,3363.9242069906427,352.1488914744235,Alta produtividade prevista,50.0,89.65726687661865,Mais viável,2,0,0,2
Campo Bonito,25/02/,0.7425153588489667,0.0976013787639225,27,0.2962962962962963,0.1481481481481481,0.1851851851851851,0.9629629629629628,0.0,0.4444444444444444,Risco climático 30%,3387.481627007036,373.46340072511623,Alta produtividade prevista,50.0,100.17301096535886,Mais viável,1,0,0,1
Campo Bonito,25/03/,0.7495703859038966,0.1158908910245871,27,0.4074074074074074,0.3333333333333333,0.1111111111111111,1.0,0.1481481481481481,0.5555555555555556,Inapto (risco > 40%),3345.352691654908,338.89440799012374,Alta produtividade prevista,50.0,83.61838097905014,Mais viável,3,0,0,3
Capitão Leônidas Marques,05/02/,0.7376015574398944,0.1148236618513721,27,0.2962962962962963,0.2222222222222222,0.1481481481481481,0.5185185185185185,0.0,0.4074074074074074,Risco climático 30%,3143.842146541071,648.80518203233,Produtividade prevista intermediária,50.0,20.12281504841671,Viabilidade intermediária,1,1,1,3
Capitão Leônidas Marques,05/03/,0.7446292840523315,0.0885818427538142,27,0.3333333333333333,0.2592592592592592,0.1111111111111111,1.0,0.0,0.5555555555555556,Risco climático 40%,3233.240391391845,583.7417607749983,Produtividade prevista intermediária,53.8,68.50189585353696,Mais viável,2,1,0,3
Capitão Leônidas Marques,15/02/,0.737455018213125,0.094127253314512,27,0.2962962962962963,0.1111111111111111,0.2222222222222222,0.8148148148148148,0.0,0.4074074074074074,Risco climático 30%,3215.8362876411343,636.7319741325757,Produtividade prevista intermediária,50.0,52.40392245667847,Viabilidade intermediária,1,1,1,3
Capitão Leônidas Marques,15/03/,0.757396610128263,0.0912038283209195,27,0.4814814814814814,0.3703703703703703,0.1111111111111111,1.0,0.037037037037037,0.4814814814814814,Inapto (risco > 40%),3217.1446877987396,557.7882219692509,Produtividade prevista intermediária,50.0,50.401952110634255,Viabilidade intermediária,3,1,1,5
Capitão Leônidas Marques,25/02/,0.7328525414600455,0.0929130870927183,27,0.2592592592592592,0.2222222222222222,0.1111111111111111,0.9629629629629628,0.0,0.5185185185185185,Risco climático 30%,3274.123132711393,495.59645297472827,Alta produtividade prevista,46.2,78.42436112051051,Mais viável,1,0,0,1
Capitão Leônidas Marques,25/03/,0.7584358204781867,0.1077519170572786,27,0.5185185185185185,0.4814814814814814,0.074074074074074,1.0,0.1851851851851851,0.5925925925925926,Inapto (risco > 40%),3232.0013596684475,592.9740747047522,Produtividade prevista intermediária,53.8,63.39703085433491,Mais viável,3,1,0,4
Cascavel,05/02/,0.7693786822379942,0.1016173243603964,27,0.3333333333333333,0.1481481481481481,0.2222222222222222,0.5185185185185185,0.0,0.2962962962962963,Risco climático 40%,3365.0667568560148,355.5049088701428,Alta produtividade prevista,50.0,78.02433717429996,Mais viável,2,0,0,2
Cascavel,05/03/,0.7469445789893377,0.0963326827484882,27,0.3333333333333333,0.2222222222222222,0.1111111111111111,1.0,0.0,0.5925925925925926,Risco climático 40%,3381.329356439191,397.58208526479,Alta produtividade prevista,50.0,95.86078329479189,Mais viável,2,0,0,2
Cascavel,15/02/,0.7584233851814239,0.0910195884039641,27,0.2962962962962963,0.037037037037037,0.2592592592592592,0.8518518518518519,0.0,0.3333333333333333,Risco climático 30%,3398.249201356796,397.0108684374167,Alta produtividade prevista,50.0,91.01565727657642,Mais viável,1,0,0,1
Cascavel,15/03/,0.7538578906509842,0.0979898937658732,27,0.3333333333333333,0.2222222222222222,0.1111111111111111,1.0,0.037037037037037,0.5925925925925926,Risco climático 40%,3384.8196955938747,375.99928592485446,Alta produtividade prevista,50.0,95.2303043363631,Mais viável,2,0,0,2
Cascavel,25/02/,0.7400430828606211,0.0958472604838534,27,0.2592592592592592,0.1481481481481481,0.1481481481481481,0.9629629629629628,0.0,0.4444444444444444,Risco climático 30%,3405.620391161045,382.0450526056972,Alta produtividade prevista,50.0,104.05224098926276,Mais viável,1,0,0,1
Cascavel,25/03/,0.7488311875001863,0.114201501355666,27,0.4074074074074074,0.3703703703703703,0.074074074074074,1.0,0.1481481481481481,0.5555555555555556,Inapto (risco > 40%),3378.3279614564462,352.8897452392822,Alta produtividade prevista,50.0,93.08754859791652,Mais viável,3,0,0,3
Catanduvas,05/02/,0.7784912185788306,0.1016497517187727,27,0.3333333333333333,0.1481481481481481,0.2222222222222222,0.5185185185185185,0.0,0.2962962962962963,Risco climático 40%,3400.938954915168,319.38239111372917,Alta produtividade prevista,50.0,90.94223597515904,Mais viável,2,0,0,2
Catanduvas,05/03/,0.7542836333084773,0.0969021991687501,27,0.3333333333333333,0.2222222222222222,0.1111111111111111,1.0,0.0,0.6296296296296297,Risco climático 40%,3395.4196595695853,384.9251612577065,Alta produtividade prevista,50.0,101.05320687329304,Mais viável,2,0,0,2
Catanduvas,15/02/,0.7678353843316913,0.0913229357238973,27,0.2962962962962963,0.037037037037037,0.2592592592592592,0.8518518518518519,0.0,0.3333333333333333,Risco climático 30%,3427.0191184730406,377.48254075678585,Alta produtividade prevista,50.0,99.51844285153658,Mais viável,1,0,0,1
Catanduvas,15/03/,0.7622109327481338,0.0981148310458775,27,0.3333333333333333,0.2222222222222222,0.1111111111111111,1.0,0.037037037037037,0.5925925925925926,Risco climático 40%,3385.463696234385,353.140928708334,Alta produtividade prevista,50.0,96.62841686834804,Mais viável,2,0,0,2
Catanduvas,25/02/,0.7486297998838322,0.0963385492468184,27,0.2592592592592592,0.1481481481481481,0.1481481481481481,0.9629629629629628,0.0,0.4814814814814814,Risco climático 30%,3414.119399583608,369.4934021367622,Alta produtividade prevista,50.0,106.97328058441684,Mais viável,1,0,0,1
Catanduvas,25/03/,0.7567560943570096,0.1141221678779873,27,0.4074074074074074,0.3333333333333333,0.1111111111111111,1.0,0.1481481481481481,0.5925925925925926,Inapto (risco > 40%),3367.5185790399564,344.2554323831227,Alta produtividade prevista,50.0,91.45885381909908,Mais viável,3,0,0,3
Corbélia,05/02/,0.7473366087974344,0.1167847648290243,27,0.4444444444444444,0.1481481481481481,0.3703703703703703,0.4074074074074074,0.0,0.2222222222222222,Inapto (risco > 40%),3261.8048139187354,408.92589702468274,Alta produtividade prevista,50.0,56.09776731515426,Mais viável,3,0,0,3
Corbélia,05/03/,0.7076953512032427,0.1116114609732139,27,0.3703703703703703,0.2222222222222222,0.1851851851851851,1.0,0.0,0.4444444444444444,Risco climático 40%,3249.4247725041705,470.3602152078763,Alta produtividade prevista,50.0,62.1258753226659,Mais viável,2,0,0,2
Corbélia,15/02/,0.7336000929667233,0.1030815449990766,27,0.2962962962962963,0.074074074074074,0.2592592592592592,0.7407407407407407,0.0,0.2592592592592592,Risco climático 30%,3259.840685288991,405.0967296059113,Alta produtividade prevista,50.0,45.34025395950611,Viabilidade intermediária,1,0,1,2
Corbélia,15/03/,0.7145295133901824,0.1082198363747604,27,0.4814814814814814,0.2962962962962963,0.2592592592592592,1.0,0.037037037037037,0.5185185185185185,Inapto (risco > 40%),3263.090646899645,395.72284993131075,Alta produtividade prevista,50.0,60.07903967538333,Mais viável,3,0,0,3
Corbélia,25/02/,0.707974400308145,0.1087072479898137,27,0.3703703703703703,0.1111111111111111,0.2962962962962963,0.925925925925926,0.0,0.3703703703703703,Risco climático 40%,3258.373695237173,403.79817133337326,Alta produtividade prevista,50.0,58.71215727568448,Mais viável,2,0,0,2
Corbélia,25/03/,0.7068008541913229,0.1223578582632227,27,0.5555555555555556,0.4814814814814814,0.1481481481481481,1.0,0.1481481481481481,0.4814814814814814,Inapto (risco > 40%),3243.6035219792184,379.25228067914856,Alta produtividade prevista,50.0,52.08029737806597,Viabilidade intermediária,3,0,1,4
Céu Azul,05/02/,0.7326195426621467,0.1189392537306219,27,0.3333333333333333,0.1851851851851851,0.2222222222222222,0.5185185185185185,0.0,0.3333333333333333,Risco climático 40%,3226.2392171500956,506.0895009819904,Produtividade prevista intermediária,50.0,42.53326051791351,Viabilidade intermediária,2,1,1,4
Céu Azul,05/03/,0.7313249466905272,0.09548349731933,27,0.3703703703703703,0.2962962962962963,0.1481481481481481,1.0,0.0,0.5185185185185185,Risco climático 40%,3286.372866430226,497.10906218588906,Alta produtividade prevista,50.0,79.21280477293924,Mais viável,2,0,0,2
Céu Azul,15/02/,0.7321453356260016,0.097410978126033,27,0.2592592592592592,0.1111111111111111,0.1851851851851851,0.8518518518518519,0.0,0.3703703703703703,Risco climático 30%,3228.8573794916333,519.8831693282406,Produtividade prevista intermediária,50.0,45.26526933482091,Viabilidade intermediária,1,1,1,3
Céu Azul,15/03/,0.7403247117966058,0.0983623772755646,27,0.5555555555555556,0.4444444444444444,0.1111111111111111,1.0,0.037037037037037,0.5185185185185185,Inapto (risco > 40%),3273.528482984355,470.8892732975179,Alta produtividade prevista,46.2,62.02274598475257,Mais viável,3,0,0,3
Céu Azul,25/02/,0.7236931136665788,0.098314623177204,27,0.2962962962962963,0.2222222222222222,0.1481481481481481,0.9629629629629628,0.0,0.4074074074074074,Risco climático 30%,3267.296940008811,464.2970234439204,Alta produtividade prevista,50.0,72.47302241814151,Mais viável,1,0,0,1
Céu Azul,25/03/,0.7413706820309821,0.1159364646913693,27,0.6296296296296297,0.5925925925925926,0.1111111111111111,1.0,0.1851851851851851,0.5555555555555556,Inapto (risco > 40%),3234.337909103004,456.9715716279871,Produtividade prevista intermediária,50.0,55.31271656307414,Viabilidade intermediária,3,1,1,5
Diamante D'Oeste,05/02/,0.6725791217487554,0.1404638252627179,27,0.4814814814814814,0.2592592592592592,0.4074074074074074,0.2222222222222222,0.0,0.2592592592592592,Inapto (risco > 40%),2847.732436879439,569.0973710498206,Baixa produtividade prevista,42.3,-57.76269267923424,Menos viável,3,2,2,7
Diamante D'Oeste,05/03/,0.6850264488333935,0.1138339290514844,27,0.4444444444444444,0.3703703703703703,0.1851851851851851,0.925925925925926,0.0,0.4444444444444444,Inapto (risco > 40%),2931.331285909794,653.9195103835634,Baixa produtividade prevista,46.2,-21.27095191534859,Menos viável,3,2,2,7
Diamante D'Oeste,15/02/,0.6753336280949022,0.1191067434224431,27,0.4074074074074074,0.1481481481481481,0.2962962962962963,0.4814814814814814,0.0,0.3333333333333333,Inapto (risco > 40%),2903.13681971817,593.0449039031029,Baixa produtividade prevista,46.2,-38.03566156205201,Menos viável,3,2,2,7
Diamante D'Oeste,15/03/,0.7042963443197316,0.1098182330519057,27,0.7037037037037037,0.5185185185185185,0.1851851851851851,1.0,0.0,0.4814814814814814,Inapto (risco > 40%),2884.566704793885,560.7816630401484,Baixa produtividade prevista,46.2,-53.34405187456785,Menos viável,3,2,2,7
Diamante D'Oeste,25/02/,0.6714475147844282,0.1147763135401152,27,0.4074074074074074,0.2962962962962963,0.1851851851851851,0.7777777777777778,0.0,0.3703703703703703,Inapto (risco > 40%),2882.384842235164,597.440576985882,Baixa produtividade prevista,46.2,-29.35734053528637,Menos viável,3,2,2,7
Diamante D'Oeste,25/03/,0.7122999577748649,0.1239961966175386,27,0.7777777777777778,0.7407407407407407,0.1111111111111111,1.0,0.0,0.4444444444444444,Inapto (risco > 40%),2947.003902803163,566.3550358162327,Baixa produtividade prevista,42.3,-24.11805541939984,Menos viável,3,2,2,7
Diamante do Sul,05/02/,0.7865006425967768,0.0986608237318847,27,0.3333333333333333,0.1481481481481481,0.2222222222222222,0.5925925925925926,0.037037037037037,0.2962962962962963,Risco climático 40%,3402.397197445286,261.13234332021847,Alta produtividade prevista,50.0,93.77873667979968,Mais viável,2,0,0,2
Diamante do Sul,05/03/,0.7519850485996757,0.1062485579578874,27,0.2962962962962963,0.1851851851851851,0.1111111111111111,1.0,0.037037037037037,0.6296296296296297,Risco climático 30%,3386.3235637893736,341.00565327185257,Alta produtividade prevista,50.0,98.36201512290184,Mais viável,1,0,0,1
Diamante do Sul,15/02/,0.7733917255924263,0.0906534499789454,27,0.2592592592592592,0.0,0.2592592592592592,0.8518518518518519,0.037037037037037,0.3333333333333333,Risco climático 30%,3436.3617278992424,327.45079139486717,Alta produtividade prevista,50.0,104.3394350910862,Mais viável,1,0,0,1
Diamante do Sul,15/03/,0.7553618902848377,0.1046329687328264,27,0.3703703703703703,0.2592592592592592,0.1111111111111111,1.0,0.074074074074074,0.5925925925925926,Risco climático 40%,3361.4442684915434,297.74671117381206,Alta produtividade prevista,50.0,88.64601258938828,Mais viável,2,0,0,2
Diamante do Sul,25/02/,0.7518248356174089,0.09822140529464,27,0.3333333333333333,0.1481481481481481,0.1851851851851851,0.9629629629629628,0.037037037037037,0.4074074074074074,Risco climático 40%,3398.627760808938,327.4225124486017,Alta produtividade prevista,50.0,99.88103950332506,Mais viável,2,0,0,2
Diamante do Sul,25/03/,0.7505724164063592,0.1194022968498987,27,0.4444444444444444,0.3703703703703703,0.1111111111111111,1.0,0.1851851851851851,0.5925925925925926,Inapto (risco > 40%),3340.3466653312325,284.3830969532746,Alta produtividade prevista,50.0,81.1764650422135,Mais viável,3,0,0,3
Entre Rios do Oeste,05/02/,0.670608836434018,0.1352887915620564,27,0.5555555555555556,0.2592592592592592,0.4814814814814814,0.1481481481481481,0.0,0.1481481481481481,Inapto (risco > 40%),2891.9934646475035,612.2513636830874,Baixa produtividade prevista,46.2,-46.22677735507552,Menos viável,3,2,2,7
Entre Rios do Oeste,05/03/,0.6647078922010426,0.1205975342705338,27,0.5185185185185185,0.4814814814814814,0.2222222222222222,0.925925925925926,0.0,0.3703703703703703,Inapto (risco > 40%),2962.9889874693645,619.3418774708641,Baixa produtividade prevista,50.0,-12.405287231728003,Menos viável,3,2,2,7
Entre Rios do Oeste,15/02/,0.6742949522972731,0.1187660251113539,27,0.3333333333333333,0.074074074074074,0.2962962962962963,0.4814814814814814,0.0,0.2222222222222222,Risco climático 40%,2907.327841791437,630.8393280156756,Baixa produtividade prevista,46.2,-39.19141465803576,Menos viável,2,2,2,6
Entre Rios do Oeste,15/03/,0.6757579894738112,0.1185876518580209,27,0.7037037037037037,0.5925925925925926,0.1481481481481481,1.0,0.0,0.2592592592592592,Inapto (risco > 40%),2897.794510167976,534.613228854736,Baixa produtividade prevista,42.3,-52.400984457603386,Menos viável,3,2,2,7
Entre Rios do Oeste,25/02/,0.6600834183685463,0.1202734418910496,27,0.4444444444444444,0.2592592592592592,0.2592592592592592,0.7777777777777778,0.0,0.2962962962962963,Inapto (risco > 40%),2975.2277180565106,601.4090980157553,Baixa produtividade prevista,46.2,-3.623083037550067,Menos viável,3,2,2,7
Entre Rios do Oeste,25/03/,0.6836398239872663,0.1242487011671187,27,0.7407407407407407,0.6666666666666666,0.1481481481481481,1.0,0.0,0.3703703703703703,Inapto (risco > 40%),2953.701379571287,585.2085515929973,Baixa produtividade prevista,42.3,-25.615655521828103,Menos viável,3,2,2,7
Formosa do Oeste,05/02/,0.7349893275277244,0.1174309023281426,27,0.4814814814814814,0.1851851851851851,0.4074074074074074,0.4074074074074074,0.0,0.1481481481481481,Inapto (risco > 40%),3213.8569160700026,400.00580633851536,Produtividade prevista intermediária,50.0,43.874720410986725,Viabilidade intermediária,3,1,1,5
Formosa do Oeste,05/03/,0.6966582932730057,0.1105926960973666,27,0.4444444444444444,0.2592592592592592,0.2222222222222222,1.0,0.0,0.4074074074074074,Inapto (risco > 40%),3192.2813238339118,454.0347456049433,Produtividade prevista intermediária,50.0,48.61720902490856,Viabilidade intermediária,3,1,1,5
Formosa do Oeste,15/02/,0.7205828513635459,0.1027630829809282,27,0.2962962962962963,0.074074074074074,0.2592592592592592,0.7407407407407407,0.0,0.1851851851851851,Risco climático 30%,3196.6067780990447,397.105667775394,Produtividade prevista intermediária,50.0,28.52920120041265,Viabilidade intermediária,1,1,1,3
Formosa do Oeste,15/03/,0.7023875524916547,0.1083266847469085,27,0.4814814814814814,0.2962962962962963,0.2592592592592592,1.0,0.037037037037037,0.4814814814814814,Inapto (risco > 40%),3196.5299083538725,404.12306011717556,Produtividade prevista intermediária,50.0,44.47169921968559,Viabilidade intermediária,3,1,1,5
Formosa do Oeste,25/02/,0.6963297178385169,0.1085598912305776,27,0.4074074074074074,0.1481481481481481,0.2962962962962963,0.925925925925926,0.0,0.3333333333333333,Inapto (risco > 40%),3202.203611566251,392.3058669830339,Produtividade prevista intermediária,50.0,45.70140942113783,Viabilidade intermediária,3,1,1,5
Formosa do Oeste,25/03/,0.694511795744387,0.1219376761870474,27,0.5555555555555556,0.4814814814814814,0.1481481481481481,1.0,0.1481481481481481,0.3703703703703703,Inapto (risco > 40%),3188.2090401479113,375.5430998450093,Produtividade prevista intermediária,50.0,39.08191279569736,Viabilidade intermediária,3,1,1,5
Foz do Iguaçu,05/02/,0.6456509609891825,0.1302578151324777,27,0.5185185185185185,0.2592592592592592,0.4444444444444444,0.4444444444444444,0.0,0.2592592592592592,Inapto (risco > 40%),2950.1082303995213,721.6516919423332,Baixa produtividade prevista,46.2,-32.1741652041023,Menos viável,3,2,2,7
Foz do Iguaçu,05/03/,0.6640004914891117,0.0975813792455261,27,0.6296296296296297,0.5185185185185185,0.2962962962962963,0.9629629629629628,0.0,0.2592592592592592,Inapto (risco > 40%),3198.9094795549117,616.6701075616508,Produtividade prevista intermediária,50.0,65.1048833395074,Mais viável,3,1,0,4
Foz do Iguaçu,15/02/,0.6467748365856786,0.1072235901142674,27,0.4814814814814814,0.1851851851851851,0.3703703703703703,0.7407407407407407,0.0,0.2592592592592592,Inapto (risco > 40%),3068.028718556969,705.6633851251484,Baixa produtividade prevista,46.2,21.012071349304147,Viabilidade intermediária,3,2,1,6
Foz do Iguaçu,15/03/,0.689531941962335,0.0979806697631545,27,0.6666666666666666,0.5185185185185185,0.1851851851851851,1.0,0.037037037037037,0.4074074074074074,Inapto (risco > 40%),3162.393210109666,600.5228857590854,Produtividade prevista intermediária,46.2,36.7452838234381,Viabilidade intermediária,3,1,1,5
Foz do Iguaçu,25/02/,0.6503721144387202,0.0986435041349028,27,0.5555555555555556,0.4444444444444444,0.2592592592592592,0.8888888888888888,0.0,0.3333333333333333,Inapto (risco > 40%),3191.743283405202,615.7590965458264,Produtividade prevista intermediária,50.0,66.13765879128337,Mais viável,3,1,0,4
Foz do Iguaçu,25/03/,0.6964514592986083,0.1167491378793419,27,0.7037037037037037,0.6296296296296297,0.1111111111111111,1.0,0.1111111111111111,0.4074074074074074,Inapto (risco > 40%),3149.1522336959924,652.1503658828906,Produtividade prevista intermediária,50.0,41.84661460382626,Viabilidade intermediária,3,1,1,5
Guaraniaçu,05/02/,0.7802500226320619,0.1019950446841577,27,0.3333333333333333,0.1481481481481481,0.2222222222222222,0.5185185185185185,0.0,0.2962962962962963,Risco climático 40%,3394.477472352792,317.8366350701548,Alta produtividade prevista,50.0,88.75679692550742,Mais viável,2,0,0,2
Guaraniaçu,05/03/,0.7541153824807146,0.0975624513746745,27,0.3333333333333333,0.2222222222222222,0.1111111111111111,1.0,0.0,0.6296296296296297,Risco climático 40%,3383.099858395218,388.97624859426617,Alta produtividade prevista,50.0,97.60716112516955,Mais viável,2,0,0,2
Guaraniaçu,15/02/,0.7691029003139184,0.0915355544051,27,0.2962962962962963,0.037037037037037,0.2592592592592592,0.8518518518518519,0.0,0.3703703703703703,Risco climático 30%,3425.4881266526913,379.60729659452,Alta produtividade prevista,50.0,99.05541564955068,Mais viável,1,0,0,1
Guaraniaçu,15/03/,0.7626763156889017,0.0985653594647989,27,0.3333333333333333,0.2222222222222222,0.1111111111111111,1.0,0.037037037037037,0.6296296296296297,Risco climático 40%,3378.672880045878,349.47753137555986,Alta produtividade prevista,50.0,94.0570567264286,Mais viável,2,0,0,2
Guaraniaçu,25/02/,0.7492046239453259,0.0966724347293708,27,0.2592592592592592,0.1481481481481481,0.1481481481481481,0.9629629629629628,0.0,0.4814814814814814,Risco climático 30%,3404.0905150652716,378.1128418191548,Alta produtividade prevista,50.0,103.8360740223762,Mais viável,1,0,0,1
Guaraniaçu,25/03/,0.757137063845996,0.114446776324186,27,0.4074074074074074,0.3333333333333333,0.1111111111111111,1.0,0.1481481481481481,0.5925925925925926,Inapto (risco > 40%),3359.431752083506,337.8700771774006,Alta produtividade prevista,50.0,89.23502984619378,Mais viável,3,0,0,3
Guaíra,05/02/,0.6842628881325848,0.129102353003115,27,0.5185185185185185,0.1851851851851851,0.4074074074074074,0.2962962962962963,0.0,0.1481481481481481,Inapto (risco > 40%),2979.3959394204335,593.659263284252,Baixa produtividade prevista,46.2,-12.955408010826668,Menos viável,3,2,2,7
Guaíra,05/03/,0.6670434774651709,0.1326764118577854,27,0.5185185185185185,0.4444444444444444,0.2592592592592592,0.9629629629629628,0.0,0.3703703703703703,Inapto (risco > 40%),2978.9629397832477,602.2619712689931,Baixa produtividade prevista,50.0,-5.691367236959274,Menos viável,3,2,2,7
Guaíra,15/02/,0.6794023554896452,0.1199752685957056,27,0.3333333333333333,0.074074074074074,0.3333333333333333,0.6296296296296297,0.0,0.1851851851851851,Risco climático 40%,2942.26396170324,557.473697374314,Baixa produtividade prevista,50.0,-29.29927453207177,Menos viável,2,2,2,6
Guaíra,15/03/,0.6703048887647804,0.1306361312861411,27,0.6296296296296297,0.5555555555555556,0.1851851851851851,1.0,0.0,0.2962962962962963,Inapto (risco > 40%),2938.4624526085236,515.5340652929283,Baixa produtividade prevista,42.3,-25.39528280520145,Menos viável,3,2,2,7
Guaíra,25/02/,0.6636133264725662,0.130002577609979,27,0.4444444444444444,0.2592592592592592,0.2592592592592592,0.8148148148148148,0.0,0.3703703703703703,Inapto (risco > 40%),2977.800305123496,618.1959289224653,Baixa produtividade prevista,50.0,-6.061774246669048,Menos viável,3,2,2,7
Guaíra,25/03/,0.675307746797194,0.1333263961892099,27,0.6666666666666666,0.6296296296296297,0.1481481481481481,1.0,0.0,0.3333333333333333,Inapto (risco > 40%),3014.6938828201555,532.4178126954166,Baixa produtividade prevista,46.2,4.50095640302576,Menos viável,3,2,2,7
Ibema,05/02/,0.7748101236789068,0.1017681978561257,27,0.3333333333333333,0.1481481481481481,0.2222222222222222,0.5185185185185185,0.0,0.2962962962962963,Risco climático 40%,3386.4725706500003,335.1502496708354,Alta produtividade prevista,50.0,85.78668793132076,Mais viável,2,0,0,2
Ibema,05/03/,0.7511250351360975,0.0968123332523061,27,0.3333333333333333,0.2222222222222222,0.1111111111111111,1.0,0.0,0.6296296296296297,Risco climático 40%,3390.616089337122,391.00019577704626,Alta produtividade prevista,50.0,98.80025141498793,Mais viável,2,0,0,2
Ibema,15/02/,0.763993496390163,0.0913544095708773,27,0.2962962962962963,0.037037037037037,0.2592592592592592,0.8518518518518519,0.0,0.3333333333333333,Risco climático 30%,3413.9271836589764,387.8656131311691,Alta produtividade prevista,50.0,95.98414107005556,Mais viável,1,0,0,1
Ibema,15/03/,0.7588328656519933,0.098193934891794,27,0.3333333333333333,0.2222222222222222,0.1111111111111111,1.0,0.037037037037037,0.5925925925925926,Risco climático 40%,3386.8995611121186,361.2719533997801,Alta produtividade prevista,50.0,96.57945857227033,Mais viável,2,0,0,2
Ibema,25/02/,0.7451315270622002,0.0962421490292281,27,0.2592592592592592,0.1481481481481481,0.1481481481481481,0.9629629629629628,0.0,0.4814814814814814,Risco climático 30%,3410.841034308547,377.3282821141975,Alta produtividade prevista,50.0,106.34048636722726,Mais viável,1,0,0,1
Ibema,25/03/,0.7535101742285151,0.1142188311998169,27,0.4074074074074074,0.3333333333333333,0.1111111111111111,1.0,0.1481481481481481,0.5555555555555556,Inapto (risco > 40%),3373.1407102931125,348.6432386775169,Alta produtividade prevista,50.0,92.23588620952904,Mais viável,3,0,0,3
Iguatu,05/02/,0.7520861418483235,0.1164776281925608,27,0.4444444444444444,0.1481481481481481,0.3703703703703703,0.4074074074074074,0.0,0.2222222222222222,Inapto (risco > 40%),3267.6949231870717,414.1894830002033,Alta produtividade prevista,50.0,57.23703130021614,Mais viável,3,0,0,3
Iguatu,05/03/,0.7120026447441471,0.1119467841179686,27,0.3333333333333333,0.1851851851851851,0.1851851851851851,1.0,0.0,0.4444444444444444,Risco climático 40%,3240.4812403743917,473.94619382315517,Alta produtividade prevista,50.0,60.60838844027248,Mais viável,2,0,0,2
Iguatu,15/02/,0.7387714699308018,0.1030928376301621,27,0.2962962962962963,0.037037037037037,0.2592592592592592,0.7407407407407407,0.0,0.2962962962962963,Risco climático 30%,3266.1665990447427,409.45866933161136,Alta produtividade prevista,50.0,47.11172090581621,Viabilidade intermediária,1,0,1,2
Iguatu,15/03/,0.7187056881964966,0.10891636267495,27,0.4444444444444444,0.2962962962962963,0.2222222222222222,1.0,0.037037037037037,0.5185185185185185,Inapto (risco > 40%),3250.179722805617,397.56281689306314,Alta produtividade prevista,50.0,57.70353604707972,Mais viável,3,0,0,3
Iguatu,25/02/,0.7127013588256754,0.109067960648746,27,0.3333333333333333,0.1111111111111111,0.2592592592592592,0.925925925925926,0.0,0.3703703703703703,Risco climático 40%,3249.8866327281544,408.2659201635109,Alta produtividade prevista,50.0,56.33682614962952,Mais viável,2,0,0,2
Iguatu,25/03/,0.7115496578421684,0.1225867666802412,27,0.5185185185185185,0.4444444444444444,0.1481481481481481,1.0,0.1481481481481481,0.4444444444444444,Inapto (risco > 40%),3228.874060710924,379.7031622680461,Produtividade prevista intermediária,50.0,48.90307062611718,Viabilidade intermediária,3,1,1,5
Iracema do Oeste,05/02/,0.7347737080776653,0.1174130635017993,27,0.4814814814814814,0.1851851851851851,0.4074074074074074,0.4074074074074074,0.0,0.1481481481481481,Inapto (risco > 40%),3222.56682817161,397.55664413828885,Produtividade prevista intermediária,50.0,45.84385692928102,Viabilidade intermediária,3,1,1,5
Iracema do Oeste,05/03/,0.6963608670398883,0.1106456604301704,27,0.4444444444444444,0.2592592592592592,0.2222222222222222,1.0,0.0,0.4074074074074074,Inapto (risco > 40%),3209.9417258267854,458.27305911506306,Produtividade prevista intermediária,50.0,53.123561337292976,Viabilidade intermediária,3,1,1,5
Iracema do Oeste,15/02/,0.7203413058412965,0.1027707999862205,27,0.2962962962962963,0.074074074074074,0.2592592592592592,0.7407407407407407,0.0,0.1851851851851851,Risco climático 30%,3208.0966200373796,398.2069764452128,Produtividade prevista intermediária,50.0,31.26673452614429,Viabilidade intermediária,1,1,1,3
Iracema do Oeste,15/03/,0.702186966014458,0.1083293541002578,27,0.4814814814814814,0.2962962962962963,0.2592592592592592,1.0,0.037037037037037,0.4814814814814814,Inapto (risco > 40%),3215.156938197086,403.8504911603094,Produtividade prevista intermediária,50.0,48.42607936184552,Viabilidade intermediária,3,1,1,5
Iracema do Oeste,25/02/,0.6960652195693321,0.1085542037833555,27,0.4074074074074074,0.1481481481481481,0.2962962962962963,0.925925925925926,0.0,0.3333333333333333,Inapto (risco > 40%),3216.3347419824363,394.2300505742478,Produtividade prevista intermediária,50.0,48.75750025589245,Viabilidade intermediária,3,1,1,5
Iracema do Oeste,25/03/,0.6942882644790394,0.121953834703104,27,0.5555555555555556,0.4814814814814814,0.1851851851851851,1.0,0.1481481481481481,0.3703703703703703,Inapto (risco > 40%),3205.932343320855,377.9543706993982,Produtividade prevista intermediária,50.0,43.02908995235244,Viabilidade intermediária,3,1,1,5
Itaipulândia,05/02/,0.6553970683535913,0.1374706292888312,27,0.5185185185185185,0.2592592592592592,0.4444444444444444,0.2222222222222222,0.0,0.2222222222222222,Inapto (risco > 40%),2823.9001196751055,593.000336201586,Baixa produtividade prevista,42.3,-62.949290800974985,Menos viável,3,2,2,7
Itaipulândia,05/03/,0.6682330332641668,0.1111484393435729,27,0.5555555555555556,0.4074074074074074,0.2592592592592592,0.925925925925926,0.0,0.3703703703703703,Inapto (risco > 40%),2919.876113700932,657.9497611440546,Baixa produtividade prevista,46.2,-20.38098821432808,Menos viável,3,2,2,7
Itaipulândia,15/02/,0.6587776398023449,0.1148595896664594,27,0.4074074074074074,0.1481481481481481,0.2962962962962963,0.4814814814814814,0.0,0.2222222222222222,Inapto (risco > 40%),2870.794229813298,610.2629936245396,Baixa produtividade prevista,46.2,-43.35980283576772,Menos viável,3,2,2,7
Itaipulândia,15/03/,0.6873748312987056,0.1090909884591387,27,0.7037037037037037,0.5555555555555556,0.1851851851851851,1.0,0.0,0.4074074074074074,Inapto (risco > 40%),2867.8183350813983,593.2738650504915,Baixa produtividade prevista,46.2,-52.324655372634645,Menos viável,3,2,2,7
Itaipulândia,25/02/,0.6568726971726491,0.1113283654472642,27,0.4444444444444444,0.3333333333333333,0.2222222222222222,0.7777777777777778,0.0,0.2962962962962963,Inapto (risco > 40%),2881.239796858395,596.524583609056,Baixa produtividade prevista,46.2,-27.58764815186657,Menos viável,3,2,2,7
Itaipulândia,25/03/,0.6978257961538197,0.1224449576924722,27,0.7777777777777778,0.7407407407407407,0.1111111111111111,1.0,0.0,0.3333333333333333,Inapto (risco > 40%),2935.80428665549,587.698769984905,Baixa produtividade prevista,42.3,-25.614678496106556,Menos viável,3,2,2,7
Jesuítas,05/02/,0.7367959649254892,0.1173574701985914,27,0.4444444444444444,0.1851851851851851,0.3703703703703703,0.4074074074074074,0.0,0.1481481481481481,Inapto (risco > 40%),3222.903983273151,402.52462560317156,Produtividade prevista intermediária,50.0,45.566311063091725,Viabilidade intermediária,3,1,1,5
Jesuítas,05/03/,0.6982077712546247,0.1107533653056234,27,0.4444444444444444,0.2592592592592592,0.2222222222222222,1.0,0.0,0.4074074074074074,Inapto (risco > 40%),3207.9197094173946,460.5782378239623,Produtividade prevista intermediária,50.0,52.50286191941877,Viabilidade intermediária,3,1,1,5
Jesuítas,15/02/,0.7224205090062198,0.1028504409122772,27,0.2962962962962963,0.074074074074074,0.2592592592592592,0.7407407407407407,0.0,0.1851851851851851,Risco climático 30%,3208.120242716878,401.6962643151296,Produtividade prevista intermediária,50.0,30.97922445696357,Viabilidade intermediária,1,1,1,3
Jesuítas,15/03/,0.7042952869668655,0.1082031668297551,27,0.4814814814814814,0.2962962962962963,0.2592592592592592,1.0,0.037037037037037,0.5185185185185185,Inapto (risco > 40%),3213.719161305364,405.1245117897855,Produtividade prevista intermediária,50.0,48.53806813125789,Viabilidade intermediária,3,1,1,5
Jesuítas,25/02/,0.6980183959318849,0.1084685618076305,27,0.4074074074074074,0.1481481481481481,0.2962962962962963,0.925925925925926,0.0,0.3333333333333333,Inapto (risco > 40%),3214.930842796462,398.5745724872818,Produtividade prevista intermediária,50.0,48.30173852036858,Viabilidade intermediária,3,1,1,5
Jesuítas,25/03/,0.6962902905294324,0.1219568930303745,27,0.5555555555555556,0.4814814814814814,0.1481481481481481,1.0,0.1481481481481481,0.3703703703703703,Inapto (risco > 40%),3205.043848921071,384.249249725661,Produtividade prevista intermediária,50.0,42.76511752840288,Viabilidade intermediária,3,1,1,5
Lindoeste,05/02/,0.7417117965367299,0.1169697704114534,27,0.2962962962962963,0.1851851851851851,0.1481481481481481,0.5185185185185185,0.0,0.3703703703703703,Risco climático 30%,3159.2119094875225,613.4506990124008,Produtividade prevista intermediária,50.0,24.23651636553895,Viabilidade intermediária,1,1,1,3
Lindoeste,05/03/,0.749197543437797,0.0884418712624777,27,0.3333333333333333,0.2592592592592592,0.1111111111111111,1.0,0.0,0.5555555555555556,Risco climático 40%,3250.654373775238,565.0218296505063,Alta produtividade prevista,53.8,72.64294852078635,Mais viável,2,0,0,2
Lindoeste,15/02/,0.7425944183050469,0.0950285610144005,27,0.2592592592592592,0.1111111111111111,0.1851851851851851,0.8148148148148148,0.0,0.4074074074074074,Risco climático 30%,3236.1743889203103,603.4689499563812,Alta produtividade prevista,50.0,57.807403751636585,Mais viável,1,0,0,1
Lindoeste,15/03/,0.7620880981383058,0.0911771357122431,27,0.4814814814814814,0.3703703703703703,0.1111111111111111,1.0,0.037037037037037,0.4814814814814814,Inapto (risco > 40%),3233.841025445634,539.0963214032605,Produtividade prevista intermediária,50.0,54.80692879140389,Viabilidade intermediária,3,1,1,5
Lindoeste,25/02/,0.7362594492130029,0.0934882232159068,27,0.2592592592592592,0.2222222222222222,0.1111111111111111,0.9629629629629628,0.0,0.5185185185185185,Risco climático 30%,3284.679979892379,476.31192811208473,Alta produtividade prevista,50.0,80.47867472783119,Mais viável,1,0,0,1
Lindoeste,25/03/,0.7628880361993928,0.1082058369159477,27,0.4444444444444444,0.4074074074074074,0.074074074074074,1.0,0.1851851851851851,0.5555555555555556,Inapto (risco > 40%),3245.279809254036,553.6447129309076,Alta produtividade prevista,53.8,66.87543254611118,Mais viável,3,0,0,3
Marechal Cândido Rondon,05/02/,0.6808777217129695,0.1357379416975717,27,0.5185185185185185,0.2222222222222222,0.4074074074074074,0.1481481481481481,0.0,0.1851851851851851,Inapto (risco > 40%),2910.123599809065,658.1899783990825,Baixa produtividade prevista,46.2,-43.04468972379125,Menos viável,3,2,2,7
Marechal Cândido Rondon,05/03/,0.6769774831040876,0.1213650933067959,27,0.4814814814814814,0.3703703703703703,0.2222222222222222,0.925925925925926,0.0,0.3703703703703703,Inapto (risco > 40%),2964.8389245591397,665.4162978799891,Baixa produtividade prevista,46.2,-16.108360017696352,Menos viável,3,2,2,7
Marechal Cândido Rondon,15/02/,0.685796734504561,0.1211077405233293,27,0.3333333333333333,0.074074074074074,0.2962962962962963,0.4814814814814814,0.0,0.2592592592592592,Risco climático 40%,2932.0690299042326,681.187175376512,Baixa produtividade prevista,46.2,-34.79608629478922,Menos viável,2,2,2,6
Marechal Cândido Rondon,15/03/,0.6879052330312744,0.1185060586869007,27,0.7037037037037037,0.5925925925925926,0.1481481481481481,1.0,0.0,0.3333333333333333,Inapto (risco > 40%),2898.4604454725336,568.3140975024081,Baixa produtividade prevista,42.3,-54.73347760577124,Menos viável,3,2,2,7
Marechal Cândido Rondon,25/02/,0.6725215759785079,0.1219589405174011,27,0.4074074074074074,0.2592592592592592,0.2222222222222222,0.7777777777777778,0.0,0.3333333333333333,Inapto (risco > 40%),2987.5375318531146,656.0420094264385,Baixa produtividade prevista,46.2,-1.1587208843180774,Menos viável,3,2,2,7
Marechal Cândido Rondon,25/03/,0.6952316067111695,0.1248261122579399,27,0.7407407407407407,0.6666666666666666,0.1481481481481481,1.0,0.0,0.3703703703703703,Inapto (risco > 40%),2951.3883421637233,627.177154652899,Baixa produtividade prevista,42.3,-27.372549830501995,Menos viável,3,2,2,7
Maripá,05/02/,0.7137829130995229,0.125162570793003,27,0.4814814814814814,0.1851851851851851,0.3703703703703703,0.4074074074074074,0.0,0.1851851851851851,Inapto (risco > 40%),3127.395365208658,516.0579810955783,Produtividade prevista intermediária,50.0,21.99730322134682,Viabilidade intermediária,3,1,1,5
Maripá,05/03/,0.6934528294598468,0.1120789316886747,27,0.4074074074074074,0.2592592592592592,0.2592592592592592,1.0,0.0,0.4444444444444444,Inapto (risco > 40%),3125.4467482442415,622.2178117651589,Produtividade prevista intermediária,50.0,27.884144102723837,Viabilidade intermediária,3,1,1,5
Maripá,15/02/,0.7094359496225356,0.1078607930862822,27,0.2962962962962963,0.074074074074074,0.2592592592592592,0.7407407407407407,0.0,0.2222222222222222,Risco climático 30%,3071.5851943772277,603.0076309370412,Baixa produtividade prevista,46.2,-7.993018072014374,Menos viável,1,2,2,5
Maripá,15/03/,0.6999660604332886,0.1122148656946241,27,0.6296296296296297,0.5185185185185185,0.1851851851851851,1.0,0.037037037037037,0.4074074074074074,Inapto (risco > 40%),3106.3563342915145,592.8203857736912,Produtividade prevista intermediária,46.2,9.751171088973566,Menos viável,3,1,2,6
Maripá,25/02/,0.6910159898322649,0.1102627789364427,27,0.3703703703703703,0.2222222222222222,0.1851851851851851,0.8888888888888888,0.0,0.2962962962962963,Risco climático 40%,3112.2775445107686,551.0675170609707,Produtividade prevista intermediária,46.2,25.058279910184183,Viabilidade intermediária,2,1,1,4
Maripá,25/03/,0.7007160600511575,0.122270857471564,27,0.7037037037037037,0.6296296296296297,0.1481481481481481,1.0,0.1481481481481481,0.4074074074074074,Inapto (risco > 40%),3126.449125218164,565.5720857630223,Produtividade prevista intermediária,50.0,18.2769311220231,Menos viável,3,1,2,6
Matelândia,05/02/,0.7386598020164937,0.1152275249921733,27,0.2962962962962963,0.1851851851851851,0.1481481481481481,0.5185185185185185,0.0,0.3703703703703703,Risco climático 30%,3152.3659678765976,663.4587600317566,Produtividade prevista intermediária,50.0,21.95138960274952,Viabilidade intermediária,1,1,1,3
Matelândia,05/03/,0.7458854476460262,0.0885499237549854,27,0.3333333333333333,0.2592592592592592,0.1111111111111111,1.0,0.0,0.5555555555555556,Risco climático 40%,3234.855600059245,596.723999380943,Produtividade prevista intermediária,53.8,68.64036668695749,Mais viável,2,1,0,3
Matelândia,15/02/,0.7387061217364095,0.0943498512511076,27,0.2962962962962963,0.1111111111111111,0.2222222222222222,0.8148148148148148,0.0,0.4074074074074074,Risco climático 30%,3224.69826050371,652.5593463364785,Produtividade prevista intermediária,50.0,53.58751918704721,Viabilidade intermediária,1,1,1,3
Matelândia,15/03/,0.7586001221402721,0.0912301130153881,27,0.4814814814814814,0.3703703703703703,0.1111111111111111,1.0,0.037037037037037,0.4814814814814814,Inapto (risco > 40%),3217.135600233697,572.1920665886358,Produtividade prevista intermediária,46.2,49.86160597025251,Viabilidade intermediária,3,1,1,5
Matelândia,25/02/,0.7337103562779154,0.0930742114541434,27,0.2592592592592592,0.2222222222222222,0.1111111111111111,0.9629629629629628,0.0,0.5185185185185185,Risco climático 30%,3279.695688622432,508.0548482137649,Alta produtividade prevista,46.2,78.76343455961174,Mais viável,1,0,0,1
Matelândia,25/03/,0.7595208577917512,0.1078791749885075,27,0.4444444444444444,0.4074074074074074,0.074074074074074,1.0,0.1851851851851851,0.5925925925925926,Inapto (risco > 40%),3225.939875401237,612.4592573631564,Produtividade prevista intermediária,53.8,61.89162701904282,Mais viável,3,1,0,4
Medianeira,05/02/,0.6800880911271748,0.1378754037125905,27,0.4444444444444444,0.2592592592592592,0.3703703703703703,0.4444444444444444,0.0,0.2592592592592592,Inapto (risco > 40%),3015.5214180184503,758.1523268208467,Baixa produtividade prevista,42.3,-21.73330409595765,Menos viável,3,2,2,7
Medianeira,05/03/,0.7004610624608203,0.0980585068436109,27,0.5555555555555556,0.4814814814814814,0.1851851851851851,0.9629629629629628,0.0,0.5555555555555556,Inapto (risco > 40%),3142.894266054518,716.0414472569424,Produtividade prevista intermediária,46.2,43.76355273560839,Viabilidade intermediária,3,1,1,5
Medianeira,15/02/,0.6829891100579876,0.1145878032351395,27,0.3703703703703703,0.1481481481481481,0.2592592592592592,0.7407407407407407,0.0,0.4074074074074074,Risco climático 40%,3085.4036443432883,773.6353024312929,Baixa produtividade prevista,46.2,14.90205274977071,Menos viável,2,2,2,6
Medianeira,15/03/,0.7256315062492221,0.0986336129009921,27,0.6666666666666666,0.5185185185185185,0.1481481481481481,1.0,0.037037037037037,0.4814814814814814,Inapto (risco > 40%),3103.206673933105,729.7621016833658,Baixa produtividade prevista,46.2,11.68525133568926,Menos viável,3,2,2,7
Medianeira,25/02/,0.6831994954505907,0.1039425755213152,27,0.3333333333333333,0.2962962962962963,0.1481481481481481,0.8888888888888888,0.0,0.4444444444444444,Risco climático 40%,3090.9240133684198,731.5418286753442,Baixa produtividade prevista,46.2,34.24478017753577,Viabilidade intermediária,2,2,1,5
Medianeira,25/03/,0.732883334046447,0.117566060267487,27,0.7037037037037037,0.6296296296296297,0.1111111111111111,1.0,0.1111111111111111,0.4814814814814814,Inapto (risco > 40%),3124.1825069675956,695.0857383918604,Produtividade prevista intermediária,46.2,32.50349441793523,Viabilidade intermediária,3,1,1,5
Mercedes,05/02/,0.6806028907325431,0.1357347432334341,27,0.5185185185185185,0.2222222222222222,0.4074074074074074,0.1481481481481481,0.0,0.1851851851851851,Inapto (risco > 40%),2899.189380593886,646.2510105031653,Baixa produtividade prevista,46.2,-45.35474121916919,Menos viável,3,2,2,7
Mercedes,05/03/,0.6766378040844496,0.1213456163280941,27,0.4814814814814814,0.3703703703703703,0.2222222222222222,0.925925925925926,0.0,0.3703703703703703,Inapto (risco > 40%),2946.1473171981224,652.6505925305089,Baixa produtividade prevista,46.2,-21.090252139369795,Menos viável,3,2,2,7
Mercedes,15/02/,0.685495188587388,0.1210478628424678,27,0.3333333333333333,0.074074074074074,0.2962962962962963,0.4814814814814814,0.0,0.2592592592592592,Risco climático 40%,2918.058956720288,669.0835509715338,Baixa produtividade prevista,46.2,-38.32719325099091,Menos viável,2,2,2,6
Mercedes,15/03/,0.6875929339668806,0.1184822240902966,27,0.7037037037037037,0.5925925925925926,0.1481481481481481,1.0,0.0,0.3333333333333333,Inapto (risco > 40%),2881.410957296208,556.678683500442,Baixa produtividade prevista,42.3,-59.02507344043847,Menos viável,3,2,2,7
Mercedes,25/02/,0.6722181198867996,0.1218958763534619,27,0.4074074074074074,0.2592592592592592,0.2222222222222222,0.7777777777777778,0.0,0.3333333333333333,Inapto (risco > 40%),2966.732271102556,645.8314823410536,Baixa produtividade prevista,46.2,-7.532510137532077,Menos viável,3,2,2,7
Mercedes,25/03/,0.6949196814823874,0.1248068418281305,27,0.7407407407407407,0.6666666666666666,0.1481481481481481,1.0,0.0,0.3703703703703703,Inapto (risco > 40%),2937.91216355225,614.71960977188,Baixa produtividade prevista,42.3,-30.51562331894328,Menos viável,3,2,2,7
Missal,05/02/,0.6553575600967221,0.1374409511397205,27,0.5185185185185185,0.2592592592592592,0.4444444444444444,0.2222222222222222,0.0,0.2222222222222222,Inapto (risco > 40%),2831.82396752402,594.7329058560142,Baixa produtividade prevista,42.3,-61.8882427333147,Menos viável,3,2,2,7
Missal,05/03/,0.6682049498238489,0.1111307210530314,27,0.5555555555555556,0.4074074074074074,0.2592592592592592,0.925925925925926,0.0,0.3703703703703703,Inapto (risco > 40%),2914.0356170599302,667.0536771721127,Baixa produtividade prevista,46.2,-23.596593045248817,Menos viável,3,2,2,7
Missal,15/02/,0.6587328402550285,0.1148280943453234,27,0.4074074074074074,0.1481481481481481,0.2962962962962963,0.4814814814814814,0.0,0.2222222222222222,Inapto (risco > 40%),2872.505602455267,614.5009425345817,Baixa produtividade prevista,46.2,-44.74302128761653,Menos viável,3,2,2,7
Missal,15/03/,0.6873291400200265,0.1090734937341046,27,0.7037037037037037,0.5555555555555556,0.1851851851851851,1.0,0.0,0.4074074074074074,Inapto (risco > 40%),2860.3523080436626,599.1720390850294,Baixa produtividade prevista,46.2,-55.339467018547936,Menos viável,3,2,2,7
Missal,25/02/,0.6568292198253602,0.1113043970782838,27,0.4444444444444444,0.3333333333333333,0.2222222222222222,0.7777777777777778,0.0,0.2962962962962963,Inapto (risco > 40%),2875.5102624238034,605.433310476185,Baixa produtividade prevista,46.2,-30.19870450547217,Menos viável,3,2,2,7
Missal,25/03/,0.6977633018150117,0.122432838851554,27,0.7777777777777778,0.7407407407407407,0.1111111111111111,1.0,0.0,0.3333333333333333,Inapto (risco > 40%),2930.213409331308,592.7211540464031,Baixa produtividade prevista,42.3,-27.53413597742008,Menos viável,3,2,2,7
Nova Aurora,05/02/,0.7383420498577367,0.1172885288125414,27,0.4444444444444444,0.1851851851851851,0.3703703703703703,0.4074074074074074,0.0,0.1481481481481481,Inapto (risco > 40%),3230.7418366117986,402.90497056953626,Produtividade prevista intermediária,50.0,47.68953925687163,Viabilidade intermediária,3,1,1,5
Nova Aurora,05/03/,0.699596913970643,0.1108552384740928,27,0.4074074074074074,0.2592592592592592,0.1851851851851851,1.0,0.0,0.4074074074074074,Inapto (risco > 40%),3216.6879956538146,462.96711817926155,Produtividade prevista intermediária,50.0,54.659394611650825,Viabilidade intermediária,3,1,1,5
Nova Aurora,15/02/,0.7240306107696058,0.1029128559533309,27,0.2962962962962963,0.074074074074074,0.2592592592592592,0.7407407407407407,0.0,0.1851851851851851,Risco climático 30%,3218.158634617914,403.417387510532,Produtividade prevista intermediária,50.0,33.89158498905521,Viabilidade intermediária,1,1,1,3
Nova Aurora,15/03/,0.7058749609075462,0.1080703533581802,27,0.4814814814814814,0.2962962962962963,0.2592592592592592,1.0,0.037037037037037,0.5185185185185185,Inapto (risco > 40%),3224.138914804407,402.6474770183797,Produtividade prevista intermediária,50.0,51.32703758417253,Viabilidade intermediária,3,1,1,5
Nova Aurora,25/02/,0.6994958532013464,0.108382331734004,27,0.4074074074074074,0.1481481481481481,0.2962962962962963,0.925925925925926,0.0,0.3333333333333333,Inapto (risco > 40%),3223.2077617725176,400.52684009215716,Produtividade prevista intermediária,50.0,50.24382001785388,Viabilidade intermediária,3,1,1,5
Nova Aurora,25/03/,0.6978403109771207,0.1219619595371979,27,0.5555555555555556,0.4814814814814814,0.1481481481481481,1.0,0.1481481481481481,0.4074074074074074,Inapto (risco > 40%),3213.795373579819,386.0344312753116,Produtividade prevista intermediária,50.0,44.98587902614817,Viabilidade intermediária,3,1,1,5
Nova Santa Rosa,05/02/,0.7139855439370277,0.1251725850879391,27,0.4814814814814814,0.1851851851851851,0.3703703703703703,0.4074074074074074,0.0,0.1851851851851851,Inapto (risco > 40%),3125.136162284033,519.2526194817364,Produtividade prevista intermediária,50.0,21.817800778704388,Viabilidade intermediária,3,1,1,5
Nova Santa Rosa,05/03/,0.6936370754607348,0.1120546423377958,27,0.4074074074074074,0.2592592592592592,0.2592592592592592,1.0,0.0,0.4444444444444444,Inapto (risco > 40%),3120.0807427303994,621.9141653863262,Produtividade prevista intermediária,50.0,26.94264679950161,Viabilidade intermediária,3,1,1,5
Nova Santa Rosa,15/02/,0.7096246155441404,0.1078380514116067,27,0.2962962962962963,0.074074074074074,0.2592592592592592,0.7407407407407407,0.0,0.2222222222222222,Risco climático 30%,3069.058757499535,601.4260832896773,Baixa produtividade prevista,46.2,-8.213262523051245,Menos viável,1,2,2,5
Nova Santa Rosa,15/03/,0.700154959103425,0.1121894571222062,27,0.6296296296296297,0.5185185185185185,0.1851851851851851,1.0,0.037037037037037,0.4074074074074074,Inapto (risco > 40%),3104.3538730336522,591.338514303329,Produtividade prevista intermediária,46.2,9.815677796026726,Menos viável,3,1,2,6
Nova Santa Rosa,25/02/,0.6912163536794037,0.1102352988751023,27,0.3703703703703703,0.2222222222222222,0.1851851851851851,0.8888888888888888,0.0,0.2962962962962963,Risco climático 40%,3106.2799014140173,552.7095492796774,Produtividade prevista intermediária,46.2,23.67583618222677,Viabilidade intermediária,2,1,1,4
Nova Santa Rosa,25/03/,0.7009022120772305,0.1222652110649407,27,0.7037037037037037,0.6296296296296297,0.1481481481481481,1.0,0.1481481481481481,0.4074074074074074,Inapto (risco > 40%),3126.134213525098,562.9167239864518,Produtividade prevista intermediária,50.0,18.39539333561818,Viabilidade intermediária,3,1,1,5
Ouro Verde do Oeste,05/02/,0.7288007483577702,0.1188372928414387,27,0.3703703703703703,0.1851851851851851,0.2592592592592592,0.5185185185185185,0.0,0.3333333333333333,Risco climático 40%,3198.572974562421,497.4014843825019,Produtividade prevista intermediária,50.0,33.296370478861064,Viabilidade intermediária,2,1,1,4
Ouro Verde do Oeste,05/03/,0.7248568321415673,0.0973365339050117,27,0.3703703703703703,0.2592592592592592,0.1481481481481481,1.0,0.0,0.5185185185185185,Risco climático 40%,3265.132946756686,495.59611798227843,Alta produtividade prevista,50.0,74.54658811215096,Mais viável,2,0,0,2
Ouro Verde do Oeste,15/02/,0.7274588887491932,0.0987442275108961,27,0.2962962962962963,0.1111111111111111,0.2222222222222222,0.8518518518518519,0.0,0.3703703703703703,Risco climático 30%,3202.4306925825786,518.1777390664503,Produtividade prevista intermediária,50.0,37.93515192879939,Viabilidade intermediária,1,1,1,3
Ouro Verde do Oeste,15/03/,0.7344679606334366,0.1003047642939441,27,0.5555555555555556,0.4444444444444444,0.1111111111111111,1.0,0.037037037037037,0.4444444444444444,Inapto (risco > 40%),3251.031018140714,466.9860547439962,Alta produtividade prevista,46.2,54.62278108430307,Viabilidade intermediária,3,0,1,4
Ouro Verde do Oeste,25/02/,0.7176936290410298,0.0999526589100476,27,0.2962962962962963,0.2222222222222222,0.1481481481481481,0.9629629629629628,0.0,0.4074074074074074,Risco climático 30%,3237.5789581207364,481.188379261806,Alta produtividade prevista,50.0,64.07258672207851,Mais viável,1,0,0,1
Ouro Verde do Oeste,25/03/,0.7346310000958816,0.1173980165831733,27,0.6666666666666666,0.6296296296296297,0.1111111111111111,1.0,0.1851851851851851,0.5555555555555556,Inapto (risco > 40%),3212.293107601396,454.41434345998954,Produtividade prevista intermediária,50.0,45.58764874285277,Viabilidade intermediária,3,1,1,5
Palotina,05/02/,0.712338661245097,0.1251684643037331,27,0.5185185185185185,0.1851851851851851,0.4074074074074074,0.4074074074074074,0.0,0.1851851851851851,Inapto (risco > 40%),3112.437289861778,511.35581069466724,Produtividade prevista intermediária,50.0,18.39079993758765,Menos viável,3,1,2,6
Palotina,05/03/,0.6918335368686812,0.1118388585672397,27,0.4074074074074074,0.2592592592592592,0.2592592592592592,1.0,0.0,0.4074074074074074,Inapto (risco > 40%),3094.121744268731,602.4145663833239,Baixa produtividade prevista,50.0,20.89432241257577,Viabilidade intermediária,3,2,1,6
Palotina,15/02/,0.7078154158667481,0.1074290143870852,27,0.2962962962962963,0.074074074074074,0.2592592592592592,0.7407407407407407,0.0,0.2222222222222222,Risco climático 30%,3054.0594623239076,592.6625853856015,Baixa produtividade prevista,46.2,-11.972332039482598,Menos viável,1,2,2,5
Palotina,15/03/,0.6984177182159819,0.1120806889104525,27,0.6296296296296297,0.5185185185185185,0.1851851851851851,1.0,0.037037037037037,0.4074074074074074,Inapto (risco > 40%),3082.4695154810693,580.9909649779603,Baixa produtividade prevista,46.2,4.999837102697527,Menos viável,3,2,2,7
Palotina,25/02/,0.6895305269554322,0.1098561470291722,27,0.3703703703703703,0.2222222222222222,0.1851851851851851,0.8888888888888888,0.0,0.2962962962962963,Risco climático 40%,3089.604489888614,539.9984442292168,Baixa produtividade prevista,46.2,20.317605940857938,Viabilidade intermediária,2,2,1,5
Palotina,25/03/,0.6992151294415451,0.1222070616498093,27,0.7037037037037037,0.6296296296296297,0.1481481481481481,1.0,0.1481481481481481,0.4074074074074074,Inapto (risco > 40%),3104.0520010289033,553.4467190930172,Produtividade prevista intermediária,50.0,13.52471738655476,Menos viável,3,1,2,6
Pato Bragado,05/02/,0.6614122516250295,0.1345819405008498,27,0.5555555555555556,0.2592592592592592,0.4814814814814814,0.1481481481481481,0.0,0.1111111111111111,Inapto (risco > 40%),2887.5875105196046,587.8506008841381,Baixa produtividade prevista,46.2,-47.47652599308605,Menos viável,3,2,2,7
Pato Bragado,05/03/,0.653973043056836,0.1200889452364677,27,0.5925925925925926,0.4814814814814814,0.2962962962962963,0.925925925925926,0.0,0.3333333333333333,Inapto (risco > 40%),2964.0692407864494,581.8487669354088,Baixa produtividade prevista,50.0,-10.985083330533406,Menos viável,3,2,2,7
Pato Bragado,15/02/,0.6637647753007861,0.1164358314544259,27,0.4074074074074074,0.074074074074074,0.3703703703703703,0.4814814814814814,0.0,0.1851851851851851,Inapto (risco > 40%),2902.6033329845345,582.5540703607235,Baixa produtividade prevista,46.2,-40.405193618264704,Menos viável,3,2,2,7
Pato Bragado,15/03/,0.6646844862249336,0.1186570997357176,27,0.7037037037037037,0.5925925925925926,0.1851851851851851,1.0,0.0,0.2592592592592592,Inapto (risco > 40%),2898.5945206587994,509.7795560475179,Baixa produtividade prevista,42.3,-49.971259990524864,Menos viável,3,2,2,7
Pato Bragado,25/02/,0.6492436018969505,0.118759190217094,27,0.4444444444444444,0.2592592592592592,0.2962962962962963,0.7777777777777778,0.0,0.2592592592592592,Inapto (risco > 40%),2970.877047909345,572.8532955032962,Baixa produtividade prevista,46.2,-3.705614270657485,Menos viável,3,2,2,7
Pato Bragado,25/03/,0.673269592188785,0.1237381158330764,27,0.7777777777777778,0.7407407407407407,0.1481481481481481,1.0,0.0,0.3333333333333333,Inapto (risco > 40%),2950.4417258698077,553.0535429150084,Baixa produtividade prevista,42.3,-24.970936433619197,Menos viável,3,2,2,7
Quatro Pontes,05/02/,0.7162465935721007,0.1251561720065493,27,0.4444444444444444,0.1851851851851851,0.3333333333333333,0.4074074074074074,0.0,0.1851851851851851,Inapto (risco > 40%),3139.3753889978493,522.2890500260421,Produtividade prevista intermediária,50.0,24.703156633896704,Viabilidade intermediária,3,1,1,5
Quatro Pontes,05/03/,0.696074124835031,0.1123666577577134,27,0.3703703703703703,0.2592592592592592,0.2222222222222222,1.0,0.0,0.4444444444444444,Risco climático 40%,3148.765560292379,636.0028865983459,Produtividade prevista intermediária,50.0,33.68814570924717,Viabilidade intermediária,2,1,1,4
Quatro Pontes,15/02/,0.7120983978237301,0.1083681855695127,27,0.2962962962962963,0.074074074074074,0.2592592592592592,0.7407407407407407,0.0,0.2592592592592592,Risco climático 30%,3089.8782979826665,603.6618515075478,Baixa produtividade prevista,46.2,-3.0231581657384803,Menos viável,1,2,2,5
Quatro Pontes,15/03/,0.7025039744586068,0.1124447743471792,27,0.6296296296296297,0.5185185185185185,0.1851851851851851,1.0,0.037037037037037,0.4074074074074074,Inapto (risco > 40%),3129.8844972465226,595.7883811343813,Produtividade prevista intermediária,46.2,15.334839849369342,Menos viável,3,1,2,6
Quatro Pontes,25/02/,0.6934623444484596,0.1107765152200036,27,0.3333333333333333,0.2222222222222222,0.1481481481481481,0.8888888888888888,0.0,0.2962962962962963,Risco climático 40%,3126.233995322816,561.3490684852705,Produtividade prevista intermediária,46.2,27.454323103808125,Viabilidade intermediária,2,1,1,4
Quatro Pontes,25/03/,0.7031286820829005,0.1222874145624455,27,0.7037037037037037,0.6296296296296297,0.1481481481481481,1.0,0.1481481481481481,0.4074074074074074,Inapto (risco > 40%),3145.28471623286,568.7072534678376,Produtividade prevista intermediária,50.0,22.010571576856712,Viabilidade intermediária,3,1,1,5
Ramilândia,05/02/,0.6549348514244772,0.1373054595383687,27,0.5185185185185185,0.2592592592592592,0.4444444444444444,0.2222222222222222,0.0,0.2222222222222222,Inapto (risco > 40%),2852.8830074707007,596.2779299044075,Baixa produtividade prevista,42.3,-56.982549648787966,Menos viável,3,2,2,7
Ramilândia,05/03/,0.6677578223845588,0.1110704358948723,27,0.5555555555555556,0.4074074074074074,0.2592592592592592,0.925925925925926,0.0,0.3703703703703703,Inapto (risco > 40%),2936.511709622174,671.5141269121111,Baixa produtividade prevista,46.2,-18.871381795372237,Menos viável,3,2,2,7
Ramilândia,15/02/,0.6583032216234513,0.1146666879932384,27,0.4074074074074074,0.1481481481481481,0.2962962962962963,0.4814814814814814,0.0,0.2222222222222222,Inapto (risco > 40%),2893.492177811726,615.7588962990061,Baixa produtividade prevista,46.2,-40.5058372984461,Menos viável,3,2,2,7
Ramilândia,15/03/,0.686852340565663,0.1090223419903498,27,0.7037037037037037,0.5555555555555556,0.1851851851851851,1.0,0.0,0.3703703703703703,Inapto (risco > 40%),2888.237548701645,601.3865466503204,Baixa produtividade prevista,46.2,-48.86845824218248,Menos viável,3,2,2,7
Ramilândia,25/02/,0.6563997034909913,0.1111774575872992,27,0.4444444444444444,0.3333333333333333,0.2222222222222222,0.7777777777777778,0.0,0.2962962962962963,Inapto (risco > 40%),2898.338511226631,609.5292867782148,Baixa produtividade prevista,46.2,-25.711326688684213,Menos viável,3,2,2,7
Ramilândia,25/03/,0.6972587929802398,0.1223850720167044,27,0.7777777777777778,0.7407407407407407,0.1111111111111111,1.0,0.0,0.3333333333333333,Inapto (risco > 40%),2948.2713687297137,587.9914705099872,Baixa produtividade prevista,42.3,-23.652433000074325,Menos viável,3,2,2,7
Santa Helena,05/02/,0.6556869016440179,0.1378568654582666,27,0.5185185185185185,0.2592592592592592,0.4444444444444444,0.2222222222222222,0.0,0.1851851851851851,Inapto (risco > 40%),2806.0310532385656,596.3150954060815,Baixa produtividade prevista,42.3,-67.91756949359252,Menos viável,3,2,2,7
Santa Helena,05/03/,0.6666508153652239,0.1121511856392142,27,0.5555555555555556,0.4074074074074074,0.2592592592592592,0.925925925925926,0.0,0.3703703703703703,Inapto (risco > 40%),2893.9938010244823,670.1103584834772,Baixa produtividade prevista,46.2,-28.946065799813045,Menos viável,3,2,2,7
Santa Helena,15/02/,0.6585580622638164,0.1158012638136132,27,0.4074074074074074,0.1481481481481481,0.2962962962962963,0.4814814814814814,0.0,0.2222222222222222,Inapto (risco > 40%),2847.9591112602857,617.1808714135498,Baixa produtividade prevista,46.2,-49.35846764772262,Menos viável,3,2,2,7
Santa Helena,15/03/,0.6855020005870754,0.1098698320240113,27,0.7037037037037037,0.5185185185185185,0.1851851851851851,1.0,0.0,0.3703703703703703,Inapto (risco > 40%),2828.9264080634252,624.8629031397253,Baixa produtividade prevista,46.2,-61.37305539681688,Menos viável,3,2,2,7
Santa Helena,25/02/,0.6550089604543274,0.111935313023197,27,0.4814814814814814,0.3333333333333333,0.2592592592592592,0.7777777777777778,0.0,0.2962962962962963,Inapto (risco > 40%),2845.5903445258655,611.8587612936415,Baixa produtividade prevista,46.2,-38.09555937925947,Menos viável,3,2,2,7
Santa Helena,25/03/,0.6947700192154924,0.1227175091820644,27,0.7777777777777778,0.7407407407407407,0.1111111111111111,1.0,0.0,0.3333333333333333,Inapto (risco > 40%),2907.035623564633,604.2963879050652,Baixa produtividade prevista,42.3,-32.76743433854005,Menos viável,3,2,2,7
Santa Lúcia,05/02/,0.7414236274522125,0.1163330023665374,27,0.2962962962962963,0.1851851851851851,0.1481481481481481,0.5185185185185185,0.0,0.3703703703703703,Risco climático 30%,3153.838648214925,638.3145265774443,Produtividade prevista intermediária,50.0,22.311982754894714,Viabilidade intermediária,1,1,1,3
Santa Lúcia,05/03/,0.7488996150186359,0.0883731866209022,27,0.3333333333333333,0.2592592592592592,0.1111111111111111,1.0,0.0,0.5555555555555556,Risco climático 40%,3244.1013094171767,576.8237763554782,Alta produtividade prevista,53.8,71.07810365506387,Mais viável,2,0,0,2
Santa Lúcia,15/02/,0.7420738872101222,0.0946965628252043,27,0.2592592592592592,0.1111111111111111,0.1851851851851851,0.8148148148148148,0.0,0.4074074074074074,Risco climático 30%,3229.97876833605,624.9288087306298,Produtividade prevista intermediária,50.0,55.66741118254369,Mais viável,1,1,0,2
Santa Lúcia,15/03/,0.7616756587734085,0.0911006369006547,27,0.4814814814814814,0.3703703703703703,0.1111111111111111,1.0,0.037037037037037,0.4814814814814814,Inapto (risco > 40%),3228.5594598639987,554.2135237552769,Produtividade prevista intermediária,50.0,53.26148025798765,Viabilidade intermediária,3,1,1,5
Santa Lúcia,25/02/,0.7361655600598944,0.0932688135241,27,0.2592592592592592,0.2222222222222222,0.1111111111111111,0.9629629629629628,0.0,0.5185185185185185,Risco climático 30%,3281.8996124653368,491.9395818929197,Alta produtividade prevista,46.2,79.7879781661994,Mais viável,1,0,0,1
Santa Lúcia,25/03/,0.7624467070329765,0.108004686356474,27,0.4444444444444444,0.4074074074074074,0.074074074074074,1.0,0.1851851851851851,0.5555555555555556,Inapto (risco > 40%),3240.3190671711413,576.6134854339452,Alta produtividade prevista,53.8,65.81742605065457,Mais viável,3,0,0,3
Santa Tereza do Oeste,05/02/,0.7260308758165017,0.1187366044898167,27,0.3333333333333333,0.1851851851851851,0.2222222222222222,0.5185185185185185,0.0,0.3333333333333333,Risco climático 40%,3202.066613461633,489.8580915722351,Produtividade prevista intermediária,50.0,35.89295514907371,Viabilidade intermediária,2,1,1,4
Santa Tereza do Oeste,05/03/,0.7245987603393343,0.0957190036720818,27,0.3703703703703703,0.2962962962962963,0.1481481481481481,1.0,0.0,0.5185185185185185,Risco climático 40%,3281.5350380750806,481.6708617126977,Alta produtividade prevista,50.0,78.43738762745674,Mais viável,2,0,0,2
Santa Tereza do Oeste,15/02/,0.7259555874105287,0.0968216515170887,27,0.2962962962962963,0.1111111111111111,0.2222222222222222,0.8518518518518519,0.0,0.3333333333333333,Risco climático 30%,3211.9172496988344,514.6770499386881,Produtividade prevista intermediária,50.0,40.69463389041383,Viabilidade intermediária,1,1,1,3
Santa Tereza do Oeste,15/03/,0.7338530459477327,0.0986626368286668,27,0.5555555555555556,0.4444444444444444,0.1111111111111111,1.0,0.037037037037037,0.4814814814814814,Inapto (risco > 40%),3272.113783654134,454.9089291097384,Alta produtividade prevista,46.2,61.38026265692479,Mais viável,3,0,0,3
Santa Tereza do Oeste,25/02/,0.71767175719789,0.0980412290836868,27,0.2962962962962963,0.2222222222222222,0.1481481481481481,0.9629629629629628,0.0,0.4074074074074074,Risco climático 30%,3256.7886503265204,463.49647341158,Alta produtividade prevista,50.0,69.23635283613275,Mais viável,1,0,0,1
Santa Tereza do Oeste,25/03/,0.7350612753736546,0.1159067632310851,27,0.6296296296296297,0.5925925925925926,0.1111111111111111,1.0,0.1851851851851851,0.5185185185185185,Inapto (risco > 40%),3241.5521294356877,431.79094705404316,Alta produtividade prevista,50.0,56.93738638457774,Mais viável,3,0,0,3
Santa Terezinha de Itaipu,05/02/,0.6680892962451869,0.1343280941455716,27,0.4444444444444444,0.2592592592592592,0.3703703703703703,0.4444444444444444,0.0,0.3333333333333333,Inapto (risco > 40%),2941.9340208195695,742.7338694799837,Baixa produtividade prevista,42.3,-33.32739570814817,Menos viável,3,2,2,7
Santa Terezinha de Itaipu,05/03/,0.6889581567852093,0.0968617709005816,27,0.5555555555555556,0.5185185185185185,0.1851851851851851,0.9629629629629628,0.0,0.3703703703703703,Inapto (risco > 40%),3112.439385053215,654.7238039528178,Produtividade prevista intermediária,46.2,41.87470165365751,Viabilidade intermediária,3,1,1,5
Santa Terezinha de Itaipu,15/02/,0.6697945697606977,0.1117601972110626,27,0.4074074074074074,0.1481481481481481,0.2962962962962963,0.7407407407407407,0.0,0.3333333333333333,Inapto (risco > 40%),3026.6766143820687,745.1278756629605,Baixa produtividade prevista,46.2,8.675478602411257,Menos viável,3,2,2,7
Santa Terezinha de Itaipu,15/03/,0.7130803073422144,0.0984284243787277,27,0.6666666666666666,0.5185185185185185,0.1481481481481481,1.0,0.037037037037037,0.4814814814814814,Inapto (risco > 40%),3045.358308869503,676.4062843017045,Baixa produtividade prevista,46.2,5.949478186485749,Menos viável,3,2,2,7
Santa Terezinha de Itaipu,25/02/,0.6723637534649567,0.1009660272142736,27,0.4444444444444444,0.3703703703703703,0.1851851851851851,0.8888888888888888,0.0,0.4074074074074074,Inapto (risco > 40%),3083.9332820706863,675.6398124408626,Baixa produtividade prevista,46.2,36.65917388240819,Viabilidade intermediária,3,2,1,6
Santa Terezinha de Itaipu,25/03/,0.7203342171037883,0.1172666610463701,27,0.7037037037037037,0.6296296296296297,0.1111111111111111,1.0,0.1111111111111111,0.4074074074074074,Inapto (risco > 40%),3083.0102473096854,689.0295835544761,Baixa produtividade prevista,46.2,25.010187010955903,Viabilidade intermediária,3,2,1,6
Serranópolis do Iguaçu,05/02/,0.7329073115968427,0.114635411167956,27,0.3333333333333333,0.2592592592592592,0.1481481481481481,0.5185185185185185,0.0,0.3703703703703703,Risco climático 40%,3133.9713855283567,623.2714479700909,Produtividade prevista intermediária,50.0,18.3405529280174,Menos viável,2,1,2,5
Serranópolis do Iguaçu,05/03/,0.7411052224147255,0.0896121467899361,27,0.3333333333333333,0.2592592592592592,0.1111111111111111,1.0,0.0,0.5555555555555556,Risco climático 40%,3224.4524060588533,563.884717435438,Produtividade prevista intermediária,53.8,65.65905002878904,Mais viável,2,1,0,3
Serranópolis do Iguaçu,15/02/,0.7334176536309888,0.094873620762426,27,0.2962962962962963,0.1111111111111111,0.2222222222222222,0.8148148148148148,0.0,0.4444444444444444,Risco climático 30%,3207.722234803077,603.9913664097371,Produtividade prevista intermediária,50.0,51.730451996619536,Viabilidade intermediária,1,1,1,3
Serranópolis do Iguaçu,15/03/,0.754923071217524,0.0916136567440605,27,0.4814814814814814,0.3703703703703703,0.1111111111111111,1.0,0.037037037037037,0.4814814814814814,Inapto (risco > 40%),3203.005733392595,542.8893521150884,Produtividade prevista intermediária,46.2,46.99502502544174,Viabilidade intermediária,3,1,1,5
Serranópolis do Iguaçu,25/02/,0.7306288685363386,0.0932795204713211,27,0.2592592592592592,0.2222222222222222,0.1111111111111111,0.9629629629629628,0.0,0.4814814814814814,Risco climático 30%,3267.883090973464,481.33671336627197,Alta produtividade prevista,46.2,77.1812046098437,Mais viável,1,0,0,1
Serranópolis do Iguaçu,25/03/,0.756643710116724,0.1077439025420723,27,0.5555555555555556,0.4814814814814814,0.1111111111111111,1.0,0.1851851851851851,0.5925925925925926,Inapto (risco > 40%),3228.866488637208,569.3238829170631,Produtividade prevista intermediária,53.8,62.031377002805655,Mais viável,3,1,0,4
São José das Palmeiras,05/02/,0.6733770103580988,0.1406204713859476,27,0.4814814814814814,0.2592592592592592,0.4074074074074074,0.2222222222222222,0.0,0.2592592592592592,Inapto (risco > 40%),2844.852612547023,563.2052382348439,Baixa produtividade prevista,42.3,-58.37544986517756,Menos viável,3,2,2,7
São José das Palmeiras,05/03/,0.6857583050377096,0.1140351121906528,27,0.4444444444444444,0.3703703703703703,0.1851851851851851,0.925925925925926,0.0,0.4444444444444444,Inapto (risco > 40%),2925.805890919184,645.1741333093175,Baixa produtividade prevista,46.2,-23.153787291664457,Menos viável,3,2,2,7
São José das Palmeiras,15/02/,0.6761335423508418,0.1192905150255115,27,0.3703703703703703,0.1111111111111111,0.2962962962962963,0.4814814814814814,0.0,0.3333333333333333,Risco climático 40%,2901.325766788799,583.892268227761,Baixa produtividade prevista,46.2,-38.66288456494721,Menos viável,2,2,2,6
São José das Palmeiras,15/03/,0.7051712788679441,0.1098338486706725,27,0.7037037037037037,0.5185185185185185,0.1851851851851851,1.0,0.0,0.4814814814814814,Inapto (risco > 40%),2876.5701034526624,558.3292940841318,Baixa produtividade prevista,46.2,-55.42486556673745,Menos viável,3,2,2,7
São José das Palmeiras,25/02/,0.6722383645449128,0.1149177418922091,27,0.4074074074074074,0.2962962962962963,0.1851851851851851,0.7777777777777778,0.0,0.3703703703703703,Inapto (risco > 40%),2875.8381680937214,588.8425889530004,Baixa produtividade prevista,46.2,-31.18112754114641,Menos viável,3,2,2,7
São José das Palmeiras,25/03/,0.713115635435136,0.1240967121521866,27,0.7777777777777778,0.7407407407407407,0.1111111111111111,1.0,0.0,0.4444444444444444,Inapto (risco > 40%),2938.119274097802,567.5826788687048,Baixa produtividade prevista,42.3,-26.675376348777014,Menos viável,3,2,2,7
São Miguel do Iguaçu,05/02/,0.6716371005235521,0.1353073142380041,27,0.4444444444444444,0.2592592592592592,0.3703703703703703,0.4444444444444444,0.0,0.3333333333333333,Inapto (risco > 40%),2936.9402628906546,756.3696997139526,Baixa produtividade prevista,42.3,-35.29847871186944,Menos viável,3,2,2,7
São Miguel do Iguaçu,05/03/,0.6928003570755796,0.0966625863483767,27,0.5555555555555556,0.5185185185185185,0.1851851851851851,0.9629629629629628,0.0,0.4444444444444444,Inapto (risco > 40%),3080.9198803381973,687.25925195746,Baixa produtividade prevista,46.2,32.51979151760652,Viabilidade intermediária,3,2,1,6
São Miguel do Iguaçu,15/02/,0.6736776003698409,0.1125747462811843,27,0.4074074074074074,0.1481481481481481,0.2962962962962963,0.7407407407407407,0.0,0.3703703703703703,Inapto (risco > 40%),3008.5031624417197,769.4699369588012,Baixa produtividade prevista,46.2,3.17723741922303,Menos viável,3,2,2,7
São Miguel do Iguaçu,15/03/,0.71692911731339,0.0985456355480729,27,0.6666666666666666,0.5185185185185185,0.1481481481481481,1.0,0.037037037037037,0.4814814814814814,Inapto (risco > 40%),3001.620374188892,724.3567793775868,Baixa produtividade prevista,46.2,-6.447728930849087,Menos viável,3,2,2,7
São Miguel do Iguaçu,25/02/,0.675729527318358,0.1016478086411192,27,0.3703703703703703,0.3333333333333333,0.1481481481481481,0.8888888888888888,0.0,0.4074074074074074,Risco climático 40%,3035.55433598923,745.4776343752326,Baixa produtividade prevista,46.2,22.659223307352985,Viabilidade intermediária,2,2,1,5
São Miguel do Iguaçu,25/03/,0.7241587957017254,0.1173220179564276,27,0.7037037037037037,0.6296296296296297,0.1111111111111111,1.0,0.1111111111111111,0.4444444444444444,Inapto (risco > 40%),3061.57740599489,705.7145722315964,Baixa produtividade prevista,46.2,19.65945645232347,Viabilidade intermediária,3,2,1,6
São Pedro do Iguaçu,05/02/,0.7281381832183518,0.1188289764750065,27,0.3703703703703703,0.1851851851851851,0.2592592592592592,0.5185185185185185,0.0,0.3333333333333333,Risco climático 40%,3203.2169876906123,494.3037206000755,Produtividade prevista intermediária,50.0,34.21026243771617,Viabilidade intermediária,2,1,1,4
São Pedro do Iguaçu,05/03/,0.7241781374052939,0.0973697637014445,27,0.3703703703703703,0.2592592592592592,0.1481481481481481,1.0,0.0,0.5185185185185185,Risco climático 40%,3268.50892382386,494.2502126441344,Alta produtividade prevista,50.0,75.68692136248495,Mais viável,2,0,0,2
São Pedro do Iguaçu,15/02/,0.7268197279293039,0.0987145515535248,27,0.2962962962962963,0.1111111111111111,0.2222222222222222,0.8518518518518519,0.0,0.3703703703703703,Risco climático 30%,3205.135077217882,517.5599335295218,Produtividade prevista intermediária,50.0,39.18743500275002,Viabilidade intermediária,1,1,1,3
São Pedro do Iguaçu,15/03/,0.7338109475267349,0.1003449411010682,27,0.5555555555555556,0.4444444444444444,0.1111111111111111,1.0,0.037037037037037,0.4444444444444444,Inapto (risco > 40%),3255.5173727011215,465.8180865371895,Alta produtividade prevista,46.2,55.9133487071939,Mais viável,3,0,0,3
São Pedro do Iguaçu,25/02/,0.7170564259323897,0.0999450621464658,27,0.2962962962962963,0.2222222222222222,0.1481481481481481,0.9629629629629628,0.0,0.4074074074074074,Risco climático 30%,3241.4810685672833,480.7823028753308,Alta produtividade prevista,50.0,65.30307933576087,Mais viável,1,0,0,1
São Pedro do Iguaçu,25/03/,0.734020047138187,0.1174232490992409,27,0.6666666666666666,0.6296296296296297,0.1111111111111111,1.0,0.1851851851851851,0.5555555555555556,Inapto (risco > 40%),3219.309571679649,451.992815181251,Produtividade prevista intermediária,50.0,47.24501086129828,Viabilidade intermediária,3,1,1,5
Terra Roxa,05/02/,0.6710074490662042,0.1284223774416446,27,0.5185185185185185,0.1851851851851851,0.4074074074074074,0.2962962962962963,0.0,0.1481481481481481,Inapto (risco > 40%),2981.451619410562,554.4073710278844,Baixa produtividade prevista,46.2,-14.850967392402971,Menos viável,3,2,2,7
Terra Roxa,05/03/,0.6518616354495171,0.1319246707828475,27,0.5555555555555556,0.4444444444444444,0.2962962962962963,0.9629629629629628,0.0,0.3703703703703703,Inapto (risco > 40%),2992.2209692952856,556.4934004078498,Baixa produtividade prevista,50.0,-3.2941364297766644,Menos viável,3,2,2,7
Terra Roxa,15/02/,0.6641770144463792,0.1191952333421361,27,0.4074074074074074,0.074074074074074,0.4074074074074074,0.6296296296296297,0.0,0.1851851851851851,Inapto (risco > 40%),2958.4367116593703,519.2481684845972,Baixa produtividade prevista,50.0,-24.19625501897184,Menos viável,3,2,2,7
Terra Roxa,15/03/,0.6559611189892308,0.129547861311253,27,0.6666666666666666,0.5925925925925926,0.1851851851851851,1.0,0.0,0.2592592592592592,Inapto (risco > 40%),2960.5599318647005,477.6685726753063,Baixa produtividade prevista,42.3,-21.32407126946164,Menos viável,3,2,2,7
Terra Roxa,25/02/,0.6487231165293196,0.1280700836342502,27,0.4444444444444444,0.2962962962962963,0.2592592592592592,0.8148148148148148,0.0,0.3333333333333333,Inapto (risco > 40%),3003.6384911765713,568.0120713344835,Baixa produtividade prevista,50.0,0.6745420962344741,Menos viável,3,2,2,7
Terra Roxa,25/03/,0.6612094557854067,0.1327027675730503,27,0.7407407407407407,0.6666666666666666,0.1851851851851851,1.0,0.0,0.3333333333333333,Inapto (risco > 40%),3023.3039996221332,498.63883013199785,Baixa produtividade prevista,46.2,4.59572984715195,Menos viável,3,2,2,7
Toledo,05/02/,0.711456115918854,0.125124406279506,27,0.5185185185185185,0.1851851851851851,0.4074074074074074,0.4074074074074074,0.0,0.1851851851851851,Inapto (risco > 40%),3145.6247036897976,521.4285575277672,Produtividade prevista intermediária,50.0,26.255232423705863,Viabilidade intermediária,3,1,1,5
Toledo,05/03/,0.6910329412107458,0.1119503778689671,27,0.4074074074074074,0.2592592592592592,0.2592592592592592,1.0,0.0,0.4074074074074074,Inapto (risco > 40%),3173.258581599409,646.3509314460159,Produtividade prevista intermediária,50.0,38.30057304673402,Viabilidade intermediária,3,1,1,5
Toledo,15/02/,0.7070027585536593,0.1075427610525407,27,0.2962962962962963,0.074074074074074,0.2592592592592592,0.7407407407407407,0.0,0.2222222222222222,Risco climático 30%,3098.8817517098546,617.9675854158958,Baixa produtividade prevista,50.0,-0.8806742260793237,Menos viável,1,2,2,5
Toledo,15/03/,0.6976167533640877,0.112135454870255,27,0.6296296296296297,0.5185185185185185,0.1851851851851851,1.0,0.037037037037037,0.4074074074074074,Inapto (risco > 40%),3141.804773287145,621.7353280285236,Produtividade prevista intermediária,46.2,16.6970354830545,Menos viável,3,1,2,6
Toledo,25/02/,0.6886692036236413,0.1099758108414028,27,0.3703703703703703,0.2222222222222222,0.1851851851851851,0.8888888888888888,0.0,0.2962962962962963,Risco climático 40%,3150.2458458466695,555.6266782952906,Produtividade prevista intermediária,50.0,33.59209690235684,Viabilidade intermediária,2,1,1,4
Toledo,25/03/,0.6984315530288908,0.1222462142239157,27,0.7037037037037037,0.6296296296296297,0.1481481481481481,1.0,0.1481481481481481,0.4074074074074074,Inapto (risco > 40%),3161.7259910094795,588.7198522856112,Produtividade prevista intermediária,50.0,24.430703595499374,Viabilidade intermediária,3,1,1,5
Três Barras do Paraná,05/02/,0.7638841897538418,0.1039871055335007,27,0.2962962962962963,0.2222222222222222,0.1111111111111111,0.5555555555555556,0.0,0.3703703703703703,Risco climático 30%,3271.805642026477,352.1271810547146,Alta produtividade prevista,50.0,58.24542870901189,Mais viável,1,0,0,1
Três Barras do Paraná,05/03/,0.7490680583886555,0.1003815561975329,27,0.3333333333333333,0.2592592592592592,0.1111111111111111,1.0,0.0,0.6296296296296297,Risco climático 40%,3319.317709641405,396.4943917337331,Alta produtividade prevista,50.0,90.39218246738574,Mais viável,2,0,0,2
Três Barras do Paraná,15/02/,0.7546509958124629,0.0956986649509028,27,0.2222222222222222,0.037037037037037,0.1851851851851851,0.8518518518518519,0.0,0.3333333333333333,Risco climático 30%,3349.232777016311,353.892048531862,Alta produtividade prevista,50.0,91.98395400718285,Mais viável,1,0,0,1
Três Barras do Paraná,15/03/,0.7578346788292323,0.1051811906335451,27,0.4444444444444444,0.3333333333333333,0.1111111111111111,1.0,0.037037037037037,0.5555555555555556,Inapto (risco > 40%),3329.424826851707,356.3148950733357,Alta produtividade prevista,50.0,82.93080024511318,Mais viável,3,0,0,3
Três Barras do Paraná,25/02/,0.7410353523069971,0.0994019669239344,27,0.2222222222222222,0.1111111111111111,0.1111111111111111,0.9629629629629628,0.0,0.4444444444444444,Risco climático 30%,3325.270374328887,316.7028944000721,Alta produtividade prevista,50.0,95.13864418510038,Mais viável,1,0,0,1
Três Barras do Paraná,25/03/,0.7523693704060767,0.1197347288898626,27,0.4814814814814814,0.4074074074074074,0.1111111111111111,1.0,0.1481481481481481,0.5925925925925926,Inapto (risco > 40%),3309.1009582776946,339.68503382569315,Alta produtividade prevista,50.0,81.24682841251388,Mais viável,3,0,0,3
Tupãssi,05/02/,0.7117754159987635,0.1251195041181496,27,0.5185185185185185,0.1851851851851851,0.4074074074074074,0.4074074074074074,0.0,0.1851851851851851,Inapto (risco > 40%),3141.0755742145993,515.7270855012891,Produtividade prevista intermediária,50.0,25.598731777137047,Viabilidade intermediária,3,1,1,5
Tupãssi,05/03/,0.6914119725590971,0.1120342090766388,27,0.4074074074074074,0.2592592592592592,0.2592592592592592,1.0,0.0,0.4074074074074074,Inapto (risco > 40%),3163.0420569725625,630.6352551299262,Produtividade prevista intermediária,50.0,36.64178296315067,Viabilidade intermediária,3,1,1,5
Tupãssi,15/02/,0.7073771874560774,0.1076818931834635,27,0.2962962962962963,0.074074074074074,0.2592592592592592,0.7407407407407407,0.0,0.2222222222222222,Risco climático 30%,3091.4865205648057,608.9641328372139,Baixa produtividade prevista,50.0,-2.303390129742577,Menos viável,1,2,2,5
Tupãssi,15/03/,0.6979685499083607,0.1121990356739625,27,0.6296296296296297,0.5185185185185185,0.1851851851851851,1.0,0.037037037037037,0.4074074074074074,Inapto (risco > 40%),3137.353883704755,595.8460130137839,Produtividade prevista intermediária,46.2,16.558878630812178,Menos viável,3,1,2,6
Tupãssi,25/02/,0.6890030589738807,0.1101055766024142,27,0.3703703703703703,0.2222222222222222,0.1851851851851851,0.8888888888888888,0.0,0.2962962962962963,Risco climático 40%,3142.5200108693516,545.9440180893687,Produtividade prevista intermediária,50.0,31.998677578982804,Viabilidade intermediária,2,1,1,4
Tupãssi,25/03/,0.6987848343676104,0.1222732213280117,27,0.7037037037037037,0.6296296296296297,0.1481481481481481,1.0,0.1481481481481481,0.4074074074074074,Inapto (risco > 40%),3159.917053791237,560.6189175304463,Produtividade prevista intermediária,50.0,25.21784371928783,Viabilidade intermediária,3,1,1,5
Vera Cruz do Oeste,05/02/,0.7278652638149666,0.1187201374055743,27,0.3333333333333333,0.1851851851851851,0.2222222222222222,0.5185185185185185,0.0,0.3333333333333333,Risco climático 40%,3202.989241333549,495.7182036687497,Produtividade prevista intermediária,50.0,35.44882946115633,Viabilidade intermediária,2,1,1,4
Vera Cruz do Oeste,05/03/,0.7264414399999631,0.0955788521714298,27,0.3703703703703703,0.2962962962962963,0.1481481481481481,1.0,0.0,0.5185185185185185,Risco climático 40%,3270.4844264167646,491.1769479492073,Alta produtividade prevista,50.0,75.65586583164898,Mais viável,2,0,0,2
Vera Cruz do Oeste,15/02/,0.7277630556463919,0.0968662826154794,27,0.2962962962962963,0.1111111111111111,0.2222222222222222,0.8518518518518519,0.0,0.3703703703703703,Risco climático 30%,3206.8495087119136,518.2589878844369,Produtividade prevista intermediária,50.0,39.3364381744906,Viabilidade intermediária,1,1,1,3
Vera Cruz do Oeste,15/03/,0.7356162165404437,0.098513164709534,27,0.5555555555555556,0.4444444444444444,0.1111111111111111,1.0,0.037037037037037,0.4814814814814814,Inapto (risco > 40%),3260.663811173394,467.14583252600835,Alta produtividade prevista,46.2,57.93358396972822,Mais viável,3,0,0,3
Vera Cruz do Oeste,25/02/,0.7194589351419692,0.0979975963308625,27,0.2962962962962963,0.2222222222222222,0.1481481481481481,0.9629629629629628,0.0,0.4074074074074074,Risco climático 30%,3250.570829520382,467.61689995970346,Alta produtividade prevista,50.0,67.60468043852217,Mais viável,1,0,0,1
Vera Cruz do Oeste,25/03/,0.7367762380559755,0.1158090216962403,27,0.6296296296296297,0.5925925925925926,0.1111111111111111,1.0,0.1851851851851851,0.5185185185185185,Inapto (risco > 40%),3226.855878942483,448.72943768365553,Produtividade prevista intermediária,50.0,52.74955520044026,Viabilidade intermediária,3,1,1,5
