municipio,data_semeadura,isna_medio,isna_desvio,n_anos,freq_evento_adverso,freq_deficit_faseI,freq_deficit_faseIII,freq_frio_floracao,freq_geada,freq_excesso_faseIV,risco_climatico,pct_anos_cobre_custo,margem_media_rs_ha_operacional_conab,risco_economico,margem_media_rs_ha_100pct,margem_media_rs_ha_rateio50,margem_media_rs_ha_rateio_proporcional,score_clima,score_economico,score_combinado
Anahy,05/02/,0.7493778837860363,0.1166926790381179,27,0.4444444444444444,0.1481481481481481,0.3703703703703703,0.4074074074074074,0.0,0.2222222222222222,Inapto (risco > 40%),50.0,55.251153322263356,Viabilidade intermediária,-874.3410286090059,26.75607675222388,193.62591107837764,3,1,4
Anahy,05/03/,0.7095964613767664,0.1116797010403957,27,0.3703703703703703,0.2222222222222222,0.1851851851851851,1.0,0.0,0.4444444444444444,Risco climático 40%,50.0,58.4080383429654,Mais viável,-871.184143588304,29.912961772925883,196.7827960990796,2,0,2
Anahy,15/02/,0.7357809111323024,0.103091857829665,27,0.2962962962962963,0.037037037037037,0.2592592592592592,0.7407407407407407,0.0,0.2592592592592592,Risco climático 30%,50.0,43.95516455162894,Viabilidade intermediária,-885.6370173796408,15.460087981589473,182.3299223077433,1,1,2
Anahy,15/03/,0.7163762380807691,0.108367212581462,27,0.4814814814814814,0.2962962962962963,0.2592592592592592,1.0,0.037037037037037,0.5185185185185185,Inapto (risco > 40%),50.0,55.54412288444907,Viabilidade intermediária,-874.0480590468204,27.04904631440959,193.9188806405633,3,1,4
Anahy,25/02/,0.7100115020839074,0.1088044930523154,27,0.3333333333333333,0.1111111111111111,0.2592592592592592,0.925925925925926,0.0,0.3703703703703703,Risco climático 40%,50.0,54.75938270541096,Viabilidade intermediária,-874.8327992258587,26.26430613537148,193.1341404615252,2,1,3
Anahy,25/03/,0.7088052239088216,0.1223937912937696,27,0.5555555555555556,0.4814814814814814,0.1481481481481481,1.0,0.1481481481481481,0.4814814814814814,Inapto (risco > 40%),50.0,47.699885185211535,Viabilidade intermediária,-881.8922967460583,19.204808615171995,186.0746429413257,3,1,4
Assis Chateaubriand,05/02/,0.7121457514299591,0.1251530896324591,27,0.5185185185185185,0.1851851851851851,0.4074074074074074,0.4074074074074074,0.0,0.1851851851851851,Inapto (risco > 40%),50.0,20.84305234071044,Viabilidade intermediária,-908.7491295905592,-7.652024229329002,159.2178100968247,3,1,4
Assis Chateaubriand,05/03/,0.6916828756344694,0.1118963806604964,27,0.4074074074074074,0.2592592592592592,0.2592592592592592,1.0,0.0,0.4074074074074074,Inapto (risco > 40%),50.0,26.908694636471434,Viabilidade intermediária,-902.683487294798,-1.586381933567946,165.2834523925858,3,1,4
Assis Chateaubriand,15/02/,0.7076627827713984,0.1075038457581336,27,0.2962962962962963,0.074074074074074,0.2592592592592592,0.7407407407407407,0.0,0.2222222222222222,Risco climático 30%,46.2,-9.195684272489425,Menos viável,-938.7878662037592,-37.69076084252893,129.1790734836248,1,2,3
Assis Chateaubriand,15/03/,0.6982641537006857,0.1121031829944386,27,0.6296296296296297,0.5185185185185185,0.1851851851851851,1.0,0.037037037037037,0.4074074074074074,Inapto (risco > 40%),46.2,9.433475569744527,Menos viável,-920.158706361525,-19.061601000294942,147.80823332585877,3,2,5
Assis Chateaubriand,25/02/,0.6893497333311531,0.1099295582248046,27,0.3703703703703703,0.2222222222222222,0.1851851851851851,0.8888888888888888,0.0,0.2962962962962963,Risco climático 40%,46.2,24.719024743154346,Viabilidade intermediária,-904.8731571881154,-3.776051826885123,163.09378249926857,2,1,3
Assis Chateaubriand,25/03/,0.6990632357662605,0.1222270136190685,27,0.7037037037037037,0.6296296296296297,0.1481481481481481,1.0,0.1481481481481481,0.4074074074074074,Inapto (risco > 40%),50.0,18.49506956244846,Viabilidade intermediária,-911.097112368821,-10.000007007591035,156.86982731856273,3,1,4
Boa Vista da Aparecida,05/02/,0.7571704753342134,0.1042118356964033,27,0.4074074074074074,0.2222222222222222,0.2222222222222222,0.5555555555555556,0.0,0.3333333333333333,Inapto (risco > 40%),50.0,56.290890345128794,Mais viável,-873.3012915861408,27.795813775089336,194.6656481012431,3,0,3
Boa Vista da Aparecida,05/03/,0.7430724633972594,0.0997492252116035,27,0.3703703703703703,0.2592592592592592,0.1481481481481481,1.0,0.0,0.5925925925925926,Risco climático 40%,50.0,88.56363683952107,Mais viável,-841.0285450917485,60.06856026948155,226.9383945956354,2,0,2
Boa Vista da Aparecida,15/02/,0.7472407744886106,0.0962708530555981,27,0.2222222222222222,0.037037037037037,0.1851851851851851,0.8518518518518519,0.0,0.3333333333333333,Risco climático 30%,50.0,92.29326153229756,Mais viável,-837.2989203989721,63.79818496225805,230.66801928841176,1,0,1
Boa Vista da Aparecida,15/03/,0.7516551028725231,0.105215305114228,27,0.4444444444444444,0.3333333333333333,0.1111111111111111,1.0,0.037037037037037,0.5555555555555556,Inapto (risco > 40%),50.0,83.44712715730415,Mais viável,-846.1450547739653,54.95205058726473,221.8218849134185,3,0,3
Boa Vista da Aparecida,25/02/,0.7346683293265843,0.0986506700555185,27,0.2592592592592592,0.1851851851851851,0.1111111111111111,0.9629629629629628,0.0,0.4444444444444444,Risco climático 30%,50.0,96.04146070925982,Mais viável,-833.5507212220099,67.54638413922034,234.41621846537413,1,0,1
Boa Vista da Aparecida,25/03/,0.7461242747288542,0.1197616320394461,27,0.4814814814814814,0.4074074074074074,0.1111111111111111,1.0,0.1481481481481481,0.5555555555555556,Inapto (risco > 40%),50.0,81.57021762644086,Mais viável,-848.0219643048289,53.07514105640144,219.9449753825552,3,0,3
Braganey,05/02/,0.7750169967399642,0.1020588779249508,27,0.3333333333333333,0.1481481481481481,0.2222222222222222,0.5185185185185185,0.0,0.2962962962962963,Risco climático 40%,50.0,79.79143309279267,Mais viável,-849.8007488384766,51.296356522753214,218.166190848907,2,0,2
Braganey,05/03/,0.7487224708555713,0.0986556873581582,27,0.3333333333333333,0.2222222222222222,0.1111111111111111,1.0,0.0,0.5925925925925926,Risco climático 40%,50.0,92.2961628787468,Mais viável,-837.2960190525228,63.80108630870728,230.67092063486103,2,0,2
Braganey,15/02/,0.763423756721751,0.0927218903440827,27,0.2962962962962963,0.037037037037037,0.2592592592592592,0.8518518518518519,0.0,0.3333333333333333,Risco climático 30%,50.0,90.31839267571114,Mais viável,-839.2737892555584,61.82331610567156,228.69315043182536,1,0,1
Braganey,15/03/,0.7566078904766572,0.1004810545849531,27,0.3333333333333333,0.2222222222222222,0.1111111111111111,1.0,0.037037037037037,0.5555555555555556,Risco climático 40%,50.0,86.25547264126898,Mais viável,-843.3367092900006,57.760396071229394,224.6302303973832,2,0,2
Braganey,25/02/,0.7429193238747942,0.0974770215229195,27,0.2962962962962963,0.1481481481481481,0.1851851851851851,0.9629629629629628,0.0,0.4444444444444444,Risco climático 30%,50.0,98.19742364499793,Mais viável,-831.3947582862717,69.70234707495828,236.5721814011121,1,0,1
Braganey,25/03/,0.7499272613639866,0.115788185402448,27,0.4074074074074074,0.3333333333333333,0.1111111111111111,1.0,0.1481481481481481,0.5555555555555556,Inapto (risco > 40%),50.0,79.80896944848763,Mais viável,-849.7832124827819,51.31389287844816,218.1837272046019,3,0,3
Cafelândia,05/02/,0.7366026160824503,0.1173105635896937,27,0.4444444444444444,0.1851851851851851,0.3703703703703703,0.4074074074074074,0.0,0.1481481481481481,Inapto (risco > 40%),50.0,50.32282526516606,Viabilidade intermediária,-879.2693566661036,21.82774869512652,188.69758302128028,3,1,4
Cafelândia,05/03/,0.6978795579441178,0.1108465398763539,27,0.4444444444444444,0.2592592592592592,0.2222222222222222,1.0,0.0,0.4074074074074074,Inapto (risco > 40%),50.0,61.17245210789935,Mais viável,-868.4197298233702,32.67737553785983,199.5472098640136,3,0,3
Cafelândia,15/02/,0.7222215252492826,0.1028729969288194,27,0.3333333333333333,0.074074074074074,0.2962962962962963,0.7407407407407407,0.0,0.1851851851851851,Risco climático 40%,50.0,38.03629858903439,Viabilidade intermediária,-891.5558833422352,9.541222018994825,176.4110563451486,2,1,3
Cafelândia,15/03/,0.7041147518172529,0.1081771989122183,27,0.4814814814814814,0.2962962962962963,0.2592592592592592,1.0,0.037037037037037,0.5185185185185185,Inapto (risco > 40%),50.0,56.89392621617405,Mais viável,-872.6982557150956,28.39884964613456,195.2686839722884,3,0,3
Cafelândia,25/02/,0.6976990419455633,0.1084221259328206,27,0.4074074074074074,0.1481481481481481,0.2962962962962963,0.925925925925926,0.0,0.3333333333333333,Inapto (risco > 40%),50.0,56.22646888276704,Mais viável,-873.3657130485025,27.731392312727465,194.6012266388813,3,0,3
Cafelândia,25/03/,0.6961101471277615,0.1219852063028276,27,0.5555555555555556,0.4814814814814814,0.1481481481481481,1.0,0.1481481481481481,0.3703703703703703,Inapto (risco > 40%),50.0,50.60699655463997,Viabilidade intermediária,-878.9851853766296,22.1119199846004,188.9817543107542,3,1,4
Campo Bonito,05/02/,0.7746723245647215,0.1022053621080676,27,0.3333333333333333,0.1481481481481481,0.2222222222222222,0.5185185185185185,0.0,0.2962962962962963,Risco climático 40%,50.0,81.17777941559483,Mais viável,-848.4144025156747,52.68270284555524,219.55253717170905,2,0,2
Campo Bonito,05/03/,0.7482613503434868,0.0988027641994627,27,0.3333333333333333,0.2222222222222222,0.1111111111111111,1.0,0.0,0.5925925925925926,Risco climático 40%,50.0,94.53422894703546,Mais viável,-835.0579529842342,66.03915237699594,232.90898670314976,2,0,2
Campo Bonito,15/02/,0.7630902088812243,0.0928599180021125,27,0.2962962962962963,0.037037037037037,0.2592592592592592,0.8518518518518519,0.0,0.3333333333333333,Risco climático 30%,50.0,91.86876350849982,Mais viável,-837.7234184227698,63.37368693846035,230.2435212646141,1,0,1
Campo Bonito,15/03/,0.7562647320319797,0.1006027511238373,27,0.3333333333333333,0.2222222222222222,0.1111111111111111,1.0,0.037037037037037,0.5555555555555556,Risco climático 40%,50.0,89.65726687661865,Mais viável,-839.9349150546507,61.162190306579184,228.03202463273288,2,0,2
Campo Bonito,25/02/,0.7425153588489667,0.0976013787639225,27,0.2962962962962963,0.1481481481481481,0.1851851851851851,0.9629629629629628,0.0,0.4444444444444444,Risco climático 30%,50.0,100.17301096535886,Mais viável,-829.4191709659111,71.6779343953193,238.547768721473,1,0,1
Campo Bonito,25/03/,0.7495703859038966,0.1158908910245871,27,0.4074074074074074,0.3333333333333333,0.1111111111111111,1.0,0.1481481481481481,0.5555555555555556,Inapto (risco > 40%),50.0,83.61838097905014,Mais viável,-845.9738009522196,55.12330440901064,221.99313873516445,3,0,3
Capitão Leônidas Marques,05/02/,0.7376015574398944,0.1148236618513721,27,0.2962962962962963,0.2222222222222222,0.1481481481481481,0.5185185185185185,0.0,0.4074074074074074,Risco climático 30%,50.0,20.12281504841671,Viabilidade intermediária,-909.4693668828533,-8.372261521622791,158.4975728045309,1,1,2
Capitão Leônidas Marques,05/03/,0.7446292840523315,0.0885818427538142,27,0.3333333333333333,0.2592592592592592,0.1111111111111111,1.0,0.0,0.5555555555555556,Risco climático 40%,53.8,68.50189585353696,Mais viável,-861.0902860777325,40.00681928349744,206.8766536096512,2,0,2
Capitão Leônidas Marques,15/02/,0.737455018213125,0.094127253314512,27,0.2962962962962963,0.1111111111111111,0.2222222222222222,0.8148148148148148,0.0,0.4074074074074074,Risco climático 30%,50.0,52.40392245667847,Viabilidade intermediária,-877.1882594745911,23.90884588663894,190.77868021279272,1,1,2
Capitão Leônidas Marques,15/03/,0.757396610128263,0.0912038283209195,27,0.4814814814814814,0.3703703703703703,0.1111111111111111,1.0,0.037037037037037,0.4814814814814814,Inapto (risco > 40%),50.0,50.401952110634255,Viabilidade intermediária,-879.1902298206353,21.90687554059477,188.77670986674852,3,1,4
Capitão Leônidas Marques,25/02/,0.7328525414600455,0.0929130870927183,27,0.2592592592592592,0.2222222222222222,0.1111111111111111,0.9629629629629628,0.0,0.5185185185185185,Risco climático 30%,46.2,78.42436112051051,Mais viável,-851.1678208107592,49.929284550471,216.7991188766248,1,0,1
Capitão Leônidas Marques,25/03/,0.7584358204781867,0.1077519170572786,27,0.5185185185185185,0.4814814814814814,0.074074074074074,1.0,0.1851851851851851,0.5925925925925926,Inapto (risco > 40%),53.8,63.39703085433491,Mais viável,-866.1951510769347,34.901954284295435,201.7717886104491,3,0,3
Cascavel,05/02/,0.7693786822379942,0.1016173243603964,27,0.3333333333333333,0.1481481481481481,0.2222222222222222,0.5185185185185185,0.0,0.2962962962962963,Risco climático 40%,50.0,78.02433717429996,Mais viável,-851.5678447569699,49.5292606042605,216.3990949304142,2,0,2
Cascavel,05/03/,0.7469445789893377,0.0963326827484882,27,0.3333333333333333,0.2222222222222222,0.1111111111111111,1.0,0.0,0.5925925925925926,Risco climático 40%,50.0,95.86078329479189,Mais viável,-833.7313986364776,67.36570672475233,234.2355410509061,2,0,2
Cascavel,15/02/,0.7584233851814239,0.0910195884039641,27,0.2962962962962963,0.037037037037037,0.2592592592592592,0.8518518518518519,0.0,0.3333333333333333,Risco climático 30%,50.0,91.01565727657642,Mais viável,-838.576524654693,62.52058070653696,229.3904150326907,1,0,1
Cascavel,15/03/,0.7538578906509842,0.0979898937658732,27,0.3333333333333333,0.2222222222222222,0.1111111111111111,1.0,0.037037037037037,0.5925925925925926,Risco climático 40%,50.0,95.2303043363631,Mais viável,-834.3618775949064,66.73522776632355,233.6050620924773,2,0,2
Cascavel,25/02/,0.7400430828606211,0.0958472604838534,27,0.2592592592592592,0.1481481481481481,0.1481481481481481,0.9629629629629628,0.0,0.4444444444444444,Risco climático 30%,50.0,104.05224098926276,Mais viável,-825.5399409420069,75.55716441922321,242.42699874537692,1,0,1
Cascavel,25/03/,0.7488311875001863,0.114201501355666,27,0.4074074074074074,0.3703703703703703,0.074074074074074,1.0,0.1481481481481481,0.5555555555555556,Inapto (risco > 40%),50.0,93.08754859791651,Mais viável,-836.5046333333531,64.592472027877,231.46230635403083,3,0,3
Catanduvas,05/02/,0.7784912185788306,0.1016497517187727,27,0.3333333333333333,0.1481481481481481,0.2222222222222222,0.5185185185185185,0.0,0.2962962962962963,Risco climático 40%,50.0,90.94223597515905,Mais viável,-838.6499459561105,62.4471594051195,229.31699373127336,2,0,2
Catanduvas,05/03/,0.7542836333084773,0.0969021991687501,27,0.3333333333333333,0.2222222222222222,0.1111111111111111,1.0,0.0,0.6296296296296297,Risco climático 40%,50.0,101.05320687329305,Mais viável,-828.5389750579767,72.55813030325348,239.4279646294072,2,0,2
Catanduvas,15/02/,0.7678353843316913,0.0913229357238973,27,0.2962962962962963,0.037037037037037,0.2592592592592592,0.8518518518518519,0.0,0.3333333333333333,Risco climático 30%,50.0,99.51844285153658,Mais viável,-830.0737390797332,71.02336628149698,237.8932006076508,1,0,1
Catanduvas,15/03/,0.7622109327481338,0.0981148310458775,27,0.3333333333333333,0.2222222222222222,0.1111111111111111,1.0,0.037037037037037,0.5925925925925926,Risco climático 40%,50.0,96.62841686834804,Mais viável,-832.9637650629217,68.13334029830844,235.00317462446225,2,0,2
Catanduvas,25/02/,0.7486297998838322,0.0963385492468184,27,0.2592592592592592,0.1481481481481481,0.1481481481481481,0.9629629629629628,0.0,0.4814814814814814,Risco climático 30%,50.0,106.97328058441684,Mais viável,-822.6189013468527,78.47820401437735,245.34803834053116,1,0,1
Catanduvas,25/03/,0.7567560943570096,0.1141221678779873,27,0.4074074074074074,0.3333333333333333,0.1111111111111111,1.0,0.1481481481481481,0.5925925925925926,Inapto (risco > 40%),50.0,91.45885381909908,Mais viável,-838.1333281121705,62.96377724905957,229.8336115752133,3,0,3
Corbélia,05/02/,0.7473366087974344,0.1167847648290243,27,0.4444444444444444,0.1481481481481481,0.3703703703703703,0.4074074074074074,0.0,0.2222222222222222,Inapto (risco > 40%),50.0,56.09776731515426,Mais viável,-873.4944146161153,27.60269074511477,194.47252507126848,3,0,3
Corbélia,05/03/,0.7076953512032427,0.1116114609732139,27,0.3703703703703703,0.2222222222222222,0.1851851851851851,1.0,0.0,0.4444444444444444,Risco climático 40%,50.0,62.1258753226659,Mais viável,-867.4663066086038,33.63079875262633,200.50063307878008,2,0,2
Corbélia,15/02/,0.7336000929667233,0.1030815449990766,27,0.2962962962962963,0.074074074074074,0.2592592592592592,0.7407407407407407,0.0,0.2592592592592592,Risco climático 30%,50.0,45.34025395950611,Viabilidade intermediária,-884.2519279717633,16.845177389466734,183.71501171562048,1,1,2
Corbélia,15/03/,0.7145295133901824,0.1082198363747604,27,0.4814814814814814,0.2962962962962963,0.2592592592592592,1.0,0.037037037037037,0.5185185185185185,Inapto (risco > 40%),50.0,60.07903967538333,Mais viável,-869.5131422558862,31.58396310534382,198.4537974314976,3,0,3
Corbélia,25/02/,0.707974400308145,0.1087072479898137,27,0.3703703703703703,0.1111111111111111,0.2962962962962963,0.925925925925926,0.0,0.3703703703703703,Risco climático 40%,50.0,58.712157275684476,Mais viável,-870.8800246555852,30.21708070564493,197.08691503179855,2,0,2
Corbélia,25/03/,0.7068008541913229,0.1223578582632227,27,0.5555555555555556,0.4814814814814814,0.1481481481481481,1.0,0.1481481481481481,0.4814814814814814,Inapto (risco > 40%),50.0,52.08029737806597,Viabilidade intermediária,-877.5118845532038,23.58522080802649,190.45505513418027,3,1,4
Céu Azul,05/02/,0.7326195426621467,0.1189392537306219,27,0.3333333333333333,0.1851851851851851,0.2222222222222222,0.5185185185185185,0.0,0.3333333333333333,Risco climático 40%,50.0,42.53326051791351,Viabilidade intermediária,-887.0589214133561,14.038183947873971,180.90801827402777,2,1,3
Céu Azul,05/03/,0.7313249466905272,0.09548349731933,27,0.3703703703703703,0.2962962962962963,0.1481481481481481,1.0,0.0,0.5185185185185185,Risco climático 40%,50.0,79.21280477293924,Mais viável,-850.3793771583304,50.71772820289969,217.58756252905343,2,0,2
Céu Azul,15/02/,0.7321453356260016,0.097410978126033,27,0.2592592592592592,0.1111111111111111,0.1851851851851851,0.8518518518518519,0.0,0.3703703703703703,Risco climático 30%,50.0,45.26526933482091,Viabilidade intermediária,-884.3269125964487,16.770192764781367,183.64002709093515,1,1,2
Céu Azul,15/03/,0.7403247117966058,0.0983623772755646,27,0.5555555555555556,0.4444444444444444,0.1111111111111111,1.0,0.037037037037037,0.5185185185185185,Inapto (risco > 40%),46.2,62.02274598475257,Mais viável,-867.5694359465168,33.52766941471301,200.3975037408668,3,0,3
Céu Azul,25/02/,0.7236931136665788,0.098314623177204,27,0.2962962962962963,0.2222222222222222,0.1481481481481481,0.9629629629629628,0.0,0.4074074074074074,Risco climático 30%,50.0,72.47302241814151,Mais viável,-857.1191595131281,43.977945848102,210.8477801742558,1,0,1
Céu Azul,25/03/,0.7413706820309821,0.1159364646913693,27,0.6296296296296297,0.5925925925925926,0.1111111111111111,1.0,0.1851851851851851,0.5555555555555556,Inapto (risco > 40%),50.0,55.31271656307414,Viabilidade intermediária,-874.2794653681956,26.817639993034565,193.6874743191884,3,1,4
Diamante D'Oeste,05/02/,0.6725791217487554,0.1404638252627179,27,0.4814814814814814,0.2592592592592592,0.4074074074074074,0.2222222222222222,0.0,0.2592592592592592,Inapto (risco > 40%),42.3,-57.762692679234235,Menos viável,-987.354874610504,-86.25776924927376,80.61206507687999,3,2,5
Diamante D'Oeste,05/03/,0.6850264488333935,0.1138339290514844,27,0.4444444444444444,0.3703703703703703,0.1851851851851851,0.925925925925926,0.0,0.4444444444444444,Inapto (risco > 40%),46.2,-21.27095191534859,Menos viável,-950.863133846618,-49.76602848538804,117.10380584076572,3,2,5
Diamante D'Oeste,15/02/,0.6753336280949022,0.1191067434224431,27,0.4074074074074074,0.1481481481481481,0.2962962962962963,0.4814814814814814,0.0,0.3333333333333333,Inapto (risco > 40%),46.2,-38.03566156205201,Menos viável,-967.6278434933216,-66.53073813209151,100.3390961940622,3,2,5
Diamante D'Oeste,15/03/,0.7042963443197316,0.1098182330519057,27,0.7037037037037037,0.5185185185185185,0.1851851851851851,1.0,0.0,0.4814814814814814,Inapto (risco > 40%),46.2,-53.34405187456785,Menos viável,-982.9362338058376,-81.83912844460734,85.03070588154642,3,2,5
Diamante D'Oeste,25/02/,0.6714475147844282,0.1147763135401152,27,0.4074074074074074,0.2962962962962963,0.1851851851851851,0.7777777777777778,0.0,0.3703703703703703,Inapto (risco > 40%),46.2,-29.357340535286372,Menos viável,-958.949522466556,-57.8524171053259,109.01741722082784,3,2,5
Diamante D'Oeste,25/03/,0.7122999577748649,0.1239961966175386,27,0.7777777777777778,0.7407407407407407,0.1111111111111111,1.0,0.0,0.4444444444444444,Inapto (risco > 40%),42.3,-24.11805541939984,Menos viável,-953.7102373506696,-52.61313198943932,114.25670233671444,3,2,5
Diamante do Sul,05/02/,0.7865006425967768,0.0986608237318847,27,0.3333333333333333,0.1481481481481481,0.2222222222222222,0.5925925925925926,0.037037037037037,0.2962962962962963,Risco climático 40%,50.0,93.77873667979968,Mais viável,-835.8134452514701,65.28366010976015,232.15349443591387,2,0,2
Diamante do Sul,05/03/,0.7519850485996757,0.1062485579578874,27,0.2962962962962963,0.1851851851851851,0.1111111111111111,1.0,0.037037037037037,0.6296296296296297,Risco climático 30%,50.0,98.36201512290185,Mais viável,-831.2301668083676,69.86693855286238,236.73677287901617,1,0,1
Diamante do Sul,15/02/,0.7733917255924263,0.0906534499789454,27,0.2592592592592592,0.0,0.2592592592592592,0.8518518518518519,0.037037037037037,0.3333333333333333,Risco climático 30%,50.0,104.33943509108619,Mais viável,-825.2527468401834,75.84435852104664,242.71419284720048,1,0,1
Diamante do Sul,15/03/,0.7553618902848377,0.1046329687328264,27,0.3703703703703703,0.2592592592592592,0.1111111111111111,1.0,0.074074074074074,0.5925925925925926,Risco climático 40%,50.0,88.64601258938828,Mais viável,-840.9461693418815,60.150936019348784,227.02077034550243,2,0,2
Diamante do Sul,25/02/,0.7518248356174089,0.09822140529464,27,0.3333333333333333,0.1481481481481481,0.1851851851851851,0.9629629629629628,0.037037037037037,0.4074074074074074,Risco climático 40%,50.0,99.88103950332506,Mais viável,-829.7111424279445,71.38596293328554,238.25579725943933,2,0,2
Diamante do Sul,25/03/,0.7505724164063592,0.1194022968498987,27,0.4444444444444444,0.3703703703703703,0.1111111111111111,1.0,0.1851851851851851,0.5925925925925926,Inapto (risco > 40%),50.0,81.1764650422135,Mais viável,-848.4157168890562,52.68138847217392,219.5512227983277,3,0,3
Entre Rios do Oeste,05/02/,0.670608836434018,0.1352887915620564,27,0.5555555555555556,0.2592592592592592,0.4814814814814814,0.1481481481481481,0.0,0.1481481481481481,Inapto (risco > 40%),46.2,-46.22677735507552,Menos viável,-975.8189592863451,-74.72185392511506,92.14798040103872,3,2,5
Entre Rios do Oeste,05/03/,0.6647078922010426,0.1205975342705338,27,0.5185185185185185,0.4814814814814814,0.2222222222222222,0.925925925925926,0.0,0.3703703703703703,Inapto (risco > 40%),50.0,-12.405287231728003,Menos viável,-941.9974691629976,-40.900363801767575,125.96947052438624,3,2,5
Entre Rios do Oeste,15/02/,0.6742949522972731,0.1187660251113539,27,0.3333333333333333,0.074074074074074,0.2962962962962963,0.4814814814814814,0.0,0.2222222222222222,Risco climático 40%,46.2,-39.191414658035754,Menos viável,-968.7835965893051,-67.68649122807531,99.18334309807852,2,2,4
Entre Rios do Oeste,15/03/,0.6757579894738112,0.1185876518580209,27,0.7037037037037037,0.5925925925925926,0.1481481481481481,1.0,0.0,0.2592592592592592,Inapto (risco > 40%),42.3,-52.400984457603386,Menos viável,-981.993166388873,-80.89606102764296,85.9737732985108,3,2,5
Entre Rios do Oeste,25/02/,0.6600834183685463,0.1202734418910496,27,0.4444444444444444,0.2592592592592592,0.2592592592592592,0.7777777777777778,0.0,0.2962962962962963,Inapto (risco > 40%),46.2,-3.623083037550067,Menos viável,-933.2152649688198,-32.11815960758958,134.75167471856415,3,2,5
Entre Rios do Oeste,25/03/,0.6836398239872663,0.1242487011671187,27,0.7407407407407407,0.6666666666666666,0.1481481481481481,1.0,0.0,0.3703703703703703,Inapto (risco > 40%),42.3,-25.615655521828103,Menos viável,-955.2078374530976,-54.11073209186758,112.7591022342862,3,2,5
Formosa do Oeste,05/02/,0.7349893275277244,0.1174309023281426,27,0.4814814814814814,0.1851851851851851,0.4074074074074074,0.4074074074074074,0.0,0.1481481481481481,Inapto (risco > 40%),50.0,43.874720410986725,Viabilidade intermediária,-885.7174615202829,15.37964384094721,182.249478167101,3,1,4
Formosa do Oeste,05/03/,0.6966582932730057,0.1105926960973666,27,0.4444444444444444,0.2592592592592592,0.2222222222222222,1.0,0.0,0.4074074074074074,Inapto (risco > 40%),50.0,48.61720902490856,Viabilidade intermediária,-880.9749729063612,20.12213245486905,186.9919667810228,3,1,4
Formosa do Oeste,15/02/,0.7205828513635459,0.1027630829809282,27,0.2962962962962963,0.074074074074074,0.2592592592592592,0.7407407407407407,0.0,0.1851851851851851,Risco climático 30%,50.0,28.529201200412654,Viabilidade intermediária,-901.062980730857,0.0341246303731238,166.90395895652694,1,1,2
Formosa do Oeste,15/03/,0.7023875524916547,0.1083266847469085,27,0.4814814814814814,0.2962962962962963,0.2592592592592592,1.0,0.037037037037037,0.4814814814814814,Inapto (risco > 40%),50.0,44.47169921968559,Viabilidade intermediária,-885.1204827115839,15.97662264964606,182.8464569757998,3,1,4
Formosa do Oeste,25/02/,0.6963297178385169,0.1085598912305776,27,0.4074074074074074,0.1481481481481481,0.2962962962962963,0.925925925925926,0.0,0.3333333333333333,Inapto (risco > 40%),50.0,45.70140942113783,Viabilidade intermediária,-883.890772510132,17.20633285109826,184.07616717725216,3,1,4
Formosa do Oeste,25/03/,0.694511795744387,0.1219376761870474,27,0.5555555555555556,0.4814814814814814,0.1481481481481481,1.0,0.1481481481481481,0.3703703703703703,Inapto (risco > 40%),50.0,39.08191279569736,Viabilidade intermediária,-890.5102691355722,10.58683622565788,177.45667055181158,3,1,4
Foz do Iguaçu,05/02/,0.6456509609891825,0.1302578151324777,27,0.5185185185185185,0.2592592592592592,0.4444444444444444,0.4444444444444444,0.0,0.2592592592592592,Inapto (risco > 40%),46.2,-32.1741652041023,Menos viável,-961.7663471353718,-60.66924177414183,106.20059255201193,3,2,5
Foz do Iguaçu,05/03/,0.6640004914891117,0.0975813792455261,27,0.6296296296296297,0.5185185185185185,0.2962962962962963,0.9629629629629628,0.0,0.2592592592592592,Inapto (risco > 40%),50.0,65.1048833395074,Mais viável,-864.4872985917622,36.60980676946794,203.47964109562164,3,0,3
Foz do Iguaçu,15/02/,0.6467748365856786,0.1072235901142674,27,0.4814814814814814,0.1851851851851851,0.3703703703703703,0.7407407407407407,0.0,0.2592592592592592,Inapto (risco > 40%),46.2,21.012071349304147,Viabilidade intermediária,-908.5801105819656,-7.483005220735427,159.38682910541846,3,1,4
Foz do Iguaçu,15/03/,0.689531941962335,0.0979806697631545,27,0.6666666666666666,0.5185185185185185,0.1851851851851851,1.0,0.037037037037037,0.4074074074074074,Inapto (risco > 40%),46.2,36.7452838234381,Viabilidade intermediária,-892.8468981078314,8.250207253398667,175.12004157955246,3,1,4
Foz do Iguaçu,25/02/,0.6503721144387202,0.0986435041349028,27,0.5555555555555556,0.4444444444444444,0.2592592592592592,0.8888888888888888,0.0,0.3333333333333333,Inapto (risco > 40%),50.0,66.13765879128337,Mais viável,-863.4545231399866,37.64258222124382,204.5124165473976,3,0,3
Foz do Iguaçu,25/03/,0.6964514592986083,0.1167491378793419,27,0.7037037037037037,0.6296296296296297,0.1111111111111111,1.0,0.1111111111111111,0.4074074074074074,Inapto (risco > 40%),50.0,41.84661460382626,Viabilidade intermediária,-887.7455673274434,13.351538033786692,180.2213723599404,3,1,4
Guaraniaçu,05/02/,0.7802500226320619,0.1019950446841577,27,0.3333333333333333,0.1481481481481481,0.2222222222222222,0.5185185185185185,0.0,0.2962962962962963,Risco climático 40%,50.0,88.75679692550742,Mais viável,-840.8353850057622,60.26172035546793,227.1315546816217,2,0,2
Guaraniaçu,05/03/,0.7541153824807146,0.0975624513746745,27,0.3333333333333333,0.2222222222222222,0.1111111111111111,1.0,0.0,0.6296296296296297,Risco climático 40%,50.0,97.60716112516957,Mais viável,-831.9850208061004,69.11208455513002,235.9819188812838,2,0,2
Guaraniaçu,15/02/,0.7691029003139184,0.0915355544051,27,0.2962962962962963,0.037037037037037,0.2592592592592592,0.8518518518518519,0.0,0.3703703703703703,Risco climático 30%,50.0,99.05541564955068,Mais viável,-830.5367662817191,70.5603390795111,237.4301734056649,1,0,1
Guaraniaçu,15/03/,0.7626763156889017,0.0985653594647989,27,0.3333333333333333,0.2222222222222222,0.1111111111111111,1.0,0.037037037037037,0.6296296296296297,Risco climático 40%,50.0,94.0570567264286,Mais viável,-835.535125204841,65.56198015638905,232.43181448254285,2,0,2
Guaraniaçu,25/02/,0.7492046239453259,0.0966724347293708,27,0.2592592592592592,0.1481481481481481,0.1481481481481481,0.9629629629629628,0.0,0.4814814814814814,Risco climático 30%,50.0,103.8360740223762,Mais viável,-825.7561079088935,75.34099745233674,242.21083177849053,1,0,1
Guaraniaçu,25/03/,0.757137063845996,0.114446776324186,27,0.4074074074074074,0.3333333333333333,0.1111111111111111,1.0,0.1481481481481481,0.5925925925925926,Inapto (risco > 40%),50.0,89.23502984619378,Mais viável,-840.3571520850758,60.73995327615432,227.60978760230805,3,0,3
Guaíra,05/02/,0.6842628881325848,0.129102353003115,27,0.5185185185185185,0.1851851851851851,0.4074074074074074,0.2962962962962963,0.0,0.1481481481481481,Inapto (risco > 40%),46.2,-12.955408010826668,Menos viável,-942.5475899420962,-41.450484580866174,125.41934974528758,3,2,5
Guaíra,05/03/,0.6670434774651709,0.1326764118577854,27,0.5185185185185185,0.4444444444444444,0.2592592592592592,0.9629629629629628,0.0,0.3703703703703703,Inapto (risco > 40%),50.0,-5.691367236959274,Menos viável,-935.2835491682288,-34.18644380699878,132.68339051915504,3,2,5
Guaíra,15/02/,0.6794023554896452,0.1199752685957056,27,0.3333333333333333,0.074074074074074,0.3333333333333333,0.6296296296296297,0.0,0.1851851851851851,Risco climático 40%,50.0,-29.29927453207177,Menos viável,-958.8914564633416,-57.79435110211132,109.0754832240425,2,2,4
Guaíra,15/03/,0.6703048887647804,0.1306361312861411,27,0.6296296296296297,0.5555555555555556,0.1851851851851851,1.0,0.0,0.2962962962962963,Inapto (risco > 40%),42.3,-25.395282805201454,Menos viável,-954.9874647364712,-53.89035937524096,112.97947495091282,3,2,5
Guaíra,25/02/,0.6636133264725662,0.130002577609979,27,0.4444444444444444,0.2592592592592592,0.2592592592592592,0.8148148148148148,0.0,0.3703703703703703,Inapto (risco > 40%),50.0,-6.061774246669048,Menos viável,-935.6539561779388,-34.55685081670859,132.3129835094451,3,2,5
Guaíra,25/03/,0.675307746797194,0.1333263961892099,27,0.6666666666666666,0.6296296296296297,0.1481481481481481,1.0,0.0,0.3333333333333333,Inapto (risco > 40%),46.2,4.50095640302576,Menos viável,-925.091225528244,-23.99412016701373,142.87571415914002,3,2,5
Ibema,05/02/,0.7748101236789068,0.1017681978561257,27,0.3333333333333333,0.1481481481481481,0.2222222222222222,0.5185185185185185,0.0,0.2962962962962963,Risco climático 40%,50.0,85.78668793132076,Mais viável,-843.8054939999488,57.291611361281184,224.161445687435,2,0,2
Ibema,05/03/,0.7511250351360975,0.0968123332523061,27,0.3333333333333333,0.2222222222222222,0.1111111111111111,1.0,0.0,0.6296296296296297,Risco climático 40%,50.0,98.80025141498793,Mais viável,-830.7919305162819,70.30517484494834,237.1750091711021,2,0,2
Ibema,15/02/,0.763993496390163,0.0913544095708773,27,0.2962962962962963,0.037037037037037,0.2592592592592592,0.8518518518518519,0.0,0.3333333333333333,Risco climático 30%,50.0,95.98414107005557,Mais viável,-833.6080408612142,67.48906450001606,234.35889882616988,1,0,1
Ibema,15/03/,0.7588328656519933,0.098193934891794,27,0.3333333333333333,0.2222222222222222,0.1111111111111111,1.0,0.037037037037037,0.5925925925925926,Risco climático 40%,50.0,96.57945857227031,Mais viável,-833.0127233589993,68.08438200223075,234.9542163283845,2,0,2
Ibema,25/02/,0.7451315270622002,0.0962421490292281,27,0.2592592592592592,0.1481481481481481,0.1481481481481481,0.9629629629629628,0.0,0.4814814814814814,Risco climático 30%,50.0,106.34048636722726,Mais viável,-823.2516955640424,77.84540979718787,244.71524412334156,1,0,1
Ibema,25/03/,0.7535101742285151,0.1142188311998169,27,0.4074074074074074,0.3333333333333333,0.1111111111111111,1.0,0.1481481481481481,0.5555555555555556,Inapto (risco > 40%),50.0,92.23588620952904,Mais viável,-837.3562957217405,63.7408096394895,230.61064396564325,3,0,3
Iguatu,05/02/,0.7520861418483235,0.1164776281925608,27,0.4444444444444444,0.1481481481481481,0.3703703703703703,0.4074074074074074,0.0,0.2222222222222222,Inapto (risco > 40%),50.0,57.23703130021614,Mais viável,-872.3551506310531,28.74195473017657,195.6117890563304,3,0,3
Iguatu,05/03/,0.7120026447441471,0.1119467841179686,27,0.3333333333333333,0.1851851851851851,0.1851851851851851,1.0,0.0,0.4444444444444444,Risco climático 40%,50.0,60.60838844027248,Mais viável,-868.9837934909968,32.11331187023288,198.9831461963867,2,0,2
Iguatu,15/02/,0.7387714699308018,0.1030928376301621,27,0.2962962962962963,0.037037037037037,0.2592592592592592,0.7407407407407407,0.0,0.2962962962962963,Risco climático 30%,50.0,47.11172090581621,Viabilidade intermediária,-882.4804610254536,18.616644335776808,185.48647866193053,1,1,2
Iguatu,15/03/,0.7187056881964966,0.10891636267495,27,0.4444444444444444,0.2962962962962963,0.2222222222222222,1.0,0.037037037037037,0.5185185185185185,Inapto (risco > 40%),50.0,57.70353604707972,Mais viável,-871.8886458841899,29.208459477040183,196.07829380319396,3,0,3
Iguatu,25/02/,0.7127013588256754,0.109067960648746,27,0.3333333333333333,0.1111111111111111,0.2592592592592592,0.925925925925926,0.0,0.3703703703703703,Risco climático 40%,50.0,56.336826149629516,Mais viável,-873.2553557816402,27.84174957959004,194.71158390574385,2,0,2
Iguatu,25/03/,0.7115496578421684,0.1225867666802412,27,0.5185185185185185,0.4444444444444444,0.1481481481481481,1.0,0.1481481481481481,0.4444444444444444,Inapto (risco > 40%),50.0,48.90307062611718,Viabilidade intermediária,-880.6891113051523,20.40799405607775,187.27782838223143,3,1,4
Iracema do Oeste,05/02/,0.7347737080776653,0.1174130635017993,27,0.4814814814814814,0.1851851851851851,0.4074074074074074,0.4074074074074074,0.0,0.1481481481481481,Inapto (risco > 40%),50.0,45.84385692928102,Viabilidade intermediária,-883.7483250019887,17.34878035924152,184.21861468539532,3,1,4
Iracema do Oeste,05/03/,0.6963608670398883,0.1106456604301704,27,0.4444444444444444,0.2592592592592592,0.2222222222222222,1.0,0.0,0.4074074074074074,Inapto (risco > 40%),50.0,53.123561337292976,Viabilidade intermediária,-876.4686205939765,24.628484767253493,191.4983190934072,3,1,4
Iracema do Oeste,15/02/,0.7203413058412965,0.1027707999862205,27,0.2962962962962963,0.074074074074074,0.2592592592592592,0.7407407407407407,0.0,0.1851851851851851,Risco climático 30%,50.0,31.266734526144294,Viabilidade intermediária,-898.3254474051254,2.771657956104806,169.6414922822585,1,1,2
Iracema do Oeste,15/03/,0.702186966014458,0.1083293541002578,27,0.4814814814814814,0.2962962962962963,0.2592592592592592,1.0,0.037037037037037,0.4814814814814814,Inapto (risco > 40%),50.0,48.426079361845524,Viabilidade intermediária,-881.1661025694242,19.93100279180597,186.8008371179597,3,1,4
Iracema do Oeste,25/02/,0.6960652195693321,0.1085542037833555,27,0.4074074074074074,0.1481481481481481,0.2962962962962963,0.925925925925926,0.0,0.3333333333333333,Inapto (risco > 40%),50.0,48.75750025589245,Viabilidade intermediária,-880.8346816753773,20.262423685852983,187.13225801200676,3,1,4
Iracema do Oeste,25/03/,0.6942882644790394,0.121953834703104,27,0.5555555555555556,0.4814814814814814,0.1851851851851851,1.0,0.1481481481481481,0.3703703703703703,Inapto (risco > 40%),50.0,43.029089952352436,Viabilidade intermediária,-886.563091978917,14.534013382312844,181.40384770846663,3,1,4
Itaipulândia,05/02/,0.6553970683535913,0.1374706292888312,27,0.5185185185185185,0.2592592592592592,0.4444444444444444,0.2222222222222222,0.0,0.2222222222222222,Inapto (risco > 40%),42.3,-62.949290800974985,Menos viável,-992.5414727322444,-91.4443673710145,75.42546695513923,3,2,5
Itaipulândia,05/03/,0.6682330332641668,0.1111484393435729,27,0.5555555555555556,0.4074074074074074,0.2592592592592592,0.925925925925926,0.0,0.3703703703703703,Inapto (risco > 40%),46.2,-20.380988214328077,Menos viável,-949.9731701455978,-48.87606478436753,117.99376954178622,3,2,5
Itaipulândia,15/02/,0.6587776398023449,0.1148595896664594,27,0.4074074074074074,0.1481481481481481,0.2962962962962963,0.4814814814814814,0.0,0.2222222222222222,Inapto (risco > 40%),46.2,-43.35980283576772,Menos viável,-972.9519847670372,-71.85487940580721,95.01495492034648,3,2,5
Itaipulândia,15/03/,0.6873748312987056,0.1090909884591387,27,0.7037037037037037,0.5555555555555556,0.1851851851851851,1.0,0.0,0.4074074074074074,Inapto (risco > 40%),46.2,-52.324655372634645,Menos viável,-981.916837303904,-80.81973194267415,86.05010238347958,3,2,5
Itaipulândia,25/02/,0.6568726971726491,0.1113283654472642,27,0.4444444444444444,0.3333333333333333,0.2222222222222222,0.7777777777777778,0.0,0.2962962962962963,Inapto (risco > 40%),46.2,-27.587648151866574,Menos viável,-957.1798300831364,-56.08272472190611,110.78710960424768,3,2,5
Itaipulândia,25/03/,0.6978257961538197,0.1224449576924722,27,0.7777777777777778,0.7407407407407407,0.1111111111111111,1.0,0.0,0.3333333333333333,Inapto (risco > 40%),42.3,-25.614678496106553,Menos viável,-955.2068604273762,-54.109755066146015,112.76007926000771,3,2,5
Jesuítas,05/02/,0.7367959649254892,0.1173574701985914,27,0.4444444444444444,0.1851851851851851,0.3703703703703703,0.4074074074074074,0.0,0.1481481481481481,Inapto (risco > 40%),50.0,45.566311063091725,Viabilidade intermediária,-884.0258708681779,17.07123449305221,183.9410688192059,3,1,4
Jesuítas,05/03/,0.6982077712546247,0.1107533653056234,27,0.4444444444444444,0.2592592592592592,0.2222222222222222,1.0,0.0,0.4074074074074074,Inapto (risco > 40%),50.0,52.50286191941877,Viabilidade intermediária,-877.0893200118509,24.00778534937929,190.87761967553297,3,1,4
Jesuítas,15/02/,0.7224205090062198,0.1028504409122772,27,0.2962962962962963,0.074074074074074,0.2592592592592592,0.7407407407407407,0.0,0.1851851851851851,Risco climático 30%,50.0,30.97922445696357,Viabilidade intermediária,-898.6129574743062,2.484147886923997,169.3539822130777,1,1,2
Jesuítas,15/03/,0.7042952869668655,0.1082031668297551,27,0.4814814814814814,0.2962962962962963,0.2592592592592592,1.0,0.037037037037037,0.5185185185185185,Inapto (risco > 40%),50.0,48.53806813125789,Viabilidade intermediária,-881.0541138000117,20.04299156121836,186.91282588737212,3,1,4
Jesuítas,25/02/,0.6980183959318849,0.1084685618076305,27,0.4074074074074074,0.1481481481481481,0.2962962962962963,0.925925925925926,0.0,0.3333333333333333,Inapto (risco > 40%),50.0,48.30173852036858,Viabilidade intermediária,-881.290443410901,19.806661950329097,186.6764962764828,3,1,4
Jesuítas,25/03/,0.6962902905294324,0.1219568930303745,27,0.5555555555555556,0.4814814814814814,0.1481481481481481,1.0,0.1481481481481481,0.3703703703703703,Inapto (risco > 40%),50.0,42.76511752840288,Viabilidade intermediária,-886.8270644028667,14.270040958363412,181.1398752845172,3,1,4
Lindoeste,05/02/,0.7417117965367299,0.1169697704114534,27,0.2962962962962963,0.1851851851851851,0.1481481481481481,0.5185185185185185,0.0,0.3703703703703703,Risco climático 30%,50.0,24.23651636553895,Viabilidade intermediária,-905.3556655657308,-4.25856020450052,162.61127412165325,1,1,2
Lindoeste,05/03/,0.749197543437797,0.0884418712624777,27,0.3333333333333333,0.2592592592592592,0.1111111111111111,1.0,0.0,0.5555555555555556,Risco climático 40%,53.8,72.64294852078635,Mais viável,-856.9492334104833,44.14787195074686,211.01770627690055,2,0,2
Lindoeste,15/02/,0.7425944183050469,0.0950285610144005,27,0.2592592592592592,0.1111111111111111,0.1851851851851851,0.8148148148148148,0.0,0.4074074074074074,Risco climático 30%,50.0,57.807403751636585,Mais viável,-871.7847781796328,29.312327181597084,196.1821615077509,1,0,1
Lindoeste,15/03/,0.7620880981383058,0.0911771357122431,27,0.4814814814814814,0.3703703703703703,0.1111111111111111,1.0,0.037037037037037,0.4814814814814814,Inapto (risco > 40%),50.0,54.806928791403884,Viabilidade intermediária,-874.7852531398659,26.311852221364408,193.18168654751813,3,1,4
Lindoeste,25/02/,0.7362594492130029,0.0934882232159068,27,0.2592592592592592,0.2222222222222222,0.1111111111111111,0.9629629629629628,0.0,0.5185185185185185,Risco climático 30%,50.0,80.47867472783119,Mais viável,-849.1135072034386,51.98359815779171,218.85343248394545,1,0,1
Lindoeste,25/03/,0.7628880361993928,0.1082058369159477,27,0.4444444444444444,0.4074074074074074,0.074074074074074,1.0,0.1851851851851851,0.5555555555555556,Inapto (risco > 40%),53.8,66.87543254611118,Mais viável,-862.7167493851586,38.3803559760717,205.25019030222543,3,0,3
Marechal Cândido Rondon,05/02/,0.6808777217129695,0.1357379416975717,27,0.5185185185185185,0.2222222222222222,0.4074074074074074,0.1481481481481481,0.0,0.1851851851851851,Inapto (risco > 40%),46.2,-43.04468972379125,Menos viável,-972.6368716550608,-71.53976629383068,95.33006803232308,3,2,5
Marechal Cândido Rondon,05/03/,0.6769774831040876,0.1213650933067959,27,0.4814814814814814,0.3703703703703703,0.2222222222222222,0.925925925925926,0.0,0.3703703703703703,Inapto (risco > 40%),46.2,-16.108360017696352,Menos viável,-945.7005419489658,-44.6034365877359,122.26639773841792,3,2,5
Marechal Cândido Rondon,15/02/,0.685796734504561,0.1211077405233293,27,0.3333333333333333,0.074074074074074,0.2962962962962963,0.4814814814814814,0.0,0.2592592592592592,Risco climático 40%,46.2,-34.79608629478922,Menos viável,-964.3882682260588,-63.29116286482871,103.57867146132506,2,2,4
Marechal Cândido Rondon,15/03/,0.6879052330312744,0.1185060586869007,27,0.7037037037037037,0.5925925925925926,0.1481481481481481,1.0,0.0,0.3333333333333333,Inapto (risco > 40%),42.3,-54.73347760577124,Menos viável,-984.3256595370408,-83.22855417581084,83.641280150343,3,2,5
Marechal Cândido Rondon,25/02/,0.6725215759785079,0.1219589405174011,27,0.4074074074074074,0.2592592592592592,0.2222222222222222,0.7777777777777778,0.0,0.3333333333333333,Inapto (risco > 40%),46.2,-1.1587208843180774,Menos viável,-930.7509028155878,-29.65379745435766,137.21603687179618,3,2,5
Marechal Cândido Rondon,25/03/,0.6952316067111695,0.1248261122579399,27,0.7407407407407407,0.6666666666666666,0.1481481481481481,1.0,0.0,0.3703703703703703,Inapto (risco > 40%),42.3,-27.372549830501995,Menos viável,-956.9647317617716,-55.86762640054156,111.00220792561218,3,2,5
Maripá,05/02/,0.7137829130995229,0.125162570793003,27,0.4814814814814814,0.1851851851851851,0.3703703703703703,0.4074074074074074,0.0,0.1851851851851851,Inapto (risco > 40%),50.0,21.99730322134682,Viabilidade intermediária,-907.594878709923,-6.49777334869273,160.372060977461,3,1,4
Maripá,05/03/,0.6934528294598468,0.1120789316886747,27,0.4074074074074074,0.2592592592592592,0.2592592592592592,1.0,0.0,0.4444444444444444,Inapto (risco > 40%),50.0,27.884144102723834,Viabilidade intermediária,-901.7080378285458,-0.6109324673157237,166.25890185883807,3,1,4
Maripá,15/02/,0.7094359496225356,0.1078607930862822,27,0.2962962962962963,0.074074074074074,0.2592592592592592,0.7407407407407407,0.0,0.2222222222222222,Risco climático 30%,46.2,-7.993018072014374,Menos viável,-937.5852000032842,-36.48809464205395,130.38173968409987,1,2,3
Maripá,15/03/,0.6999660604332886,0.1122148656946241,27,0.6296296296296297,0.5185185185185185,0.1851851851851851,1.0,0.037037037037037,0.4074074074074074,Inapto (risco > 40%),46.2,9.751171088973566,Menos viável,-919.841010842296,-18.743905481065948,148.12592884508786,3,2,5
Maripá,25/02/,0.6910159898322649,0.1102627789364427,27,0.3703703703703703,0.2222222222222222,0.1851851851851851,0.8888888888888888,0.0,0.2962962962962963,Risco climático 40%,46.2,25.058279910184183,Viabilidade intermediária,-904.5339020210852,-3.436796659855295,163.43303766629836,2,1,3
Maripá,25/03/,0.7007160600511575,0.122270857471564,27,0.7037037037037037,0.6296296296296297,0.1481481481481481,1.0,0.1481481481481481,0.4074074074074074,Inapto (risco > 40%),50.0,18.2769311220231,Menos viável,-911.3152508092464,-10.218145448016475,156.65168887813726,3,2,5
Matelândia,05/02/,0.7386598020164937,0.1152275249921733,27,0.2962962962962963,0.1851851851851851,0.1481481481481481,0.5185185185185185,0.0,0.3703703703703703,Risco climático 30%,50.0,21.951389602749522,Viabilidade intermediária,-907.6407923285204,-6.543686967290027,160.3261473588637,1,1,2
Matelândia,05/03/,0.7458854476460262,0.0885499237549854,27,0.3333333333333333,0.2592592592592592,0.1111111111111111,1.0,0.0,0.5555555555555556,Risco climático 40%,53.8,68.64036668695749,Mais viável,-860.9518152443122,40.14529011691796,207.01512444307167,2,0,2
Matelândia,15/02/,0.7387061217364095,0.0943498512511076,27,0.2962962962962963,0.1111111111111111,0.2222222222222222,0.8148148148148148,0.0,0.4074074074074074,Risco climático 30%,50.0,53.58751918704721,Viabilidade intermediária,-876.0046627442225,25.092442617007656,191.9622769431614,1,1,2
Matelândia,15/03/,0.7586001221402721,0.0912301130153881,27,0.4814814814814814,0.3703703703703703,0.1111111111111111,1.0,0.037037037037037,0.4814814814814814,Inapto (risco > 40%),46.2,49.86160597025251,Viabilidade intermediária,-879.7305759610172,21.366529400212883,188.23636372636668,3,1,4
Matelândia,25/02/,0.7337103562779154,0.0930742114541434,27,0.2592592592592592,0.2222222222222222,0.1111111111111111,0.9629629629629628,0.0,0.5185185185185185,Risco climático 30%,46.2,78.76343455961174,Mais viável,-850.8287473716581,50.26835798957224,217.13819231572592,1,0,1
Matelândia,25/03/,0.7595208577917512,0.1078791749885075,27,0.4444444444444444,0.4074074074074074,0.074074074074074,1.0,0.1851851851851851,0.5925925925925926,Inapto (risco > 40%),53.8,61.89162701904282,Mais viável,-867.7005549122271,33.396550449003264,200.26638477515704,3,0,3
Medianeira,05/02/,0.6800880911271748,0.1378754037125905,27,0.4444444444444444,0.2592592592592592,0.3703703703703703,0.4444444444444444,0.0,0.2592592592592592,Inapto (risco > 40%),42.3,-21.73330409595765,Menos viável,-951.3254860272268,-50.22838066599719,116.6414536601566,3,2,5
Medianeira,05/03/,0.7004610624608203,0.0980585068436109,27,0.5555555555555556,0.4814814814814814,0.1851851851851851,0.9629629629629628,0.0,0.5555555555555556,Inapto (risco > 40%),46.2,43.763552735608386,Viabilidade intermediária,-885.8286291956612,15.268476165568874,182.13831049172268,3,1,4
Medianeira,15/02/,0.6829891100579876,0.1145878032351395,27,0.3703703703703703,0.1481481481481481,0.2592592592592592,0.7407407407407407,0.0,0.4074074074074074,Risco climático 40%,46.2,14.90205274977071,Menos viável,-914.6901291814988,-13.5930238202688,153.27681050588495,2,2,4
Medianeira,15/03/,0.7256315062492221,0.0986336129009921,27,0.6666666666666666,0.5185185185185185,0.1481481481481481,1.0,0.037037037037037,0.4814814814814814,Inapto (risco > 40%),46.2,11.685251335689259,Menos viável,-917.9069305955804,-16.809825234350228,150.06000909180352,3,2,5
Medianeira,25/02/,0.6831994954505907,0.1039425755213152,27,0.3333333333333333,0.2962962962962963,0.1481481481481481,0.8888888888888888,0.0,0.4444444444444444,Risco climático 40%,46.2,34.24478017753577,Viabilidade intermediária,-895.347401753734,5.74970360749624,172.61953793365,2,1,3
Medianeira,25/03/,0.732883334046447,0.117566060267487,27,0.7037037037037037,0.6296296296296297,0.1111111111111111,1.0,0.1111111111111111,0.4814814814814814,Inapto (risco > 40%),46.2,32.50349441793523,Viabilidade intermediária,-897.0886875133344,4.008417847895719,170.8782521740494,3,1,4
Mercedes,05/02/,0.6806028907325431,0.1357347432334341,27,0.5185185185185185,0.2222222222222222,0.4074074074074074,0.1481481481481481,0.0,0.1851851851851851,Inapto (risco > 40%),46.2,-45.354741219169185,Menos viável,-974.9469231504386,-73.84981778920874,93.02001653694502,3,2,5
Mercedes,05/03/,0.6766378040844496,0.1213456163280941,27,0.4814814814814814,0.3703703703703703,0.2222222222222222,0.925925925925926,0.0,0.3703703703703703,Inapto (risco > 40%),46.2,-21.090252139369795,Menos viável,-950.6824340706391,-49.58532870940925,117.28450561674444,3,2,5
Mercedes,15/02/,0.685495188587388,0.1210478628424678,27,0.3333333333333333,0.074074074074074,0.2962962962962963,0.4814814814814814,0.0,0.2592592592592592,Risco climático 40%,46.2,-38.32719325099091,Menos viável,-967.9193751822604,-66.82226982103035,100.04756450512336,2,2,4
Mercedes,15/03/,0.6875929339668806,0.1184822240902966,27,0.7037037037037037,0.5925925925925926,0.1481481481481481,1.0,0.0,0.3333333333333333,Inapto (risco > 40%),42.3,-59.02507344043847,Menos viável,-988.617255371708,-87.5201500104779,79.34968431567579,3,2,5
Mercedes,25/02/,0.6722181198867996,0.1218958763534619,27,0.4074074074074074,0.2592592592592592,0.2222222222222222,0.7777777777777778,0.0,0.3333333333333333,Inapto (risco > 40%),46.2,-7.532510137532077,Menos viável,-937.1246920688016,-36.02758670757161,130.8422476185822,3,2,5
Mercedes,25/03/,0.6949196814823874,0.1248068418281305,27,0.7407407407407407,0.6666666666666666,0.1481481481481481,1.0,0.0,0.3703703703703703,Inapto (risco > 40%),42.3,-30.515623318943277,Menos viável,-960.1078052502128,-59.01069988898281,107.85913443717088,3,2,5
Missal,05/02/,0.6553575600967221,0.1374409511397205,27,0.5185185185185185,0.2592592592592592,0.4444444444444444,0.2222222222222222,0.0,0.2222222222222222,Inapto (risco > 40%),42.3,-61.8882427333147,Menos viável,-991.4804246645846,-90.38331930335428,76.48651502279947,3,2,5
Missal,05/03/,0.6682049498238489,0.1111307210530314,27,0.5555555555555556,0.4074074074074074,0.2592592592592592,0.925925925925926,0.0,0.3703703703703703,Inapto (risco > 40%),46.2,-23.596593045248817,Menos viável,-953.1887749765184,-52.091669615288346,114.77816471086544,3,2,5
Missal,15/02/,0.6587328402550285,0.1148280943453234,27,0.4074074074074074,0.1481481481481481,0.2962962962962963,0.4814814814814814,0.0,0.2222222222222222,Inapto (risco > 40%),46.2,-44.74302128761653,Menos viável,-974.3352032188862,-73.2380978576561,93.63173646849776,3,2,5
Missal,15/03/,0.6873291400200265,0.1090734937341046,27,0.7037037037037037,0.5555555555555556,0.1851851851851851,1.0,0.0,0.4074074074074074,Inapto (risco > 40%),46.2,-55.339467018547936,Menos viável,-984.9316489498176,-83.83454358858734,83.03529073756637,3,2,5
Missal,25/02/,0.6568292198253602,0.1113043970782838,27,0.4444444444444444,0.3333333333333333,0.2222222222222222,0.7777777777777778,0.0,0.2962962962962963,Inapto (risco > 40%),46.2,-30.198704505472172,Menos viável,-959.7908864367416,-58.69378107551177,108.176053250642,3,2,5
Missal,25/03/,0.6977633018150117,0.122432838851554,27,0.7777777777777778,0.7407407407407407,0.1111111111111111,1.0,0.0,0.3333333333333333,Inapto (risco > 40%),42.3,-27.53413597742008,Menos viável,-957.1263179086898,-56.0292125474596,110.84062177869411,3,2,5
Nova Aurora,05/02/,0.7383420498577367,0.1172885288125414,27,0.4444444444444444,0.1851851851851851,0.3703703703703703,0.4074074074074074,0.0,0.1481481481481481,Inapto (risco > 40%),50.0,47.68953925687163,Viabilidade intermediária,-881.9026426743977,19.19446268683217,186.06429701298595,3,1,4
Nova Aurora,05/03/,0.699596913970643,0.1108552384740928,27,0.4074074074074074,0.2592592592592592,0.1851851851851851,1.0,0.0,0.4074074074074074,Inapto (risco > 40%),50.0,54.659394611650825,Viabilidade intermediária,-874.932787319619,26.164318041611367,193.03415236776516,3,1,4
Nova Aurora,15/02/,0.7240306107696058,0.1029128559533309,27,0.2962962962962963,0.074074074074074,0.2592592592592592,0.7407407407407407,0.0,0.1851851851851851,Risco climático 30%,50.0,33.89158498905521,Viabilidade intermediária,-895.7005969422145,5.396508419015635,172.26634274516934,1,1,2
Nova Aurora,15/03/,0.7058749609075462,0.1080703533581802,27,0.4814814814814814,0.2962962962962963,0.2592592592592592,1.0,0.037037037037037,0.5185185185185185,Inapto (risco > 40%),50.0,51.32703758417253,Viabilidade intermediária,-878.265144347097,22.831961014133096,189.7017953402868,3,1,4
Nova Aurora,25/02/,0.6994958532013464,0.108382331734004,27,0.4074074074074074,0.1481481481481481,0.2962962962962963,0.925925925925926,0.0,0.3333333333333333,Inapto (risco > 40%),50.0,50.24382001785388,Viabilidade intermediária,-879.3483619134157,21.74874344781427,188.61857777396816,3,1,4
Nova Aurora,25/03/,0.6978403109771207,0.1219619595371979,27,0.5555555555555556,0.4814814814814814,0.1481481481481481,1.0,0.1481481481481481,0.4074074074074074,Inapto (risco > 40%),50.0,44.98587902614817,Viabilidade intermediária,-884.6063029051215,16.490802456108597,183.3606367822624,3,1,4
Nova Santa Rosa,05/02/,0.7139855439370277,0.1251725850879391,27,0.4814814814814814,0.1851851851851851,0.3703703703703703,0.4074074074074074,0.0,0.1851851851851851,Inapto (risco > 40%),50.0,21.817800778704388,Viabilidade intermediária,-907.7743811525652,-6.677275791335135,160.19255853481866,3,1,4
Nova Santa Rosa,05/03/,0.6936370754607348,0.1120546423377958,27,0.4074074074074074,0.2592592592592592,0.2592592592592592,1.0,0.0,0.4444444444444444,Inapto (risco > 40%),50.0,26.942646799501606,Viabilidade intermediária,-902.6495351317684,-1.5524297705379082,165.31740455561592,3,1,4
Nova Santa Rosa,15/02/,0.7096246155441404,0.1078380514116067,27,0.2962962962962963,0.074074074074074,0.2592592592592592,0.7407407407407407,0.0,0.2222222222222222,Risco climático 30%,46.2,-8.213262523051245,Menos viável,-937.8054444543208,-36.70833909309076,130.16149523306302,1,2,3
Nova Santa Rosa,15/03/,0.700154959103425,0.1121894571222062,27,0.6296296296296297,0.5185185185185185,0.1851851851851851,1.0,0.037037037037037,0.4074074074074074,Inapto (risco > 40%),46.2,9.815677796026726,Menos viável,-919.7765041352428,-18.679398774012864,148.1904355521409,3,2,5
Nova Santa Rosa,25/02/,0.6912163536794037,0.1102352988751023,27,0.3703703703703703,0.2222222222222222,0.1851851851851851,0.8888888888888888,0.0,0.2962962962962963,Risco climático 40%,46.2,23.675836182226774,Viabilidade intermediária,-905.9163457490426,-4.819240387812704,162.05059393834102,2,1,3
Nova Santa Rosa,25/03/,0.7009022120772305,0.1222652110649407,27,0.7037037037037037,0.6296296296296297,0.1481481481481481,1.0,0.1481481481481481,0.4074074074074074,Inapto (risco > 40%),50.0,18.39539333561818,Viabilidade intermediária,-911.1967885956516,-10.09968323442128,156.77015109173243,3,1,4
Ouro Verde do Oeste,05/02/,0.7288007483577702,0.1188372928414387,27,0.3703703703703703,0.1851851851851851,0.2592592592592592,0.5185185185185185,0.0,0.3333333333333333,Risco climático 40%,50.0,33.296370478861064,Viabilidade intermediária,-896.2958114524087,4.801293908821558,171.67112823497524,2,1,3
Ouro Verde do Oeste,05/03/,0.7248568321415673,0.0973365339050117,27,0.3703703703703703,0.2592592592592592,0.1481481481481481,1.0,0.0,0.5185185185185185,Risco climático 40%,50.0,74.54658811215096,Mais viável,-855.045593819119,46.0515115421115,212.9213458682652,2,0,2
Ouro Verde do Oeste,15/02/,0.7274588887491932,0.0987442275108961,27,0.2962962962962963,0.1111111111111111,0.2222222222222222,0.8518518518518519,0.0,0.3703703703703703,Risco climático 30%,50.0,37.93515192879939,Viabilidade intermediária,-891.6570300024704,9.440075358759906,176.30990968491363,1,1,2
Ouro Verde do Oeste,15/03/,0.7344679606334366,0.1003047642939441,27,0.5555555555555556,0.4444444444444444,0.1111111111111111,1.0,0.037037037037037,0.4444444444444444,Inapto (risco > 40%),46.2,54.62278108430307,Viabilidade intermediária,-874.9694008469663,26.127704514263648,192.9975388404174,3,1,4
Ouro Verde do Oeste,25/02/,0.7176936290410298,0.0999526589100476,27,0.2962962962962963,0.2222222222222222,0.1481481481481481,0.9629629629629628,0.0,0.4074074074074074,Risco climático 30%,50.0,64.07258672207851,Mais viável,-865.5195952091909,35.57751015203899,202.44734447819275,1,0,1
Ouro Verde do Oeste,25/03/,0.7346310000958816,0.1173980165831733,27,0.6666666666666666,0.6296296296296297,0.1111111111111111,1.0,0.1851851851851851,0.5555555555555556,Inapto (risco > 40%),50.0,45.58764874285277,Viabilidade intermediária,-884.004533188417,17.092572172813334,183.96240649896708,3,1,4
Palotina,05/02/,0.712338661245097,0.1251684643037331,27,0.5185185185185185,0.1851851851851851,0.4074074074074074,0.4074074074074074,0.0,0.1851851851851851,Inapto (risco > 40%),50.0,18.39079993758765,Menos viável,-911.201381993682,-10.104276632451748,156.765557693702,3,2,5
Palotina,05/03/,0.6918335368686812,0.1118388585672397,27,0.4074074074074074,0.2592592592592592,0.2592592592592592,1.0,0.0,0.4074074074074074,Inapto (risco > 40%),50.0,20.894322412575775,Viabilidade intermediária,-908.6978595186936,-7.600754157463668,159.26908016869007,3,1,4
Palotina,15/02/,0.7078154158667481,0.1074290143870852,27,0.2962962962962963,0.074074074074074,0.2592592592592592,0.7407407407407407,0.0,0.2222222222222222,Risco climático 30%,46.2,-11.972332039482598,Menos viável,-941.5645139707522,-40.467408609522096,126.40242571663173,1,2,3
Palotina,15/03/,0.6984177182159819,0.1120806889104525,27,0.6296296296296297,0.5185185185185185,0.1851851851851851,1.0,0.037037037037037,0.4074074074074074,Inapto (risco > 40%),46.2,4.999837102697527,Menos viável,-924.592344828572,-23.49523946734196,143.37459485881178,3,2,5
Palotina,25/02/,0.6895305269554322,0.1098561470291722,27,0.3703703703703703,0.2222222222222222,0.1851851851851851,0.8888888888888888,0.0,0.2962962962962963,Risco climático 40%,46.2,20.317605940857938,Viabilidade intermediária,-909.2745759904114,-8.17747062918154,158.69236369697222,2,1,3
Palotina,25/03/,0.6992151294415451,0.1222070616498093,27,0.7037037037037037,0.6296296296296297,0.1481481481481481,1.0,0.1481481481481481,0.4074074074074074,Inapto (risco > 40%),50.0,13.524717386554759,Menos viável,-916.0674645447148,-14.970359183484648,151.89947514266908,3,2,5
Pato Bragado,05/02/,0.6614122516250295,0.1345819405008498,27,0.5555555555555556,0.2592592592592592,0.4814814814814814,0.1481481481481481,0.0,0.1111111111111111,Inapto (risco > 40%),46.2,-47.47652599308605,Menos viável,-977.0687079243556,-75.97160256312551,90.89823176302828,3,2,5
Pato Bragado,05/03/,0.653973043056836,0.1200889452364677,27,0.5925925925925926,0.4814814814814814,0.2962962962962963,0.925925925925926,0.0,0.3333333333333333,Inapto (risco > 40%),50.0,-10.985083330533406,Menos viável,-940.5772652618032,-39.48015990057287,127.38967442558092,3,2,5
Pato Bragado,15/02/,0.6637647753007861,0.1164358314544259,27,0.4074074074074074,0.074074074074074,0.3703703703703703,0.4814814814814814,0.0,0.1851851851851851,Inapto (risco > 40%),46.2,-40.405193618264704,Menos viável,-969.9973755495344,-68.90027018830422,97.96956413784952,3,2,5
Pato Bragado,15/03/,0.6646844862249336,0.1186570997357176,27,0.7037037037037037,0.5925925925925926,0.1851851851851851,1.0,0.0,0.2592592592592592,Inapto (risco > 40%),42.3,-49.971259990524864,Menos viável,-979.5634419217944,-78.46633656056434,88.40349776558946,3,2,5
Pato Bragado,25/02/,0.6492436018969505,0.118759190217094,27,0.4444444444444444,0.2592592592592592,0.2962962962962963,0.7777777777777778,0.0,0.2592592592592592,Inapto (risco > 40%),46.2,-3.705614270657485,Menos viável,-933.2977962019268,-32.20069084069696,134.66914348545686,3,2,5
Pato Bragado,25/03/,0.673269592188785,0.1237381158330764,27,0.7777777777777778,0.7407407407407407,0.1481481481481481,1.0,0.0,0.3333333333333333,Inapto (risco > 40%),42.3,-24.970936433619194,Menos viável,-954.5631183648889,-53.466013003658695,113.40382132249508,3,2,5
Quatro Pontes,05/02/,0.7162465935721007,0.1251561720065493,27,0.4444444444444444,0.1851851851851851,0.3333333333333333,0.4074074074074074,0.0,0.1851851851851851,Inapto (risco > 40%),50.0,24.703156633896704,Viabilidade intermediária,-904.889025297373,-3.791919936142764,163.077914390011,3,1,4
Quatro Pontes,05/03/,0.696074124835031,0.1123666577577134,27,0.3703703703703703,0.2592592592592592,0.2222222222222222,1.0,0.0,0.4444444444444444,Risco climático 40%,50.0,33.68814570924717,Viabilidade intermediária,-895.9040362220222,5.193069139207637,172.0629034653615,2,1,3
Quatro Pontes,15/02/,0.7120983978237301,0.1083681855695127,27,0.2962962962962963,0.074074074074074,0.2592592592592592,0.7407407407407407,0.0,0.2592592592592592,Risco climático 30%,46.2,-3.0231581657384803,Menos viável,-932.6153400970082,-31.518234735777977,135.35159959037577,1,2,3
Quatro Pontes,15/03/,0.7025039744586068,0.1124447743471792,27,0.6296296296296297,0.5185185185185185,0.1851851851851851,1.0,0.037037037037037,0.4074074074074074,Inapto (risco > 40%),46.2,15.334839849369342,Menos viável,-914.2573420819002,-13.16023672067018,153.7095976054836,3,2,5
Quatro Pontes,25/02/,0.6934623444484596,0.1107765152200036,27,0.3333333333333333,0.2222222222222222,0.1481481481481481,0.8888888888888888,0.0,0.2962962962962963,Risco climático 40%,46.2,27.454323103808125,Viabilidade intermediária,-902.1378588274616,-1.0407534662313782,165.82908085992236,2,1,3
Quatro Pontes,25/03/,0.7031286820829005,0.1222874145624455,27,0.7037037037037037,0.6296296296296297,0.1481481481481481,1.0,0.1481481481481481,0.4074074074074074,Inapto (risco > 40%),50.0,22.010571576856712,Viabilidade intermediária,-907.5816103544128,-6.484504993182816,160.38532933297105,3,1,4
Ramilândia,05/02/,0.6549348514244772,0.1373054595383687,27,0.5185185185185185,0.2592592592592592,0.4444444444444444,0.2222222222222222,0.0,0.2222222222222222,Inapto (risco > 40%),42.3,-56.982549648787966,Menos viável,-986.574731580058,-85.47762621882757,81.3922081073262,3,2,5
Ramilândia,05/03/,0.6677578223845588,0.1110704358948723,27,0.5555555555555556,0.4074074074074074,0.2592592592592592,0.925925925925926,0.0,0.3703703703703703,Inapto (risco > 40%),46.2,-18.871381795372233,Menos viável,-948.4635637266416,-47.36645836541168,119.50337596074208,3,2,5
Ramilândia,15/02/,0.6583032216234513,0.1146666879932384,27,0.4074074074074074,0.1481481481481481,0.2962962962962963,0.4814814814814814,0.0,0.2222222222222222,Inapto (risco > 40%),46.2,-40.5058372984461,Menos viável,-970.0980192297156,-69.0009138684856,97.86892045766818,3,2,5
Ramilândia,15/03/,0.686852340565663,0.1090223419903498,27,0.7037037037037037,0.5555555555555556,0.1851851851851851,1.0,0.0,0.3703703703703703,Inapto (risco > 40%),46.2,-48.868458242182484,Menos viável,-978.460640173452,-77.36353481222204,89.50629951393178,3,2,5
Ramilândia,25/02/,0.6563997034909913,0.1111774575872992,27,0.4444444444444444,0.3333333333333333,0.2222222222222222,0.7777777777777778,0.0,0.2962962962962963,Inapto (risco > 40%),46.2,-25.711326688684213,Menos viável,-955.303508619954,-54.20640325872369,112.66343106743012,3,2,5
Ramilândia,25/03/,0.6972587929802398,0.1223850720167044,27,0.7777777777777778,0.7407407407407407,0.1111111111111111,1.0,0.0,0.3333333333333333,Inapto (risco > 40%),42.3,-23.652433000074325,Menos viável,-953.2446149313438,-52.14750957011382,114.72232475603992,3,2,5
Santa Helena,05/02/,0.6556869016440179,0.1378568654582666,27,0.5185185185185185,0.2592592592592592,0.4444444444444444,0.2222222222222222,0.0,0.1851851851851851,Inapto (risco > 40%),42.3,-67.91756949359252,Menos viável,-997.509751424862,-96.41264606363194,70.45718826252178,3,2,5
Santa Helena,05/03/,0.6666508153652239,0.1121511856392142,27,0.5555555555555556,0.4074074074074074,0.2592592592592592,0.925925925925926,0.0,0.3703703703703703,Inapto (risco > 40%),46.2,-28.946065799813045,Menos viável,-958.538247731083,-57.441142369852585,109.42869195630117,3,2,5
Santa Helena,15/02/,0.6585580622638164,0.1158012638136132,27,0.4074074074074074,0.1481481481481481,0.2962962962962963,0.4814814814814814,0.0,0.2222222222222222,Inapto (risco > 40%),46.2,-49.35846764772262,Menos viável,-978.9506495789922,-77.85354421776205,89.01629010839169,3,2,5
Santa Helena,15/03/,0.6855020005870754,0.1098698320240113,27,0.7037037037037037,0.5185185185185185,0.1851851851851851,1.0,0.0,0.3703703703703703,Inapto (risco > 40%),46.2,-61.37305539681688,Menos viável,-990.9652373280862,-89.86813196685635,77.00170235929737,3,2,5
Santa Helena,25/02/,0.6550089604543274,0.111935313023197,27,0.4814814814814814,0.3333333333333333,0.2592592592592592,0.7777777777777778,0.0,0.2962962962962963,Inapto (risco > 40%),46.2,-38.09555937925947,Menos viável,-967.6877413105292,-66.59063594929891,100.27919837685478,3,2,5
Santa Helena,25/03/,0.6947700192154924,0.1227175091820644,27,0.7777777777777778,0.7407407407407407,0.1111111111111111,1.0,0.0,0.3333333333333333,Inapto (risco > 40%),42.3,-32.76743433854005,Menos viável,-962.3596162698096,-61.26251090857958,105.60732341757418,3,2,5
Santa Lúcia,05/02/,0.7414236274522125,0.1163330023665374,27,0.2962962962962963,0.1851851851851851,0.1481481481481481,0.5185185185185185,0.0,0.3703703703703703,Risco climático 30%,50.0,22.311982754894714,Viabilidade intermediária,-907.2801991763748,-6.1830938151448525,160.68674051100896,1,1,2
Santa Lúcia,05/03/,0.7488996150186359,0.0883731866209022,27,0.3333333333333333,0.2592592592592592,0.1111111111111111,1.0,0.0,0.5555555555555556,Risco climático 40%,53.8,71.07810365506387,Mais viável,-858.5140782762056,42.58302708502438,209.4528614111781,2,0,2
Santa Lúcia,15/02/,0.7420738872101222,0.0946965628252043,27,0.2592592592592592,0.1111111111111111,0.1851851851851851,0.8148148148148148,0.0,0.4074074074074074,Risco climático 30%,50.0,55.66741118254369,Mais viável,-873.9247707487258,27.172334612504194,194.042168938658,1,0,1
Santa Lúcia,15/03/,0.7616756587734085,0.0911006369006547,27,0.4814814814814814,0.3703703703703703,0.1111111111111111,1.0,0.037037037037037,0.4814814814814814,Inapto (risco > 40%),50.0,53.26148025798765,Viabilidade intermediária,-876.3307016732816,24.766403687948102,191.6362380141019,3,1,4
Santa Lúcia,25/02/,0.7361655600598944,0.0932688135241,27,0.2592592592592592,0.2222222222222222,0.1111111111111111,0.9629629629629628,0.0,0.5185185185185185,Risco climático 30%,46.2,79.7879781661994,Mais viável,-849.8042037650704,51.29290159615978,218.1627359223136,1,0,1
Santa Lúcia,25/03/,0.7624467070329765,0.108004686356474,27,0.4444444444444444,0.4074074074074074,0.074074074074074,1.0,0.1851851851851851,0.5555555555555556,Inapto (risco > 40%),53.8,65.81742605065457,Mais viável,-863.7747558806151,37.322349480615074,204.1921838067688,3,0,3
Santa Tereza do Oeste,05/02/,0.7260308758165017,0.1187366044898167,27,0.3333333333333333,0.1851851851851851,0.2222222222222222,0.5185185185185185,0.0,0.3333333333333333,Risco climático 40%,50.0,35.89295514907371,Viabilidade intermediária,-893.699226782196,7.397878579034236,174.26771290518806,2,1,3
Santa Tereza do Oeste,05/03/,0.7245987603393343,0.0957190036720818,27,0.3703703703703703,0.2962962962962963,0.1481481481481481,1.0,0.0,0.5185185185185185,Risco climático 40%,50.0,78.43738762745674,Mais viável,-851.154794303813,49.94231105741728,216.81214538357105,2,0,2
Santa Tereza do Oeste,15/02/,0.7259555874105287,0.0968216515170887,27,0.2962962962962963,0.1111111111111111,0.2222222222222222,0.8518518518518519,0.0,0.3333333333333333,Risco climático 30%,50.0,40.694633890413826,Viabilidade intermediária,-888.8975480408556,12.199557320374302,179.0693916465281,1,1,2
Santa Tereza do Oeste,15/03/,0.7338530459477327,0.0986626368286668,27,0.5555555555555556,0.4444444444444444,0.1111111111111111,1.0,0.037037037037037,0.4814814814814814,Inapto (risco > 40%),46.2,61.38026265692479,Mais viável,-868.2119192743451,32.88518608688526,199.755020413039,3,0,3
Santa Tereza do Oeste,25/02/,0.71767175719789,0.0980412290836868,27,0.2962962962962963,0.2222222222222222,0.1481481481481481,0.9629629629629628,0.0,0.4074074074074074,Risco climático 30%,50.0,69.23635283613275,Mais viável,-860.3558290951369,40.74127626609329,207.61111059224703,1,0,1
Santa Tereza do Oeste,25/03/,0.7350612753736546,0.1159067632310851,27,0.6296296296296297,0.5925925925925926,0.1111111111111111,1.0,0.1851851851851851,0.5185185185185185,Inapto (risco > 40%),50.0,56.93738638457774,Mais viável,-872.6547955466921,28.442309814538262,195.312144140692,3,0,3
Santa Terezinha de Itaipu,05/02/,0.6680892962451869,0.1343280941455716,27,0.4444444444444444,0.2592592592592592,0.3703703703703703,0.4444444444444444,0.0,0.3333333333333333,Inapto (risco > 40%),42.3,-33.32739570814817,Menos viável,-962.919577639418,-61.82247227818766,105.04736204796606,3,2,5
Santa Terezinha de Itaipu,05/03/,0.6889581567852093,0.0968617709005816,27,0.5555555555555556,0.5185185185185185,0.1851851851851851,0.9629629629629628,0.0,0.3703703703703703,Inapto (risco > 40%),46.2,41.87470165365751,Viabilidade intermediária,-887.7174802776119,13.379625083617944,180.24945940977173,3,1,4
Santa Terezinha de Itaipu,15/02/,0.6697945697606977,0.1117601972110626,27,0.4074074074074074,0.1481481481481481,0.2962962962962963,0.7407407407407407,0.0,0.3333333333333333,Inapto (risco > 40%),46.2,8.675478602411257,Menos viável,-920.9167033288584,-19.81959796762824,147.0502363585255,3,2,5
Santa Terezinha de Itaipu,15/03/,0.7130803073422144,0.0984284243787277,27,0.6666666666666666,0.5185185185185185,0.1481481481481481,1.0,0.037037037037037,0.4814814814814814,Inapto (risco > 40%),46.2,5.949478186485749,Menos viável,-923.642703744784,-22.54559838355387,144.32423594259996,3,2,5
Santa Terezinha de Itaipu,25/02/,0.6723637534649567,0.1009660272142736,27,0.4444444444444444,0.3703703703703703,0.1851851851851851,0.8888888888888888,0.0,0.4074074074074074,Inapto (risco > 40%),46.2,36.65917388240819,Viabilidade intermediária,-892.9330080488614,8.164097312368714,175.03393163852246,3,1,4
Santa Terezinha de Itaipu,25/03/,0.7203342171037883,0.1172666610463701,27,0.7037037037037037,0.6296296296296297,0.1111111111111111,1.0,0.1111111111111111,0.4074074074074074,Inapto (risco > 40%),46.2,25.010187010955903,Viabilidade intermediária,-904.581994920314,-3.48488955908353,163.3849447670702,3,1,4
Serranópolis do Iguaçu,05/02/,0.7329073115968427,0.114635411167956,27,0.3333333333333333,0.2592592592592592,0.1481481481481481,0.5185185185185185,0.0,0.3703703703703703,Risco climático 40%,50.0,18.340552928017402,Menos viável,-911.2516290032522,-10.15452364202224,156.71531068413157,2,2,4
Serranópolis do Iguaçu,05/03/,0.7411052224147255,0.0896121467899361,27,0.3333333333333333,0.2592592592592592,0.1111111111111111,1.0,0.0,0.5555555555555556,Risco climático 40%,53.8,65.65905002878904,Mais viável,-863.9331319024806,37.16397345874956,204.0338077849033,2,0,2
Serranópolis do Iguaçu,15/02/,0.7334176536309888,0.094873620762426,27,0.2962962962962963,0.1111111111111111,0.2222222222222222,0.8148148148148148,0.0,0.4444444444444444,Risco climático 30%,50.0,51.730451996619536,Viabilidade intermediária,-877.8617299346499,23.235375426580102,190.10520975273383,1,1,2
Serranópolis do Iguaçu,15/03/,0.754923071217524,0.0916136567440605,27,0.4814814814814814,0.3703703703703703,0.1111111111111111,1.0,0.037037037037037,0.4814814814814814,Inapto (risco > 40%),46.2,46.99502502544174,Viabilidade intermediária,-882.597156905828,18.499948455402283,185.369782781556,3,1,4
Serranópolis do Iguaçu,25/02/,0.7306288685363386,0.0932795204713211,27,0.2592592592592592,0.2222222222222222,0.1111111111111111,0.9629629629629628,0.0,0.4814814814814814,Risco climático 30%,46.2,77.1812046098437,Mais viável,-852.4109773214259,48.68612803980414,215.55596236595795,1,0,1
Serranópolis do Iguaçu,25/03/,0.756643710116724,0.1077439025420723,27,0.5555555555555556,0.4814814814814814,0.1111111111111111,1.0,0.1851851851851851,0.5925925925925926,Inapto (risco > 40%),53.8,62.031377002805655,Mais viável,-867.5608049284638,33.53630043276607,200.40613475891985,3,0,3
São José das Palmeiras,05/02/,0.6733770103580988,0.1406204713859476,27,0.4814814814814814,0.2592592592592592,0.4074074074074074,0.2222222222222222,0.0,0.2592592592592592,Inapto (risco > 40%),42.3,-58.37544986517756,Menos viável,-987.9676317964472,-86.870526435217,79.99930789093672,3,2,5
São José das Palmeiras,05/03/,0.6857583050377096,0.1140351121906528,27,0.4444444444444444,0.3703703703703703,0.1851851851851851,0.925925925925926,0.0,0.4444444444444444,Inapto (risco > 40%),46.2,-23.153787291664457,Menos viável,-952.745969222934,-51.64886386170401,115.22097046444968,3,2,5
São José das Palmeiras,15/02/,0.6761335423508418,0.1192905150255115,27,0.3703703703703703,0.1111111111111111,0.2962962962962963,0.4814814814814814,0.0,0.3333333333333333,Risco climático 40%,46.2,-38.66288456494721,Menos viável,-968.2550664962166,-67.15796113498676,99.711873191167,2,2,4
São José das Palmeiras,15/03/,0.7051712788679441,0.1098338486706725,27,0.7037037037037037,0.5185185185185185,0.1851851851851851,1.0,0.0,0.4814814814814814,Inapto (risco > 40%),46.2,-55.42486556673745,Menos viável,-985.017047498007,-83.91994213677698,82.9498921893768,3,2,5
São José das Palmeiras,25/02/,0.6722383645449128,0.1149177418922091,27,0.4074074074074074,0.2962962962962963,0.1851851851851851,0.7777777777777778,0.0,0.3703703703703703,Inapto (risco > 40%),46.2,-31.18112754114641,Menos viável,-960.773309472416,-59.67620411118581,107.19363021496792,3,2,5
São José das Palmeiras,25/03/,0.713115635435136,0.1240967121521866,27,0.7777777777777778,0.7407407407407407,0.1111111111111111,1.0,0.0,0.4444444444444444,Inapto (risco > 40%),42.3,-26.675376348777018,Menos viável,-956.2675582800468,-55.17045291881653,111.6993814073372,3,2,5
São Miguel do Iguaçu,05/02/,0.6716371005235521,0.1353073142380041,27,0.4444444444444444,0.2592592592592592,0.3703703703703703,0.4444444444444444,0.0,0.3333333333333333,Inapto (risco > 40%),42.3,-35.298478711869436,Menos viável,-964.8906606431392,-63.793555281908944,103.0762790442448,3,2,5
São Miguel do Iguaçu,05/03/,0.6928003570755796,0.0966625863483767,27,0.5555555555555556,0.5185185185185185,0.1851851851851851,0.9629629629629628,0.0,0.4444444444444444,Inapto (risco > 40%),46.2,32.51979151760652,Viabilidade intermediária,-897.0723904136631,4.024714947567068,170.89454927372077,3,1,4
São Miguel do Iguaçu,15/02/,0.6736776003698409,0.1125747462811843,27,0.4074074074074074,0.1481481481481481,0.2962962962962963,0.7407407407407407,0.0,0.3703703703703703,Inapto (risco > 40%),46.2,3.17723741922303,Menos viável,-926.4149445120464,-25.317839150816464,141.5519951753373,3,2,5
São Miguel do Iguaçu,15/03/,0.71692911731339,0.0985456355480729,27,0.6666666666666666,0.5185185185185185,0.1481481481481481,1.0,0.037037037037037,0.4814814814814814,Inapto (risco > 40%),46.2,-6.447728930849087,Menos viável,-936.0399108621184,-34.9428055008886,131.92702882526518,3,2,5
São Miguel do Iguaçu,25/02/,0.675729527318358,0.1016478086411192,27,0.3703703703703703,0.3333333333333333,0.1481481481481481,0.8888888888888888,0.0,0.4074074074074074,Risco climático 40%,46.2,22.659223307352985,Viabilidade intermediária,-906.9329586239166,-5.835853262686476,161.0339810634672,2,1,3
São Miguel do Iguaçu,25/03/,0.7241587957017254,0.1173220179564276,27,0.7037037037037037,0.6296296296296297,0.1111111111111111,1.0,0.1111111111111111,0.4444444444444444,Inapto (risco > 40%),46.2,19.65945645232347,Viabilidade intermediária,-909.932725478946,-8.83562011771612,158.03421420843767,3,1,4
São Pedro do Iguaçu,05/02/,0.7281381832183518,0.1188289764750065,27,0.3703703703703703,0.1851851851851851,0.2592592592592592,0.5185185185185185,0.0,0.3333333333333333,Risco climático 40%,50.0,34.21026243771617,Viabilidade intermediária,-895.3819194935534,5.715185867676662,172.58502019383042,2,1,3
São Pedro do Iguaçu,05/03/,0.7241781374052939,0.0973697637014445,27,0.3703703703703703,0.2592592592592592,0.1481481481481481,1.0,0.0,0.5185185185185185,Risco climático 40%,50.0,75.68692136248495,Mais viável,-853.9052605687846,47.191844792445394,214.0616791185992,2,0,2
São Pedro do Iguaçu,15/02/,0.7268197279293039,0.0987145515535248,27,0.2962962962962963,0.1111111111111111,0.2222222222222222,0.8518518518518519,0.0,0.3703703703703703,Risco climático 30%,50.0,39.18743500275002,Viabilidade intermediária,-890.4047469285196,10.69235843271043,177.56219275886423,1,1,2
São Pedro do Iguaçu,15/03/,0.7338109475267349,0.1003449411010682,27,0.5555555555555556,0.4444444444444444,0.1111111111111111,1.0,0.037037037037037,0.4444444444444444,Inapto (risco > 40%),46.2,55.9133487071939,Mais viável,-873.6788332240753,27.418272137154386,194.2881064633081,3,0,3
São Pedro do Iguaçu,25/02/,0.7170564259323897,0.0999450621464658,27,0.2962962962962963,0.2222222222222222,0.1481481481481481,0.9629629629629628,0.0,0.4074074074074074,Risco climático 30%,50.0,65.30307933576087,Mais viável,-864.2891025955086,36.80800276572128,203.67783709187503,1,0,1
São Pedro do Iguaçu,25/03/,0.734020047138187,0.1174232490992409,27,0.6666666666666666,0.6296296296296297,0.1111111111111111,1.0,0.1851851851851851,0.5555555555555556,Inapto (risco > 40%),50.0,47.24501086129828,Viabilidade intermediária,-882.3471710699715,18.74993429125876,185.6197686174125,3,1,4
Terra Roxa,05/02/,0.6710074490662042,0.1284223774416446,27,0.5185185185185185,0.1851851851851851,0.4074074074074074,0.2962962962962963,0.0,0.1481481481481481,Inapto (risco > 40%),46.2,-14.850967392402971,Menos viável,-944.4431493236729,-43.34604396244247,123.52379036371124,3,2,5
Terra Roxa,05/03/,0.6518616354495171,0.1319246707828475,27,0.5555555555555556,0.4444444444444444,0.2962962962962963,0.9629629629629628,0.0,0.3703703703703703,Inapto (risco > 40%),50.0,-3.2941364297766644,Menos viável,-932.8863183610464,-31.78921299981609,135.08062132633765,3,2,5
Terra Roxa,15/02/,0.6641770144463792,0.1191952333421361,27,0.4074074074074074,0.074074074074074,0.4074074074074074,0.6296296296296297,0.0,0.1851851851851851,Inapto (risco > 40%),50.0,-24.196255018971836,Menos viável,-953.7884369502416,-52.69133158901136,114.17850273714242,3,2,5
Terra Roxa,15/03/,0.6559611189892308,0.129547861311253,27,0.6666666666666666,0.5925925925925926,0.1851851851851851,1.0,0.0,0.2592592592592592,Inapto (risco > 40%),42.3,-21.32407126946164,Menos viável,-950.9162532007314,-49.81914783950111,117.05068648665268,3,2,5
Terra Roxa,25/02/,0.6487231165293196,0.1280700836342502,27,0.4444444444444444,0.2962962962962963,0.2592592592592592,0.8148148148148148,0.0,0.3333333333333333,Inapto (risco > 40%),50.0,0.6745420962344741,Menos viável,-928.917639835035,-27.82053447380496,139.04929985234872,3,2,5
Terra Roxa,25/03/,0.6612094557854067,0.1327027675730503,27,0.7407407407407407,0.6666666666666666,0.1851851851851851,1.0,0.0,0.3333333333333333,Inapto (risco > 40%),46.2,4.59572984715195,Menos viável,-924.9964520841175,-23.899346722887387,142.97048760326635,3,2,5
Toledo,05/02/,0.711456115918854,0.125124406279506,27,0.5185185185185185,0.1851851851851851,0.4074074074074074,0.4074074074074074,0.0,0.1851851851851851,Inapto (risco > 40%),50.0,26.255232423705863,Viabilidade intermediária,-903.336949507564,-2.2398441463337453,164.62999017982008,3,1,4
Toledo,05/03/,0.6910329412107458,0.1119503778689671,27,0.4074074074074074,0.2592592592592592,0.2592592592592592,1.0,0.0,0.4074074074074074,Inapto (risco > 40%),50.0,38.30057304673402,Viabilidade intermediária,-891.2916088845354,9.805496476694543,176.67533080284832,3,1,4
Toledo,15/02/,0.7070027585536593,0.1075427610525407,27,0.2962962962962963,0.074074074074074,0.2592592592592592,0.7407407407407407,0.0,0.2222222222222222,Risco climático 30%,50.0,-0.8806742260793237,Menos viável,-930.472856157349,-29.37575079611882,137.49408353003494,1,2,3
Toledo,15/03/,0.6976167533640877,0.112135454870255,27,0.6296296296296297,0.5185185185185185,0.1851851851851851,1.0,0.037037037037037,0.4074074074074074,Inapto (risco > 40%),46.2,16.6970354830545,Menos viável,-912.8951464482152,-11.798041086984975,155.0717932391688,3,2,5
Toledo,25/02/,0.6886692036236413,0.1099758108414028,27,0.3703703703703703,0.2222222222222222,0.1851851851851851,0.8888888888888888,0.0,0.2962962962962963,Risco climático 40%,50.0,33.592096902356836,Viabilidade intermediária,-896.000085028913,5.097020332317348,171.9668546584711,2,1,3
Toledo,25/03/,0.6984315530288908,0.1222462142239157,27,0.7037037037037037,0.6296296296296297,0.1481481481481481,1.0,0.1481481481481481,0.4074074074074074,Inapto (risco > 40%),50.0,24.430703595499374,Viabilidade intermediária,-905.16147833577,-4.064372974540115,162.8054613516136,3,1,4
Três Barras do Paraná,05/02/,0.7638841897538418,0.1039871055335007,27,0.2962962962962963,0.2222222222222222,0.1111111111111111,0.5555555555555556,0.0,0.3703703703703703,Risco climático 30%,50.0,58.24542870901189,Mais viável,-871.3467532222575,29.750352138972403,196.62018646512615,1,0,1
Três Barras do Paraná,05/03/,0.7490680583886555,0.1003815561975329,27,0.3333333333333333,0.2592592592592592,0.1111111111111111,1.0,0.0,0.6296296296296297,Risco climático 40%,50.0,90.39218246738574,Mais viável,-839.1999994638838,61.89710589734621,228.7669402235001,2,0,2
Três Barras do Paraná,15/02/,0.7546509958124629,0.0956986649509028,27,0.2222222222222222,0.037037037037037,0.1851851851851851,0.8518518518518519,0.0,0.3333333333333333,Risco climático 30%,50.0,91.98395400718283,Mais viável,-837.6082279240866,63.488877437143294,230.35871176329712,1,0,1
Três Barras do Paraná,15/03/,0.7578346788292323,0.1051811906335451,27,0.4444444444444444,0.3333333333333333,0.1111111111111111,1.0,0.037037037037037,0.5555555555555556,Inapto (risco > 40%),50.0,82.93080024511318,Mais viável,-846.6613816861562,54.43572367507374,221.3055580012275,3,0,3
Três Barras do Paraná,25/02/,0.7410353523069971,0.0994019669239344,27,0.2222222222222222,0.1111111111111111,0.1111111111111111,0.9629629629629628,0.0,0.4444444444444444,Risco climático 30%,50.0,95.13864418510038,Mais viável,-834.4535377461691,66.64356761506077,233.5134019412145,1,0,1
Três Barras do Paraná,25/03/,0.7523693704060767,0.1197347288898626,27,0.4814814814814814,0.4074074074074074,0.1111111111111111,1.0,0.1481481481481481,0.5925925925925926,Inapto (risco > 40%),50.0,81.24682841251388,Mais viável,-848.3453535187558,52.75175184247433,219.6215861686281,3,0,3
Tupãssi,05/02/,0.7117754159987635,0.1251195041181496,27,0.5185185185185185,0.1851851851851851,0.4074074074074074,0.4074074074074074,0.0,0.1851851851851851,Inapto (risco > 40%),50.0,25.598731777137047,Viabilidade intermediária,-903.9934501541328,-2.8963447929025348,163.97348953325127,3,1,4
Tupãssi,05/03/,0.6914119725590971,0.1120342090766388,27,0.4074074074074074,0.2592592592592592,0.2592592592592592,1.0,0.0,0.4074074074074074,Inapto (risco > 40%),50.0,36.64178296315067,Viabilidade intermediária,-892.9503989681187,8.14670639311117,175.01654071926498,3,1,4
Tupãssi,15/02/,0.7073771874560774,0.1076818931834635,27,0.2962962962962963,0.074074074074074,0.2592592592592592,0.7407407407407407,0.0,0.2222222222222222,Risco climático 30%,50.0,-2.303390129742577,Menos viável,-931.8955720610122,-30.798466699782185,136.07136762637165,1,2,3
Tupãssi,15/03/,0.6979685499083607,0.1121990356739625,27,0.6296296296296297,0.5185185185185185,0.1851851851851851,1.0,0.037037037037037,0.4074074074074074,Inapto (risco > 40%),46.2,16.558878630812178,Menos viável,-913.0333033004572,-11.936197939227318,154.9336363869265,3,2,5
Tupãssi,25/02/,0.6890030589738807,0.1101055766024142,27,0.3703703703703703,0.2222222222222222,0.1851851851851851,0.8888888888888888,0.0,0.2962962962962963,Risco climático 40%,50.0,31.998677578982804,Viabilidade intermediária,-897.5935043522867,3.503601008943213,170.37343533509696,2,1,3
Tupãssi,25/03/,0.6987848343676104,0.1222732213280117,27,0.7037037037037037,0.6296296296296297,0.1481481481481481,1.0,0.1481481481481481,0.4074074074074074,Inapto (risco > 40%),50.0,25.21784371928783,Viabilidade intermediária,-904.3743382119818,-3.2772328507516635,163.59260147540212,3,1,4
Vera Cruz do Oeste,05/02/,0.7278652638149666,0.1187201374055743,27,0.3333333333333333,0.1851851851851851,0.2222222222222222,0.5185185185185185,0.0,0.3333333333333333,Risco climático 40%,50.0,35.44882946115633,Viabilidade intermediária,-894.1433524701133,6.953752891116769,173.8235872172706,2,1,3
Vera Cruz do Oeste,05/03/,0.7264414399999631,0.0955788521714298,27,0.3703703703703703,0.2962962962962963,0.1481481481481481,1.0,0.0,0.5185185185185185,Risco climático 40%,50.0,75.65586583164898,Mais viável,-853.9363160996207,47.16078926160951,214.03062358776327,2,0,2
Vera Cruz do Oeste,15/02/,0.7277630556463919,0.0968662826154794,27,0.2962962962962963,0.1111111111111111,0.2222222222222222,0.8518518518518519,0.0,0.3703703703703703,Risco climático 30%,50.0,39.336438174490596,Viabilidade intermediária,-890.2557437567792,10.841361604451007,177.71119593060484,1,1,2
Vera Cruz do Oeste,15/03/,0.7356162165404437,0.098513164709534,27,0.5555555555555556,0.4444444444444444,0.1111111111111111,1.0,0.037037037037037,0.4814814814814814,Inapto (risco > 40%),46.2,57.93358396972822,Mais viável,-871.6585979615415,29.43850739968873,196.30834172584255,3,0,3
Vera Cruz do Oeste,25/02/,0.7194589351419692,0.0979975963308625,27,0.2962962962962963,0.2222222222222222,0.1481481481481481,0.9629629629629628,0.0,0.4074074074074074,Risco climático 30%,50.0,67.60468043852217,Mais viável,-861.9875014927475,39.109603868482665,205.97943819463643,1,0,1
Vera Cruz do Oeste,25/03/,0.7367762380559755,0.1158090216962403,27,0.6296296296296297,0.5925925925925926,0.1111111111111111,1.0,0.1851851851851851,0.5185185185185185,Inapto (risco > 40%),50.0,52.74955520044026,Viabilidade intermediária,-876.8426267308294,24.25447863040082,191.12431295655452,3,1,4
