municipio,data_semeadura,isna_medio,isna_desvio,n_anos,risco_climatico,produtividade_media_kg_ha,produtividade_desvio_kg_ha,classe_produtividade,pct_anos_cobre_custo,margem_media_rs_ha,risco_economico,score_clima,score_produtividade,score_economico,score_integrado,componente_agroclimatico,topsis_score,classe_risco_topsis
Anahy,05/02/,0.7493778837860363,0.1166926790381179,27,Baixo risco climático,3259.204101596609,413.45254351390736,Alta produtividade prevista,7.7,-874.3410286090065,Viabilidade intermediária,0,0,1,1,1.247709557098709,0.7372692190671739,Baixo risco integrado
Anahy,05/03/,0.7095964613767664,0.1116797010403956,27,Baixo risco climático,3232.978568350648,471.68458211181223,Produtividade prevista intermediária,7.7,-871.1841435883041,Mais viável,0,1,0,1,0.2902748205399058,0.5595140249276734,Risco integrado intermediário
Anahy,15/02/,0.7357809111323024,0.103091857829665,27,Baixo risco climático,3254.8949451432845,406.2367749539332,Alta produtividade prevista,3.8,-885.6370173796405,Viabilidade intermediária,0,0,1,1,0.9407576480378254,0.6801148694388871,Baixo risco integrado
Anahy,15/03/,0.7163762380807691,0.108367212581462,27,Baixo risco climático,3242.164063756979,396.3562641527142,Alta produtividade prevista,3.8,-874.0480590468204,Viabilidade intermediária,0,0,1,1,0.47400592413744475,0.5935951880179793,Risco integrado intermediário
Anahy,25/02/,0.7100115020839074,0.1088044930523155,27,Baixo risco climático,3243.538913607429,404.93671835857333,Alta produtividade prevista,3.8,-874.8327992258588,Viabilidade intermediária,0,0,1,1,0.3451093436804272,0.5696493632864716,Risco integrado intermediário
Anahy,25/03/,0.7088052239088216,0.1223937912937697,27,Baixo risco climático,3224.5296778427855,383.31505150758335,Produtividade prevista intermediária,3.8,-881.8922967460583,Viabilidade intermediária,0,1,1,2,0.23667241668603045,0.5494219410322161,Risco integrado intermediário
Assis Chateaubriand,05/02/,0.7121457514299588,0.1251530896324591,27,Baixo risco climático,3123.4361289829976,514.5277907952618,Produtividade prevista intermediária,7.7,-908.7491295905592,Viabilidade intermediária,0,1,1,2,-0.13325336532828463,0.48036493917500694,Risco integrado intermediário
Assis Chateaubriand,05/03/,0.6916828756344694,0.1118963806604964,27,Baixo risco climático,3120.540632265542,615.8655590808604,Produtividade prevista intermediária,7.7,-902.6834872947982,Viabilidade intermediária,0,1,1,2,-0.5795540903296081,0.3975965526496169,Alto risco integrado
Assis Chateaubriand,15/02/,0.7076627827713984,0.1075038457581336,27,Baixo risco climático,3067.014071978156,600.4674170286977,Baixa produtividade prevista,3.8,-938.7878662037592,Menos viável,0,2,2,4,-0.4742377098370822,0.41663720226293594,Risco integrado intermediário
Assis Chateaubriand,15/03/,0.6982641537006857,0.1121031829944386,27,Baixo risco climático,3102.831127107635,586.1157077518907,Baixa produtividade prevista,7.7,-920.158706361525,Menos viável,0,2,2,4,-0.5172800763357602,0.408897881685474,Alto risco integrado
Assis Chateaubriand,25/02/,0.6893497333311531,0.1099295582248046,27,Baixo risco climático,3108.9533951502517,542.5307447361839,Produtividade prevista intermediária,7.7,-904.8731571881154,Viabilidade intermediária,0,1,1,2,-0.6795164745357439,0.37901082081324705,Alto risco integrado
Assis Chateaubriand,25/03/,0.6990632357662605,0.1222270136190685,27,Baixo risco climático,3125.6285395768855,557.4568190107507,Produtividade prevista intermediária,7.7,-911.0971123688212,Viabilidade intermediária,0,1,1,2,-0.4009582498568481,0.4306248215803039,Risco integrado intermediário
Boa Vista da Aparecida,05/02/,0.7571704753342134,0.1042118356964033,27,Baixo risco climático,3260.4016995821667,350.65681171622,Alta produtividade prevista,3.8,-873.3012915861408,Mais viável,0,0,0,0,1.4180819605270492,0.7689107286555478,Baixo risco integrado
Boa Vista da Aparecida,05/03/,0.7430724633972594,0.0997492252116035,27,Baixo risco climático,3310.941075692675,394.49070006324547,Alta produtividade prevista,3.8,-841.0285450917486,Mais viável,0,0,0,0,1.339626520134742,0.7547359652307816,Baixo risco integrado
Boa Vista da Aparecida,15/02/,0.7472407744886106,0.0962708530555981,27,Baixo risco climático,3341.900707063746,344.2863077203806,Alta produtividade prevista,3.8,-837.2989203989717,Mais viável,0,0,0,0,1.5629373629205803,0.7962561128574468,Baixo risco integrado
Boa Vista da Aparecida,15/03/,0.751655102872523,0.105215305114228,27,Baixo risco climático,3323.660758053751,342.82619132323487,Alta produtividade prevista,3.8,-846.1450547739653,Mais viável,0,0,0,0,1.576973874359946,0.7987836650179556,Baixo risco integrado
Boa Vista da Aparecida,25/02/,0.7346683293265843,0.0986506700555185,27,Baixo risco climático,3323.4687694116856,310.8324266759501,Alta produtividade prevista,3.8,-833.5507212220098,Mais viável,0,0,0,0,1.216129621811476,0.7318515113652593,Baixo risco integrado
Boa Vista da Aparecida,25/03/,0.7461242747288542,0.1197616320394461,27,Baixo risco climático,3305.124175311395,339.21915773223964,Alta produtividade prevista,3.8,-848.0219643048288,Mais viável,0,0,0,0,1.3789456425934794,0.7619756486268925,Baixo risco integrado
Braganey,05/02/,0.7750169967399642,0.1020588779249508,27,Baixo risco climático,3366.1048745647067,320.0222991719008,Alta produtividade prevista,3.8,-849.8007488384771,Mais viável,0,0,0,0,2.2571289902767377,0.9249553269673618,Baixo risco integrado
Braganey,05/03/,0.7487224708555713,0.0986556873581582,27,Baixo risco climático,3358.5981420561807,389.2226433523234,Alta produtividade prevista,3.8,-837.2960190525229,Mais viável,0,0,0,0,1.667132911919709,0.8156164641495649,Baixo risco integrado
Braganey,15/02/,0.763423756721751,0.0927218903440827,27,Baixo risco climático,3395.729345951314,381.00761122278664,Alta produtividade prevista,7.7,-839.2737892555584,Mais viável,0,0,0,0,2.140578475693407,0.9035547714095693,Baixo risco integrado
Braganey,15/03/,0.7566078904766572,0.100481054584953,27,Baixo risco climático,3348.9461328085677,352.81854392119834,Alta produtividade prevista,7.7,-843.3367092900008,Mais viável,0,0,0,0,1.792173198402063,0.8387919319149914,Baixo risco integrado
Braganey,25/02/,0.7429193238747942,0.0974770215229195,27,Baixo risco climático,3378.969802601038,370.8114362196328,Alta produtividade prevista,7.7,-831.3947582862718,Mais viável,0,0,0,0,1.6329559437684527,0.8093072187960212,Baixo risco integrado
Braganey,25/03/,0.7499272613639866,0.115788185402448,27,Baixo risco climático,3328.580529333714,337.8234433594653,Alta produtividade prevista,7.7,-849.783212482782,Mais viável,0,0,0,0,1.5618030733270902,0.7959258160458357,Baixo risco integrado
Cafelândia,05/02/,0.7366026160824503,0.1173105635896936,27,Baixo risco climático,3239.6670544323447,399.9258979763858,Alta produtividade prevista,7.7,-879.2693566661037,Viabilidade intermediária,0,0,1,1,0.8917855337774543,0.6711125196593426,Baixo risco integrado
Cafelândia,05/03/,0.6978795579441178,0.1108465398763539,27,Baixo risco climático,3243.840204626537,466.2335106186769,Alta produtividade prevista,7.7,-868.4197298233703,Mais viável,0,0,0,0,0.08930584985156914,0.522239665529093,Risco integrado intermediário
Cafelândia,15/02/,0.7222215252492826,0.1028729969288194,27,Baixo risco climático,3233.373896628187,402.5684049205089,Produtividade prevista intermediária,3.8,-891.5558833422352,Viabilidade intermediária,0,1,1,2,0.559566141815232,0.6092526177571583,Risco integrado intermediário
Cafelândia,15/03/,0.7041147518172529,0.1081771989122183,27,Baixo risco climático,3251.0641624230143,408.1849379501956,Alta produtividade prevista,7.7,-872.6982557150952,Mais viável,0,0,0,0,0.25294396782845213,0.5525632366613602,Risco integrado intermediário
Cafelândia,25/02/,0.6976990419455633,0.1084221259328206,27,Baixo risco climático,3247.271964646299,400.1226852577311,Alta produtividade prevista,3.8,-873.3657130485028,Mais viável,0,0,0,0,0.10044105057790365,0.5242409134686037,Risco integrado intermediário
Cafelândia,25/03/,0.6961101471277615,0.1219852063028276,27,Baixo risco climático,3239.8274926184513,380.48666782764394,Alta produtividade prevista,3.8,-878.9851853766297,Viabilidade intermediária,0,0,1,1,0.034312403219215526,0.5118886708814597,Risco integrado intermediário
Campo Bonito,05/02/,0.7746723245647215,0.1022053621080676,27,Baixo risco climático,3372.283423039798,323.7862374611774,Alta produtividade prevista,3.8,-848.414402515675,Mais viável,0,0,0,0,2.2767599406364556,0.9286248464492451,Baixo risco integrado
Campo Bonito,05/03/,0.7482613503434868,0.0988027641994627,27,Baixo risco climático,3368.43925088737,389.1228229250175,Alta produtividade prevista,3.8,-835.0579529842341,Mais viável,0,0,0,0,1.7002630604958127,0.8217896528464136,Baixo risco integrado
Campo Bonito,15/02/,0.7630902088812243,0.0928599180021126,27,Baixo risco climático,3401.6684533215575,381.0937599104874,Alta produtividade prevista,7.7,-837.7234184227698,Mais viável,0,0,0,0,2.1594013317464453,0.907070953196312,Baixo risco integrado
Campo Bonito,15/03/,0.7562647320319797,0.1006027511238373,27,Baixo risco climático,3363.924206990642,352.14889147442335,Alta produtividade prevista,7.7,-839.9349150546509,Mais viável,0,0,0,0,1.8501982451343364,0.8496072755799389,Baixo risco integrado
Campo Bonito,25/02/,0.7425153588489667,0.0976013787639225,27,Baixo risco climático,3387.481627007036,373.4634007251164,Alta produtividade prevista,7.7,-829.4191709659109,Mais viável,0,0,0,0,1.6615023222789358,0.8146228953925639,Baixo risco integrado
Campo Bonito,25/03/,0.7495703859038966,0.1158908910245871,27,Baixo risco climático,3345.352691654908,338.8944079901238,Alta produtividade prevista,7.7,-845.9738009522196,Mais viável,0,0,0,0,1.6273588357554198,0.8081457060020033,Baixo risco integrado
Capitão Leônidas Marques,05/02/,0.7376015574398944,0.1148236618513721,27,Baixo risco climático,3143.842146541071,648.8051820323301,Produtividade prevista intermediária,7.7,-909.469366882853,Viabilidade intermediária,0,1,1,2,0.49520253922172225,0.5970445782191255,Risco integrado intermediário
Capitão Leônidas Marques,05/03/,0.7446292840523314,0.0885818427538142,27,Baixo risco climático,3233.240391391845,583.7417607749983,Produtividade prevista intermediária,3.8,-861.0902860777326,Mais viável,0,1,0,1,1.0338804250124702,0.6977342890413941,Baixo risco integrado
Capitão Leônidas Marques,15/02/,0.737455018213125,0.094127253314512,27,Baixo risco climático,3215.8362876411347,636.7319741325756,Produtividade prevista intermediária,7.7,-877.1882594745911,Viabilidade intermediária,0,1,1,2,0.8059592862935618,0.6552024374524772,Baixo risco integrado
Capitão Leônidas Marques,15/03/,0.757396610128263,0.0912038283209194,27,Baixo risco climático,3217.1446877987396,557.7882219692509,Produtividade prevista intermediária,7.7,-879.1902298206353,Viabilidade intermediária,0,1,1,2,1.234293205661044,0.7347042133812879,Baixo risco integrado
Capitão Leônidas Marques,25/02/,0.7328525414600455,0.0929130870927183,27,Baixo risco climático,3274.123132711393,495.59645297472815,Alta produtividade prevista,7.7,-851.1678208107592,Mais viável,0,0,0,0,0.9625219150405697,0.6845883437948658,Baixo risco integrado
Capitão Leônidas Marques,25/03/,0.7584358204781867,0.1077519170572786,27,Baixo risco climático,3232.0013596684475,592.9740747047524,Produtividade prevista intermediária,7.7,-866.1951510769351,Mais viável,0,1,0,1,1.3210860693433455,0.7510104461435718,Baixo risco integrado
Cascavel,05/02/,0.7693786822379942,0.1016173243603964,27,Baixo risco climático,3365.0667568560148,355.5049088701428,Alta produtividade prevista,3.8,-851.5678447569697,Mais viável,0,0,0,0,2.1331082772532968,0.9019473450572029,Baixo risco integrado
Cascavel,05/03/,0.7469445789893377,0.0963326827484882,27,Baixo risco climático,3381.329356439191,397.58208526479,Alta produtividade prevista,3.8,-833.7313986364776,Mais viável,0,0,0,0,1.7285513380965325,0.827055608280793,Baixo risco integrado
Cascavel,15/02/,0.7584233851814239,0.0910195884039641,27,Baixo risco climático,3398.249201356796,397.01086843741683,Alta produtividade prevista,7.7,-838.576524654693,Mais viável,0,0,0,0,2.0455891138867064,0.8859209790488457,Baixo risco integrado
Cascavel,15/03/,0.7538578906509842,0.0979898937658732,27,Baixo risco climático,3384.8196955938747,375.9992859248545,Alta produtividade prevista,7.7,-834.3618775949067,Mais viável,0,0,0,0,1.8902841534780481,0.857104905633572,Baixo risco integrado
Cascavel,25/02/,0.7400430828606211,0.0958472604838534,27,Baixo risco climático,3405.620391161045,382.0450526056972,Alta produtividade prevista,7.7,-825.5399409420069,Mais viável,0,0,0,0,1.6881833581152932,0.819598990347217,Baixo risco integrado
Cascavel,25/03/,0.7488311875001863,0.114201501355666,27,Baixo risco climático,3378.3279614564462,352.8897452392821,Alta produtividade prevista,7.7,-836.5046333333529,Mais viável,0,0,0,0,1.7554502164305104,0.8320332604591216,Baixo risco integrado
Catanduvas,05/02/,0.7784912185788306,0.1016497517187728,27,Baixo risco climático,3400.938954915168,319.3823911137292,Alta produtividade prevista,3.8,-838.6499459561105,Mais viável,0,0,0,0,2.482620603825662,0.9669549190628306,Baixo risco integrado
Catanduvas,05/03/,0.7542836333084773,0.0969021991687501,27,Baixo risco climático,3395.4196595695853,384.9251612577067,Alta produtividade prevista,3.8,-828.5389750579768,Mais viável,0,0,0,0,1.9455182071749282,0.8674069862168164,Baixo risco integrado
Catanduvas,15/02/,0.7678353843316913,0.0913229357238973,27,Baixo risco climático,3427.0191184730406,377.48254075678597,Alta produtividade prevista,7.7,-830.0737390797333,Mais viável,0,0,0,0,2.370485288114777,0.9463709745734518,Baixo risco integrado
Catanduvas,15/03/,0.7622109327481338,0.0981148310458775,27,Baixo risco climático,3385.463696234385,353.1409287083342,Alta produtividade prevista,7.7,-832.9637650629219,Mais viável,0,0,0,0,2.0701209643365774,0.8905341972734965,Baixo risco integrado
Catanduvas,25/02/,0.7486297998838322,0.0963385492468184,27,Baixo risco climático,3414.1193995836084,369.4934021367621,Alta produtividade prevista,7.7,-822.6189013468527,Mais viável,0,0,0,0,1.9072168696996694,0.8603104659205798,Baixo risco integrado
Catanduvas,25/03/,0.7567560943570096,0.1141221678779873,27,Baixo risco climático,3367.5185790399564,344.2554323831226,Alta produtividade prevista,7.7,-838.1333281121705,Mais viável,0,0,0,0,1.8762817393319173,0.8544708570918008,Baixo risco integrado
Corbélia,05/02/,0.7473366087974344,0.1167847648290244,27,Baixo risco climático,3261.8048139187354,408.9258970246827,Alta produtividade prevista,7.7,-873.4944146161154,Mais viável,0,0,0,0,1.2157859741775778,0.7313548437503966,Baixo risco integrado
Corbélia,05/03/,0.7076953512032427,0.1116114609732139,27,Baixo risco climático,3249.4247725041705,470.3602152078765,Alta produtividade prevista,7.7,-867.466306608604,Mais viável,0,0,0,0,0.32168198637354173,0.5653924941719497,Risco integrado intermediário
Corbélia,15/02/,0.7336000929667233,0.1030815449990766,27,Baixo risco climático,3259.840685288991,405.09672960591155,Alta produtividade prevista,3.8,-884.2519279717633,Viabilidade intermediária,0,0,1,1,0.9160999500555742,0.675557090168718,Baixo risco integrado
Corbélia,15/03/,0.7145295133901824,0.1082198363747604,27,Baixo risco climático,3263.090646899644,395.7228499313107,Alta produtividade prevista,3.8,-869.5131422558864,Mais viável,0,0,0,0,0.5260981606796438,0.6033255240667244,Risco integrado intermediário
Corbélia,25/02/,0.707974400308145,0.1087072479898137,27,Baixo risco climático,3258.3736952371723,403.7981713333732,Alta produtividade prevista,3.8,-870.8800246555851,Mais viável,0,0,0,0,0.36660930190622504,0.5736918240822989,Risco integrado intermediário
Corbélia,25/03/,0.7068008541913229,0.1223578582632227,27,Baixo risco climático,3243.603521979219,379.25228067914856,Alta produtividade prevista,3.8,-877.5118845532039,Viabilidade intermediária,0,0,1,1,0.27734650375874387,0.5570320156525984,Risco integrado intermediário
Céu Azul,05/02/,0.7326195426621467,0.1189392537306219,27,Baixo risco climático,3226.2392171500956,506.08950098199045,Produtividade prevista intermediária,3.8,-887.0589214133561,Viabilidade intermediária,0,1,1,2,0.7488313232505925,0.6444593280306854,Risco integrado intermediário
Céu Azul,05/03/,0.7313249466905272,0.09548349731933,27,Baixo risco climático,3286.372866430226,497.1090621858887,Alta produtividade prevista,7.7,-850.3793771583307,Mais viável,0,0,0,0,0.9835503942336321,0.6885023026989974,Baixo risco integrado
Céu Azul,15/02/,0.7321453356260016,0.0974109781260329,27,Baixo risco climático,3228.857379491633,519.8831693282406,Produtividade prevista intermediária,7.7,-884.3269125964488,Viabilidade intermediária,0,1,1,2,0.7501952923924975,0.6447506368536619,Risco integrado intermediário
Céu Azul,15/03/,0.7403247117966058,0.0983623772755645,27,Baixo risco climático,3273.528482984355,470.8892732975178,Alta produtividade prevista,7.7,-867.569435946517,Mais viável,0,0,0,0,1.1182901054192864,0.7133319221458435,Baixo risco integrado
Céu Azul,25/02/,0.7236931136665788,0.0983146231772041,27,Baixo risco climático,3267.296940008812,464.2970234439203,Alta produtividade prevista,7.7,-857.1191595131281,Mais viável,0,0,0,0,0.7386434543457845,0.6429433573337715,Risco integrado intermediário
Céu Azul,25/03/,0.741370682030982,0.1159364646913693,27,Baixo risco climático,3234.337909103004,456.97157162798715,Produtividade prevista intermediária,3.8,-874.2794653681958,Viabilidade intermediária,0,1,1,2,0.9696042996340548,0.6856310380571884,Baixo risco integrado
Diamante D'Oeste,05/02/,0.6725791217487554,0.1404638252627179,27,Baixo risco climático,2847.732436879439,569.0973710498205,Baixa produtividade prevista,3.8,-987.354874610504,Menos viável,0,2,2,4,-2.1737496429736742,0.10039594370810358,Alto risco integrado
Diamante D'Oeste,05/03/,0.6850264488333935,0.1138339290514844,27,Baixo risco climático,2931.331285909794,653.9195103835634,Baixa produtividade prevista,3.8,-950.863133846618,Menos viável,0,2,2,4,-1.545494850776285,0.2175521571074877,Alto risco integrado
Diamante D'Oeste,15/02/,0.6753336280949022,0.1191067434224431,27,Baixo risco climático,2903.13681971817,593.0449039031027,Baixa produtividade prevista,3.8,-967.6278434933216,Menos viável,0,2,2,4,-1.8738338757423427,0.15634243346064455,Alto risco integrado
Diamante D'Oeste,15/03/,0.7042963443197316,0.1098182330519057,27,Baixo risco climático,2884.566704793885,560.7816630401485,Baixa produtividade prevista,3.8,-982.9362338058372,Menos viável,0,2,2,4,-1.3409732542647015,0.2551686986195188,Alto risco integrado
Diamante D'Oeste,25/02/,0.6714475147844282,0.1147763135401152,27,Baixo risco climático,2882.384842235164,597.4405769858821,Baixa produtividade prevista,3.8,-958.949522466556,Menos viável,0,2,2,4,-2.0466631643288373,0.12444559315580465,Alto risco integrado
Diamante D'Oeste,25/03/,0.7122999577748649,0.1239961966175386,27,Baixo risco climático,2947.003902803163,566.355035816233,Baixa produtividade prevista,3.8,-953.7102373506696,Menos viável,0,2,2,4,-0.8991511843430047,0.3375363175468874,Alto risco integrado
Diamante do Sul,05/02/,0.7865006425967768,0.0986608237318847,27,Baixo risco climático,3402.397197445286,261.13234332021796,Alta produtividade prevista,3.8,-835.8134452514701,Mais viável,0,0,0,0,2.658724715921925,0.9963025239941301,Baixo risco integrado
Diamante do Sul,05/03/,0.7519850485996757,0.1062485579578874,27,Baixo risco climático,3386.3235637893736,341.00565327185274,Alta produtividade prevista,3.8,-831.2301668083679,Mais viável,0,0,0,0,1.8571484828272575,0.8509690194961775,Baixo risco integrado
Diamante do Sul,15/02/,0.7733917255924263,0.0906534499789454,27,Baixo risco climático,3436.361727899243,327.4507913948672,Alta produtividade prevista,3.8,-825.2527468401835,Mais viável,0,0,0,0,2.528972597950903,0.9758657987321052,Baixo risco integrado
Diamante do Sul,15/03/,0.7553618902848377,0.1046329687328264,27,Baixo risco climático,3361.4442684915434,297.74671117381223,Alta produtividade prevista,3.8,-840.9461693418814,Mais viável,0,0,0,0,1.820252542485244,0.8440335749708936,Baixo risco integrado
Diamante do Sul,25/02/,0.7518248356174089,0.09822140529464,27,Baixo risco climático,3398.627760808938,327.4225124486017,Alta produtividade prevista,3.8,-829.7111424279445,Mais viável,0,0,0,0,1.907393849314895,0.8603155100511543,Baixo risco integrado
Diamante do Sul,25/03/,0.7505724164063592,0.1194022968498986,27,Baixo risco climático,3340.3466653312325,284.3830969532745,Alta produtividade prevista,3.8,-848.4157168890561,Mais viável,0,0,0,0,1.6267712095698335,0.8080096696651187,Baixo risco integrado
Entre Rios do Oeste,05/02/,0.670608836434018,0.1352887915620563,27,Baixo risco climático,2891.9934646475035,612.2513636830874,Baixa produtividade prevista,3.8,-975.8189592863454,Menos viável,0,2,2,4,-2.0225482824804977,0.12861312004439354,Alto risco integrado
Entre Rios do Oeste,05/03/,0.6647078922010426,0.1205975342705338,27,Baixo risco climático,2962.9889874693645,619.341877470864,Baixa produtividade prevista,3.8,-941.9974691629976,Menos viável,0,2,2,4,-1.8381003994930794,0.1634726782522782,Alto risco integrado
Entre Rios do Oeste,15/02/,0.6742949522972731,0.1187660251113539,27,Baixo risco climático,2907.327841791437,630.8393280156755,Baixa produtividade prevista,3.8,-968.7835965893056,Menos viável,0,2,2,4,-1.8775759432453965,0.1556307221871126,Alto risco integrado
Entre Rios do Oeste,15/03/,0.6757579894738112,0.1185876518580209,27,Baixo risco climático,2897.794510167976,534.6132288547359,Baixa produtividade prevista,3.8,-981.993166388873,Menos viável,0,2,2,4,-1.8881303124688813,0.15351482314508028,Alto risco integrado
Entre Rios do Oeste,25/02/,0.6600834183685463,0.1202734418910496,27,Baixo risco climático,2975.2277180565106,601.4090980157551,Baixa produtividade prevista,3.8,-933.2152649688196,Menos viável,0,2,2,4,-1.8827532458741423,0.15544830790342687,Alto risco integrado
Entre Rios do Oeste,25/03/,0.6836398239872663,0.1242487011671187,27,Baixo risco climático,2953.701379571287,585.208551592997,Baixa produtividade prevista,3.8,-955.2078374530976,Menos viável,0,2,2,4,-1.4773584767846892,0.23013512522862187,Alto risco integrado
Formosa do Oeste,05/02/,0.7349893275277244,0.1174309023281426,27,Baixo risco climático,3213.8569160700026,400.00580633851547,Produtividade prevista intermediária,7.7,-885.7174615202828,Viabilidade intermediária,0,1,1,2,0.7450737700967891,0.643780363066754,Risco integrado intermediário
Formosa do Oeste,05/03/,0.6966582932730057,0.1105926960973666,27,Baixo risco climático,3192.2813238339118,454.0347456049433,Produtividade prevista intermediária,7.7,-880.9749729063611,Viabilidade intermediária,0,1,1,2,-0.161350655789929,0.4755401991440279,Risco integrado intermediário
Formosa do Oeste,15/02/,0.7205828513635459,0.1027630829809282,27,Baixo risco climático,3196.6067780990447,397.1056677753941,Produtividade prevista intermediária,3.8,-901.062980730857,Viabilidade intermediária,0,1,1,2,0.3645488205601234,0.5729079331152792,Risco integrado intermediário
Formosa do Oeste,15/03/,0.7023875524916547,0.1083266847469085,27,Baixo risco climático,3196.5299083538725,404.12306011717527,Produtividade prevista intermediária,7.7,-885.120482711584,Viabilidade intermediária,0,1,1,2,-0.021406309905214055,0.5014602651751595,Risco integrado intermediário
Formosa do Oeste,25/02/,0.6963297178385169,0.1085598912305776,27,Baixo risco climático,3202.203611566251,392.3058669830341,Produtividade prevista intermediária,3.8,-883.8907725101318,Viabilidade intermediária,0,1,1,2,-0.12505752419949337,0.482235341005157,Risco integrado intermediário
Formosa do Oeste,25/03/,0.694511795744387,0.1219376761870474,27,Baixo risco climático,3188.2090401479113,375.5430998450093,Produtividade prevista intermediária,3.8,-890.5102691355722,Viabilidade intermediária,0,1,1,2,-0.2245955530892189,0.463663456374243,Risco integrado intermediário
Foz do Iguaçu,05/02/,0.6456509609891825,0.1302578151324777,27,Médio risco climático,2950.1082303995213,721.6516919423333,Baixa produtividade prevista,7.7,-961.7663471353718,Menos viável,1,2,2,5,-2.298135687239113,0.07786265094011165,Alto risco integrado
Foz do Iguaçu,05/03/,0.6640004914891117,0.0975813792455261,27,Baixo risco climático,3198.9094795549117,616.6701075616508,Produtividade prevista intermediária,7.7,-864.4872985917625,Mais viável,0,1,0,1,-0.8245842825280443,0.35286349457383465,Alto risco integrado
Foz do Iguaçu,15/02/,0.6467748365856786,0.1072235901142673,27,Médio risco climático,3068.028718556968,705.6633851251484,Baixa produtividade prevista,7.7,-908.5801105819656,Viabilidade intermediária,1,2,1,4,-1.7602361162934403,0.17883088663506583,Alto risco integrado
Foz do Iguaçu,15/03/,0.689531941962335,0.0979806697631545,27,Baixo risco climático,3162.393210109666,600.5228857590854,Produtividade prevista intermediária,7.7,-892.8468981078314,Viabilidade intermediária,0,1,1,2,-0.44268105004050057,0.4231504120149567,Risco integrado intermediário
Foz do Iguaçu,25/02/,0.6503721144387202,0.0986435041349028,27,Baixo risco climático,3191.743283405202,615.7590965458262,Produtividade prevista intermediária,7.7,-863.4545231399862,Mais viável,0,1,0,1,-1.1446571784935617,0.2937235997632649,Alto risco integrado
Foz do Iguaçu,25/03/,0.6964514592986083,0.1167491378793419,27,Baixo risco climático,3149.1522336959924,652.1503658828906,Produtividade prevista intermediária,7.7,-887.7455673274434,Viabilidade intermediária,0,1,1,2,-0.35375780393783607,0.4397306539833864,Risco integrado intermediário
Guaraniaçu,05/02/,0.7802500226320619,0.1019950446841577,27,Baixo risco climático,3394.4774723527917,317.8366350701549,Alta produtividade prevista,3.8,-840.8353850057622,Mais viável,0,0,0,0,2.491726431099368,0.9685393053789526,Baixo risco integrado
Guaraniaçu,05/03/,0.7541153824807146,0.0975624513746745,27,Baixo risco climático,3383.099858395218,388.9762485942661,Alta produtividade prevista,3.8,-831.9850208061,Mais viável,0,0,0,0,1.888243552840064,0.8567427396272601,Baixo risco integrado
Guaraniaçu,15/02/,0.7691029003139184,0.0915355544051,27,Baixo risco climático,3425.4881266526913,379.60729659452,Alta produtividade prevista,7.7,-830.5367662817191,Mais viável,0,0,0,0,2.3906738021238962,0.9501154779048891,Baixo risco integrado
Guaraniaçu,15/03/,0.7626763156889017,0.0985653594647989,27,Baixo risco climático,3378.672880045878,349.47753137555964,Alta produtividade prevista,7.7,-835.5351252048409,Mais viável,0,0,0,0,2.0503790692572355,0.8868428907616109,Baixo risco integrado
Guaraniaçu,25/02/,0.7492046239453259,0.0966724347293708,27,Baixo risco climático,3404.0905150652716,378.1128418191548,Alta produtividade prevista,7.7,-825.7561079088932,Mais viável,0,0,0,0,1.875677866047621,0.8544398252785629,Baixo risco integrado
Guaraniaçu,25/03/,0.757137063845996,0.114446776324186,27,Baixo risco climático,3359.431752083506,337.8700771774005,Alta produtividade prevista,7.7,-840.357152085076,Mais viável,0,0,0,0,1.8491008072152584,0.8493991500393465,Baixo risco integrado
Guaíra,05/02/,0.6842628881325848,0.129102353003115,27,Baixo risco climático,2979.3959394204326,593.6592632842519,Baixa produtividade prevista,7.7,-942.5475899420964,Menos viável,0,2,2,4,-1.352136793211324,0.2535738360678068,Alto risco integrado
Guaíra,05/03/,0.6670434774651709,0.1326764118577853,27,Baixo risco climático,2978.9629397832477,602.2619712689932,Baixa produtividade prevista,7.7,-935.283549168229,Menos viável,0,2,2,4,-1.7189621149930763,0.18569281744455976,Alto risco integrado
Guaíra,15/02/,0.6794023554896452,0.1199752685957056,27,Baixo risco climático,2942.26396170324,557.473697374314,Baixa produtividade prevista,3.8,-958.8914564633412,Menos viável,0,2,2,4,-1.6170268379809134,0.2041497999402874,Alto risco integrado
Guaíra,15/03/,0.6703048887647804,0.1306361312861411,27,Baixo risco climático,2938.4624526085236,515.5340652929285,Baixa produtividade prevista,3.8,-954.987464736471,Menos viável,0,2,2,4,-1.8264058595602441,0.16535846684462574,Alto risco integrado
Guaíra,25/02/,0.6636133264725663,0.130002577609979,27,Baixo risco climático,2977.800305123496,618.1959289224653,Baixa produtividade prevista,7.7,-935.6539561779388,Menos viável,0,2,2,4,-1.7967272024406196,0.17128857763597358,Alto risco integrado
Guaíra,25/03/,0.675307746797194,0.1333263961892099,27,Baixo risco climático,3014.6938828201555,532.4178126954166,Baixa produtividade prevista,7.7,-925.091225528244,Menos viável,0,2,2,4,-1.388043248534445,0.24722794962729194,Alto risco integrado
Ibema,05/02/,0.7748101236789068,0.1017681978561256,27,Baixo risco climático,3386.4725706500008,335.1502496708355,Alta produtividade prevista,3.8,-843.805493999949,Mais viável,0,0,0,0,2.3415387384061783,0.9407349228472717,Baixo risco integrado
Ibema,05/03/,0.7511250351360975,0.0968123332523061,27,Baixo risco climático,3390.616089337122,391.00019577704643,Alta produtividade prevista,3.8,-830.7919305162818,Mais viável,0,0,0,0,1.8576353853000673,0.8510621743696171,Baixo risco integrado
Ibema,15/02/,0.763993496390163,0.0913544095708772,27,Baixo risco climático,3413.9271836589764,387.865613131169,Alta produtividade prevista,7.7,-833.6080408612142,Mais viável,0,0,0,0,2.2319876613406113,0.9206031466764458,Baixo risco integrado
Ibema,15/03/,0.7588328656519933,0.0981939348917939,27,Baixo risco climático,3386.8995611121186,361.2719533997801,Alta produtividade prevista,7.7,-833.0127233589993,Mais viável,0,0,0,0,2.004788012425241,0.8783932048320534,Baixo risco integrado
Ibema,25/02/,0.7451315270622002,0.0962421490292281,27,Baixo risco climático,3410.841034308547,377.3282821141977,Alta produtividade prevista,7.7,-823.2516955640423,Mais viável,0,0,0,0,1.818784406216363,0.8438753031270008,Baixo risco integrado
Ibema,25/03/,0.7535101742285151,0.114218831199817,27,Baixo risco climático,3373.1407102931134,348.6432386775167,Alta produtividade prevista,7.7,-837.3562957217407,Mais viável,0,0,0,0,1.8319996872945883,0.8462500165243289,Baixo risco integrado
Iguatu,05/02/,0.7520861418483235,0.1164776281925608,27,Baixo risco climático,3267.6949231870717,414.1894830002031,Alta produtividade prevista,3.8,-872.3551506310536,Mais viável,0,0,0,0,1.3421229213642698,0.7548264568659981,Baixo risco integrado
Iguatu,05/03/,0.712002644744147,0.1119467841179686,27,Baixo risco climático,3240.481240374392,473.946193823155,Alta produtividade prevista,7.7,-868.9837934909972,Mais viável,0,0,0,0,0.37397830658770365,0.5750838961021294,Risco integrado intermediário
Iguatu,15/02/,0.7387714699308018,0.1030928376301621,27,Baixo risco climático,3266.1665990447427,409.4586693316115,Alta produtividade prevista,3.8,-882.4804610254533,Viabilidade intermediária,0,0,1,1,1.0532771121775697,0.701051244195776,Baixo risco integrado
Iguatu,15/03/,0.7187056881964966,0.10891636267495,27,Baixo risco climático,3250.1797228056175,397.56281689306286,Alta produtividade prevista,3.8,-871.8886458841899,Mais viável,0,0,0,0,0.5583195677697587,0.6092799494082001,Risco integrado intermediário
Iguatu,25/02/,0.7127013588256754,0.109067960648746,27,Baixo risco climático,3249.886632728154,408.26592016351066,Alta produtividade prevista,3.8,-873.2553557816401,Mais viável,0,0,0,0,0.4297897487926694,0.5853941532024153,Risco integrado intermediário
Iguatu,25/03/,0.7115496578421684,0.1225867666802412,27,Baixo risco climático,3228.874060710924,379.70316226804596,Produtividade prevista intermediária,3.8,-880.6891113051523,Viabilidade intermediária,0,1,1,2,0.31377584299757827,0.5637551694414822,Risco integrado intermediário
Iracema do Oeste,05/02/,0.7347737080776653,0.1174130635017993,27,Baixo risco climático,3222.56682817161,397.55664413828856,Produtividade prevista intermediária,7.7,-883.7483250019887,Viabilidade intermediária,0,1,1,2,0.7784754034865211,0.6500099971398782,Baixo risco integrado
Iracema do Oeste,05/03/,0.6963608670398883,0.1106456604301704,27,Baixo risco climático,3209.9417258267854,458.27305911506306,Produtividade prevista intermediária,7.7,-876.4686205939767,Viabilidade intermediária,0,1,1,2,-0.09066263327987073,0.48872449268265455,Risco integrado intermediário
Iracema do Oeste,15/02/,0.7203413058412965,0.1027707999862205,27,Baixo risco climático,3208.0966200373796,398.20697644521266,Produtividade prevista intermediária,3.8,-898.3254474051254,Viabilidade intermediária,0,1,1,2,0.40952024936947473,0.581296734487111,Risco integrado intermediário
Iracema do Oeste,15/03/,0.702186966014458,0.1083293541002578,27,Baixo risco climático,3215.156938197086,403.8504911603092,Produtividade prevista intermediária,7.7,-881.166102569424,Viabilidade intermediária,0,1,1,2,0.05554814220817347,0.515801529022825,Risco integrado intermediário
Iracema do Oeste,25/02/,0.6960652195693321,0.1085542037833555,27,Baixo risco climático,3216.3347419824363,394.2300505742478,Produtividade prevista intermediária,3.8,-880.834681675377,Viabilidade intermediária,0,1,1,2,-0.06905769975095155,0.49267357506644416,Risco integrado intermediário
Iracema do Oeste,25/03/,0.6942882644790394,0.121953834703104,27,Baixo risco climático,3205.932343320855,377.95437069939817,Produtividade prevista intermediária,3.8,-886.5630919789171,Viabilidade intermediária,0,1,1,2,-0.1520672247747229,0.4771835781299417,Risco integrado intermediário
Itaipulândia,05/02/,0.6553970683535913,0.1374706292888311,27,Baixo risco climático,2823.9001196751055,593.000336201586,Baixa produtividade prevista,3.8,-992.5414727322446,Menos viável,0,2,2,4,-2.6417938468637088,0.013413727931411636,Alto risco integrado
Itaipulândia,05/03/,0.6682330332641668,0.1111484393435729,27,Baixo risco climático,2919.876113700932,657.9497611440547,Baixa produtividade prevista,3.8,-949.973170145598,Menos viável,0,2,2,4,-1.9513436598294043,0.14231186692699932,Alto risco integrado
Itaipulândia,15/02/,0.6587776398023449,0.1148595896664595,27,Baixo risco climático,2870.794229813298,610.2629936245397,Baixa produtividade prevista,3.8,-972.9519847670374,Menos viável,0,2,2,4,-2.3657106404931767,0.06502951695014508,Alto risco integrado
Itaipulândia,15/03/,0.6873748312987056,0.1090909884591387,27,Baixo risco climático,2867.8183350813983,593.2738650504915,Baixa produtividade prevista,3.8,-981.916837303904,Menos viável,0,2,2,4,-1.7726128672438402,0.17497942969438873,Alto risco integrado
Itaipulândia,25/02/,0.6568726971726491,0.1113283654472642,27,Baixo risco climático,2881.239796858395,596.524583609056,Baixa produtividade prevista,3.8,-957.1798300831364,Menos viável,0,2,2,4,-2.3605448042148964,0.06656712227395621,Alto risco integrado
Itaipulândia,25/03/,0.6978257961538197,0.1224449576924722,27,Baixo risco climático,2935.80428665549,587.698769984905,Baixa produtividade prevista,3.8,-955.206860427376,Menos viável,0,2,2,4,-1.254733035988291,0.2714765226397008,Alto risco integrado
Jesuítas,05/02/,0.7367959649254892,0.1173574701985914,27,Baixo risco climático,3222.903983273151,402.52462560317156,Produtividade prevista intermediária,7.7,-884.0258708681779,Viabilidade intermediária,0,1,1,2,0.8228037218707327,0.6582373591448298,Baixo risco integrado
Jesuítas,05/03/,0.6982077712546247,0.1107533653056234,27,Baixo risco climático,3207.9197094173946,460.5782378239623,Produtividade prevista intermediária,7.7,-877.0893200118509,Viabilidade intermediária,0,1,1,2,-0.06033556881817276,0.49434490013101795,Risco integrado intermediário
Jesuítas,15/02/,0.7224205090062198,0.1028504409122772,27,Baixo risco climático,3208.120242716878,401.69626431512967,Produtividade prevista intermediária,3.8,-898.6129574743062,Viabilidade intermediária,0,1,1,2,0.4536885912939275,0.5894940469226344,Risco integrado intermediário
Jesuítas,15/03/,0.7042952869668655,0.1082031668297552,27,Baixo risco climático,3213.719161305364,405.1245117897853,Produtividade prevista intermediária,7.7,-881.0541138000117,Viabilidade intermediária,0,1,1,2,0.0939625370327627,0.522935139110042,Risco integrado intermediário
Jesuítas,25/02/,0.6980183959318849,0.1084685618076305,27,Baixo risco climático,3214.930842796462,398.5745724872818,Produtividade prevista intermediária,3.8,-881.2904434109013,Viabilidade intermediária,0,1,1,2,-0.03378365255969462,0.49921537320144305,Risco integrado intermediário
Jesuítas,25/03/,0.6962902905294324,0.1219568930303745,27,Baixo risco climático,3205.043848921071,384.24924972566123,Produtividade prevista intermediária,3.8,-886.8270644028669,Viabilidade intermediária,0,1,1,2,-0.11351095178465884,0.48433733730640993,Risco integrado intermediário
Lindoeste,05/02/,0.7417117965367299,0.1169697704114534,27,Baixo risco climático,3159.2119094875225,613.4506990124007,Produtividade prevista intermediária,7.7,-905.3556655657304,Viabilidade intermediária,0,1,1,2,0.6493177526771368,0.6257150845909024,Risco integrado intermediário
Lindoeste,05/03/,0.749197543437797,0.0884418712624776,27,Baixo risco climático,3250.654373775238,565.0218296505063,Alta produtividade prevista,3.8,-856.9492334104834,Mais viável,0,0,0,0,1.2066145265848933,0.7298666367637298,Baixo risco integrado
Lindoeste,15/02/,0.7425944183050469,0.0950285610144006,27,Baixo risco climático,3236.1743889203103,603.468949956381,Alta produtividade prevista,7.7,-871.784778179633,Mais viável,0,0,0,0,1.003545650773557,0.6919673013027474,Baixo risco integrado
Lindoeste,15/03/,0.7620880981383057,0.0911771357122431,27,Baixo risco climático,3233.841025445634,539.0963214032603,Produtividade prevista intermediária,7.7,-874.7852531398659,Viabilidade intermediária,0,1,1,2,1.4065103275595165,0.7667388183458249,Baixo risco integrado
Lindoeste,25/02/,0.7362594492130029,0.0934882232159068,27,Baixo risco climático,3284.679979892379,476.3119281120848,Alta produtividade prevista,7.7,-849.1135072034386,Mais viável,0,0,0,0,1.080748984614265,0.7065697375428898,Baixo risco integrado
Lindoeste,25/03/,0.7628880361993928,0.1082058369159477,27,Baixo risco climático,3245.279809254036,553.6447129309078,Alta produtividade prevista,7.7,-862.7167493851586,Mais viável,0,0,0,0,1.473331730400417,0.779328844454414,Baixo risco integrado
Marechal Cândido Rondon,05/02/,0.6808777217129695,0.1357379416975717,27,Baixo risco climático,2910.123599809065,658.1899783990827,Baixa produtividade prevista,3.8,-972.6368716550606,Menos viável,0,2,2,4,-1.7258765022289542,0.1837549236707516,Alto risco integrado
Marechal Cândido Rondon,05/03/,0.6769774831040876,0.1213650933067959,27,Baixo risco climático,2964.8389245591397,665.416297879989,Baixa produtividade prevista,3.8,-945.700541948966,Menos viável,0,2,2,4,-1.5700013075119321,0.21309191653829435,Alto risco integrado
Marechal Cândido Rondon,15/02/,0.685796734504561,0.1211077405233293,27,Baixo risco climático,2932.0690299042326,681.1871753765118,Baixa produtividade prevista,3.8,-964.3882682260588,Menos viável,0,2,2,4,-1.5259536529252467,0.22098790095628237,Alto risco integrado
Marechal Cândido Rondon,15/03/,0.6879052330312744,0.1185060586869007,27,Baixo risco climático,2898.4604454725336,568.314097502408,Baixa produtividade prevista,3.8,-984.3256595370408,Menos viável,0,2,2,4,-1.6277858959130127,0.20187064770983373,Alto risco integrado
Marechal Cândido Rondon,25/02/,0.6725215759785079,0.121958940517401,27,Baixo risco climático,2987.537531853114,656.0420094264384,Baixa produtividade prevista,3.8,-930.750902815588,Menos viável,0,2,2,4,-1.565481247809909,0.21422498014907188,Alto risco integrado
Marechal Cândido Rondon,25/03/,0.6952316067111695,0.1248261122579399,27,Baixo risco climático,2951.3883421637233,627.177154652899,Baixa produtividade prevista,3.8,-956.9647317617716,Menos viável,0,2,2,4,-1.2417731517433113,0.27386115400485855,Alto risco integrado
Maripá,05/02/,0.7137829130995229,0.1251625707930031,27,Baixo risco climático,3127.395365208658,516.0579810955783,Produtividade prevista intermediária,7.7,-907.594878709923,Viabilidade intermediária,0,1,1,2,-0.08129585666757783,0.4900288372643934,Risco integrado intermediário
Maripá,05/03/,0.6934528294598468,0.1120789316886747,27,Baixo risco climático,3125.4467482442415,622.2178117651587,Produtividade prevista intermediária,7.7,-901.708037828546,Viabilidade intermediária,0,1,1,2,-0.5206542918511641,0.4085432916646118,Alto risco integrado
Maripá,15/02/,0.7094359496225356,0.1078607930862822,27,Baixo risco climático,3071.5851943772277,603.0076309370409,Baixa produtividade prevista,3.8,-937.585200003284,Menos viável,0,2,2,4,-0.4167302393569212,0.42733215500344274,Risco integrado intermediário
Maripá,15/03/,0.6999660604332886,0.1122148656946241,27,Baixo risco climático,3106.3563342915145,592.8203857736914,Produtividade prevista intermediária,7.7,-919.841010842296,Menos viável,0,1,2,3,-0.46584257392052314,0.4184532493802943,Risco integrado intermediário
Maripá,25/02/,0.6910159898322649,0.1102627789364427,27,Baixo risco climático,3112.2775445107686,551.0675170609708,Produtividade prevista intermediária,7.7,-904.5339020210856,Viabilidade intermediária,0,1,1,2,-0.6297110438934023,0.38825905626644747,Alto risco integrado
Maripá,25/03/,0.7007160600511575,0.122270857471564,27,Baixo risco climático,3126.449125218164,565.5720857630223,Produtividade prevista intermediária,7.7,-911.3152508092464,Menos viável,0,1,2,3,-0.3623519168183576,0.4377897294122113,Risco integrado intermediário
Matelândia,05/02/,0.7386598020164937,0.1152275249921733,27,Baixo risco climático,3152.3659678765976,663.4587600317568,Produtividade prevista intermediária,7.7,-907.64079232852,Viabilidade intermediária,0,1,1,2,0.554790393146592,0.6081335676198969,Risco integrado intermediário
Matelândia,05/03/,0.7458854476460262,0.0885499237549854,27,Baixo risco climático,3234.855600059245,596.7239993809432,Produtividade prevista intermediária,3.8,-860.9518152443122,Mais viável,0,1,0,1,1.0675443771670445,0.7039886659697872,Baixo risco integrado
Matelândia,15/02/,0.7387061217364095,0.0943498512511076,27,Baixo risco climático,3224.69826050371,652.5593463364785,Produtividade prevista intermediária,7.7,-876.0046627442225,Viabilidade intermediária,0,1,1,2,0.87110866467547,0.6673168460026113,Baixo risco integrado
Matelândia,15/03/,0.7586001221402723,0.0912301130153881,27,Baixo risco climático,3217.135600233697,572.1920665886358,Produtividade prevista intermediária,7.7,-879.7305759610172,Viabilidade intermediária,0,1,1,2,1.2597600838856957,0.7394224600805491,Baixo risco integrado
Matelândia,25/02/,0.7337103562779154,0.0930742114541434,27,Baixo risco climático,3279.695688622432,508.0548482137649,Alta produtividade prevista,7.7,-850.828747371658,Mais viável,0,0,0,0,1.0049957798974598,0.6924811702861459,Baixo risco integrado
Matelândia,25/03/,0.7595208577917512,0.1078791749885075,27,Baixo risco climático,3225.939875401237,612.4592573631563,Produtividade prevista intermediária,7.7,-867.700554912227,Mais viável,0,1,0,1,1.3176563118030618,0.7503525376030847,Baixo risco integrado
Medianeira,05/02/,0.6800880911271748,0.1378754037125905,27,Baixo risco climático,3015.5214180184503,758.1523268208467,Baixa produtividade prevista,7.7,-951.3254860272274,Menos viável,0,2,2,4,-1.283123875507863,0.2662558557872431,Alto risco integrado
Medianeira,05/03/,0.7004610624608203,0.0980585068436109,27,Baixo risco climático,3142.8942660545176,716.0414472569423,Produtividade prevista intermediária,7.7,-885.8286291956612,Viabilidade intermediária,0,1,1,2,-0.29606268537053976,0.4504668325465006,Risco integrado intermediário
Medianeira,15/02/,0.6829891100579876,0.1145878032351395,27,Baixo risco climático,3085.4036443432883,773.6353024312929,Baixa produtividade prevista,7.7,-914.6901291814988,Menos viável,0,2,2,4,-0.9169860570373227,0.33478553346414397,Alto risco integrado
Medianeira,15/03/,0.7256315062492221,0.0986336129009921,27,Baixo risco climático,3103.206673933105,729.7621016833658,Baixa produtividade prevista,7.7,-917.9069305955802,Menos viável,0,2,2,4,0.06436403742639285,0.5169331926650131,Risco integrado intermediário
Medianeira,25/02/,0.6831994954505907,0.1039425755213152,27,Baixo risco climático,3090.9240133684198,731.541828675344,Baixa produtividade prevista,7.7,-895.3474017537337,Viabilidade intermediária,0,2,1,3,-0.8884609262106267,0.3404177239509582,Alto risco integrado
Medianeira,25/03/,0.732883334046447,0.117566060267487,27,Baixo risco climático,3124.1825069675956,695.0857383918604,Produtividade prevista intermediária,7.7,-897.0886875133345,Viabilidade intermediária,0,1,1,2,0.30950012659901016,0.5627411306435763,Risco integrado intermediário
Mercedes,05/02/,0.6806028907325431,0.1357347432334341,27,Baixo risco climático,2899.1893805938857,646.2510105031652,Baixa produtividade prevista,3.8,-974.9469231504386,Menos viável,0,2,2,4,-1.7793694303967529,0.17379206742574377,Alto risco integrado
Mercedes,05/03/,0.6766378040844496,0.121345616328094,27,Baixo risco climático,2946.147317198122,652.6505925305086,Baixa produtividade prevista,3.8,-950.6824340706394,Menos viável,0,2,2,4,-1.6586873446757495,0.1965497890648851,Alto risco integrado
Mercedes,15/02/,0.685495188587388,0.1210478628424678,27,Baixo risco climático,2918.058956720288,669.0835509715337,Baixa produtividade prevista,3.8,-967.9193751822604,Menos viável,0,2,2,4,-1.5934221152888355,0.20841347234482463,Alto risco integrado
Mercedes,15/03/,0.6875929339668806,0.1184822240902966,27,Baixo risco climático,2881.410957296208,556.6786835004418,Baixa produtividade prevista,3.8,-988.617255371708,Menos viável,0,2,2,4,-1.7087327503704295,0.1868008144546752,Alto risco integrado
Mercedes,25/02/,0.6722181198867996,0.1218958763534619,27,Baixo risco climático,2966.732271102556,645.8314823410535,Baixa produtividade prevista,3.8,-937.1246920688016,Menos viável,0,2,2,4,-1.6626141864025468,0.19608869780828883,Alto risco integrado
Mercedes,25/03/,0.6949196814823874,0.1248068418281305,27,Baixo risco climático,2937.91216355225,614.71960977188,Baixa produtividade prevista,3.8,-960.1078052502132,Menos viável,0,2,2,4,-1.307134044183486,0.26168275109687333,Alto risco integrado
Missal,05/02/,0.6553575600967221,0.1374409511397205,27,Baixo risco climático,2831.82396752402,594.732905856014,Baixa produtividade prevista,3.8,-991.4804246645843,Menos viável,0,2,2,4,-2.6080867110360497,0.019680627003995217,Alto risco integrado
Missal,05/03/,0.6682049498238489,0.1111307210530314,27,Baixo risco climático,2914.0356170599302,667.0536771721125,Baixa produtividade prevista,3.8,-953.1887749765184,Menos viável,0,2,2,4,-1.9774008087222994,0.1374094430047536,Alto risco integrado
Missal,15/02/,0.6587328402550285,0.1148280943453235,27,Baixo risco climático,2872.505602455267,614.5009425345817,Baixa produtividade prevista,3.8,-974.3352032188862,Menos viável,0,2,2,4,-2.3591992716779426,0.06619560651970616,Alto risco integrado
Missal,15/03/,0.6873291400200265,0.1090734937341046,27,Baixo risco climático,2860.3523080436626,599.1720390850293,Baixa produtividade prevista,3.8,-984.9316489498176,Menos viável,0,2,2,4,-1.8061297748555372,0.16872740338487402,Alto risco integrado
Missal,25/02/,0.6568292198253602,0.1113043970782838,27,Baixo risco climático,2875.510262423804,605.4333104761853,Baixa produtividade prevista,3.8,-959.7908864367416,Menos viável,0,2,2,4,-2.386444456308204,0.061701685661961936,Alto risco integrado
Missal,25/03/,0.6977633018150117,0.1224328388515539,27,Baixo risco climático,2930.213409331308,592.7211540464031,Baixa produtividade prevista,3.8,-957.12631790869,Menos viável,0,2,2,4,-1.2804312392613204,0.2666793090494095,Alto risco integrado
Nova Aurora,05/02/,0.7383420498577367,0.1172885288125414,27,Baixo risco climático,3230.7418366117986,402.9049705695361,Produtividade prevista intermediária,7.7,-881.9026426743978,Viabilidade intermediária,0,1,1,2,0.889740050168446,0.6706961427713791,Baixo risco integrado
Nova Aurora,05/03/,0.699596913970643,0.1108552384740928,27,Baixo risco climático,3216.6879956538146,462.9671181792614,Produtividade prevista intermediária,7.7,-874.9327873196188,Viabilidade intermediária,0,1,1,2,0.007330895622976509,0.506935150463806,Risco integrado intermediário
Nova Aurora,15/02/,0.7240306107696058,0.1029128559533309,27,Baixo risco climático,3218.1586346179142,403.41738751053225,Produtividade prevista intermediária,3.8,-895.7005969422142,Viabilidade intermediária,0,1,1,2,0.5315750217181593,0.6039971146796587,Risco integrado intermediário
Nova Aurora,15/03/,0.7058749609075462,0.1080703533581801,27,Baixo risco climático,3224.138914804407,402.6474770183798,Produtividade prevista intermediária,7.7,-878.265144347097,Viabilidade intermediária,0,1,1,2,0.17286666564956424,0.5376223883488305,Risco integrado intermediário
Nova Aurora,25/02/,0.6994958532013464,0.1083823317340039,27,Baixo risco climático,3223.207761772518,400.52684009215716,Produtividade prevista intermediária,3.8,-879.3483619134157,Viabilidade intermediária,0,1,1,2,0.03361235385912975,0.5117537642839248,Risco integrado intermediário
Nova Aurora,25/03/,0.6978403109771207,0.1219619595371979,27,Baixo risco climático,3213.7953735798196,386.0344312753118,Produtividade prevista intermediária,3.8,-884.6063029051214,Viabilidade intermediária,0,1,1,2,-0.042508016316530395,0.49754979233992086,Risco integrado intermediário
Nova Santa Rosa,05/02/,0.7139855439370277,0.1251725850879391,27,Baixo risco climático,3125.136162284033,519.2526194817366,Produtividade prevista intermediária,7.7,-907.7743811525652,Viabilidade intermediária,0,1,1,2,-0.08685054203734316,0.4889949078737482,Risco integrado intermediário
Nova Santa Rosa,05/03/,0.6936370754607348,0.1120546423377958,27,Baixo risco climático,3120.0807427303994,621.9141653863262,Produtividade prevista intermediária,7.7,-902.6495351317684,Viabilidade intermediária,0,1,1,2,-0.5401428905895146,0.4049117161548344,Alto risco integrado
Nova Santa Rosa,15/02/,0.7096246155441404,0.1078380514116067,27,Baixo risco climático,3069.058757499535,601.4260832896771,Baixa produtividade prevista,3.8,-937.8054444543212,Menos viável,0,2,2,4,-0.42374590968126347,0.4260264562809615,Risco integrado intermediário
Nova Santa Rosa,15/03/,0.700154959103425,0.1121894571222062,27,Baixo risco climático,3104.3538730336522,591.3385143033289,Produtividade prevista intermediária,7.7,-919.7765041352428,Menos viável,0,1,2,3,-0.47056901104129956,0.41757654672726807,Risco integrado intermediário
Nova Santa Rosa,25/02/,0.6912163536794037,0.1102352988751023,27,Baixo risco climático,3106.2799014140173,552.7095492796775,Produtividade prevista intermediária,7.7,-905.916345749043,Viabilidade intermediária,0,1,1,2,-0.6516117095878298,0.38417285960724806,Alto risco integrado
Nova Santa Rosa,25/03/,0.7009022120772302,0.1222652110649407,27,Baixo risco climático,3126.134213525098,562.9167239864518,Produtividade prevista intermediária,7.7,-911.1967885956516,Viabilidade intermediária,0,1,1,2,-0.3597795996786239,0.43826902136276275,Risco integrado intermediário
Ouro Verde do Oeste,05/02/,0.7288007483577702,0.1188372928414387,27,Baixo risco climático,3198.572974562421,497.40148438250174,Produtividade prevista intermediária,3.8,-896.2958114524087,Viabilidade intermediária,0,1,1,2,0.5472856341966786,0.606905835751983,Risco integrado intermediário
Ouro Verde do Oeste,05/03/,0.7248568321415673,0.0973365339050117,27,Baixo risco climático,3265.132946756686,495.5961179822783,Alta produtividade prevista,7.7,-855.045593819119,Mais viável,0,0,0,0,0.7538725431177807,0.6457944552592989,Risco integrado intermediário
Ouro Verde do Oeste,15/02/,0.7274588887491932,0.0987442275108961,27,Baixo risco climático,3202.4306925825786,518.1777390664502,Produtividade prevista intermediária,7.7,-891.6570300024704,Viabilidade intermediária,0,1,1,2,0.5356650175089966,0.6048130188282291,Risco integrado intermediário
Ouro Verde do Oeste,15/03/,0.7344679606334366,0.1003047642939441,27,Baixo risco climático,3251.031018140714,466.9860547439961,Alta produtividade prevista,7.7,-874.9694008469667,Viabilidade intermediária,0,0,1,1,0.8960867780126827,0.671969181343027,Baixo risco integrado
Ouro Verde do Oeste,25/02/,0.7176936290410298,0.0999526589100476,27,Baixo risco climático,3237.5789581207364,481.1883792618061,Alta produtividade prevista,7.7,-865.5195952091913,Mais viável,0,0,0,0,0.4819368810531975,0.5951733515901309,Risco integrado intermediário
Ouro Verde do Oeste,25/03/,0.7346310000958816,0.1173980165831733,27,Baixo risco climático,3212.293107601396,454.41434345998965,Produtividade prevista intermediária,3.8,-884.0045331884168,Viabilidade intermediária,0,1,1,2,0.7306620892704029,0.6411278811512113,Risco integrado intermediário
Palotina,05/02/,0.712338661245097,0.1251684643037331,27,Baixo risco climático,3112.437289861778,511.3558106946671,Produtividade prevista intermediária,7.7,-911.2013819936818,Menos viável,0,1,2,3,-0.17711499577522374,0.4721863142120837,Risco integrado intermediário
Palotina,05/03/,0.6918335368686812,0.1118388585672397,27,Baixo risco climático,3094.121744268731,602.4145663833239,Baixa produtividade prevista,7.7,-908.6978595186938,Viabilidade intermediária,0,2,1,3,-0.6915356607325684,0.37671965022770004,Alto risco integrado
Palotina,15/02/,0.7078154158667481,0.1074290143870852,27,Baixo risco climático,3054.0594623239076,592.6625853856016,Baixa produtividade prevista,3.8,-941.5645139707522,Menos viável,0,2,2,4,-0.5274792293821859,0.40671397881543825,Alto risco integrado
Palotina,15/03/,0.6984177182159819,0.1120806889104525,27,Baixo risco climático,3082.4695154810693,580.9909649779602,Baixa produtividade prevista,7.7,-924.592344828572,Menos viável,0,2,2,4,-0.602793087580062,0.3929572090094715,Alto risco integrado
Palotina,25/02/,0.6895305269554322,0.1098561470291722,27,Baixo risco climático,3089.604489888614,539.9984442292167,Baixa produtividade prevista,7.7,-909.2745759904118,Viabilidade intermediária,0,2,1,3,-0.760037459750879,0.3639977894515113,Alto risco integrado
Palotina,25/03/,0.6992151294415452,0.1222070616498093,27,Baixo risco climático,3104.0520010289033,553.446719093017,Produtividade prevista intermediária,7.7,-916.0674645447148,Menos viável,0,1,2,3,-0.4918032124573073,0.41368659420022863,Risco integrado intermediário
Pato Bragado,05/02/,0.6614122516250295,0.1345819405008498,27,Baixo risco climático,2887.5875105196037,587.8506008841381,Baixa produtividade prevista,3.8,-977.068707924356,Menos viável,0,2,2,4,-2.2366630632843947,0.08884626002648864,Alto risco integrado
Pato Bragado,05/03/,0.653973043056836,0.1200889452364677,27,Baixo risco climático,2964.0692407864494,581.8487669354085,Baixa produtividade prevista,3.8,-940.5772652618028,Menos viável,0,2,2,4,-2.060898789357181,0.12233288926197153,Alto risco integrado
Pato Bragado,15/02/,0.6637647753007861,0.1164358314544259,27,Baixo risco climático,2902.6033329845345,582.5540703607232,Baixa produtividade prevista,3.8,-969.9973755495344,Menos viável,0,2,2,4,-2.1213428161346015,0.11036948226179125,Alto risco integrado
Pato Bragado,15/03/,0.6646844862249336,0.1186570997357176,27,Baixo risco climático,2898.594520658799,509.7795560475177,Baixa produtividade prevista,3.8,-979.5634419217944,Menos viável,0,2,2,4,-2.1193276638526357,0.11059075544263368,Alto risco integrado
Pato Bragado,25/02/,0.6492436018969505,0.118759190217094,27,Médio risco climático,2970.8770479093455,572.8532955032963,Baixa produtividade prevista,3.8,-933.2977962019272,Menos viável,1,2,2,5,-2.1314526578683544,0.10962662110534001,Alto risco integrado
Pato Bragado,25/03/,0.673269592188785,0.1237381158330764,27,Baixo risco climático,2950.4417258698077,553.0535429150084,Baixa produtividade prevista,3.8,-954.5631183648889,Menos viável,0,2,2,4,-1.711349452943162,0.18671095881188074,Alto risco integrado
Quatro Pontes,05/02/,0.7162465935721007,0.1251561720065493,27,Baixo risco climático,3139.3753889978493,522.289050026042,Produtividade prevista intermediária,7.7,-904.8890252973732,Viabilidade intermediária,0,1,1,2,0.02314544855603245,0.5094599315545821,Risco integrado intermediário
Quatro Pontes,05/03/,0.696074124835031,0.1123666577577134,27,Baixo risco climático,3148.765560292379,636.0028865983459,Produtividade prevista intermediária,7.7,-895.9040362220222,Viabilidade intermediária,0,1,1,2,-0.363440523220948,0.43781143781919724,Risco integrado intermediário
Quatro Pontes,15/02/,0.7120983978237301,0.1083681855695126,27,Baixo risco climático,3089.8782979826665,603.6618515075477,Baixa produtividade prevista,3.8,-932.615340097008,Menos viável,0,2,2,4,-0.2805541547538202,0.4526854259122673,Risco integrado intermediário
Quatro Pontes,15/03/,0.7025039744586068,0.1124447743471792,27,Baixo risco climático,3129.8844972465226,595.7883811343814,Produtividade prevista intermediária,7.7,-914.2573420819002,Menos viável,0,1,2,3,-0.30948326174681434,0.4475648052797339,Risco integrado intermediário
Quatro Pontes,25/02/,0.6934623444484596,0.1107765152200036,27,Baixo risco climático,3126.233995322816,561.3490684852704,Produtividade prevista intermediária,7.7,-902.1378588274616,Viabilidade intermediária,0,1,1,2,-0.5170205901658584,0.40921116798367896,Risco integrado intermediário
Quatro Pontes,25/03/,0.7031286820829005,0.1222874145624455,27,Baixo risco climático,3145.28471623286,568.7072534678375,Produtividade prevista intermediária,7.7,-907.581610354413,Viabilidade intermediária,0,1,1,2,-0.22910549129900998,0.4625830851671472,Risco integrado intermediário
Ramilândia,05/02/,0.6549348514244772,0.1373054595383687,27,Baixo risco climático,2852.8830074707007,596.2779299044074,Baixa produtividade prevista,3.8,-986.574731580058,Menos viável,0,2,2,4,-2.525237299057689,0.03514456380994857,Alto risco integrado
Ramilândia,05/03/,0.6677578223845588,0.1110704358948723,27,Baixo risco climático,2936.511709622174,671.514126912111,Baixa produtividade prevista,3.8,-948.463563726642,Menos viável,0,2,2,4,-1.8888911944721032,0.15391352063121552,Alto risco integrado
Ramilândia,15/02/,0.6583032216234513,0.1146666879932384,27,Baixo risco climático,2893.492177811726,615.7588962990061,Baixa produtividade prevista,3.8,-970.0980192297158,Menos viável,0,2,2,4,-2.2768122185010298,0.08155442371310742,Alto risco integrado
Ramilândia,15/03/,0.686852340565663,0.1090223419903498,27,Baixo risco climático,2888.237548701645,601.3865466503205,Baixa produtividade prevista,3.8,-978.460640173452,Menos viável,0,2,2,4,-1.6946675330946073,0.18949257104397424,Alto risco integrado
Ramilândia,25/02/,0.6563997034909913,0.1111774575872992,27,Baixo risco climático,2898.338511226631,609.5292867782146,Baixa produtividade prevista,3.8,-955.3035086199538,Menos viável,0,2,2,4,-2.296026358634516,0.07849165820282529,Alto risco integrado
Ramilândia,25/03/,0.6972587929802398,0.1223850720167044,27,Baixo risco climático,2948.2713687297137,587.9914705099872,Baixa produtividade prevista,3.8,-953.2446149313438,Menos viável,0,2,2,4,-1.2123988251621272,0.27936410431487296,Alto risco integrado
Santa Helena,05/02/,0.6556869016440179,0.1378568654582666,27,Baixo risco climático,2806.031053238566,596.3150954060816,Baixa produtividade prevista,3.8,-997.509751424862,Menos viável,0,2,2,4,-2.7135524736425456,0.0,Alto risco integrado
Santa Helena,05/03/,0.6666508153652239,0.1121511856392142,27,Baixo risco climático,2893.9938010244814,670.110358483477,Baixa produtividade prevista,3.8,-958.538247731083,Menos viável,0,2,2,4,-2.097711578958021,0.1150017557577777,Alto risco integrado
Santa Helena,15/02/,0.6585580622638164,0.1158012638136132,27,Baixo risco climático,2847.9591112602857,617.1808714135498,Baixa produtividade prevista,3.8,-978.9506495789926,Menos viável,0,2,2,4,-2.4699151849395404,0.045590978679991304,Alto risco integrado
Santa Helena,15/03/,0.6855020005870754,0.1098698320240113,27,Baixo risco climático,2828.9264080634252,624.8629031397252,Baixa produtividade prevista,3.8,-990.9652373280866,Menos viável,0,2,2,4,-1.9818559839851349,0.13603256827958446,Alto risco integrado
Santa Helena,25/02/,0.6550089604543274,0.111935313023197,27,Baixo risco climático,2845.5903445258655,611.8587612936415,Baixa produtividade prevista,3.8,-967.687741310529,Menos viável,0,2,2,4,-2.555459442076361,0.03053994280949949,Alto risco integrado
Santa Helena,25/03/,0.6947700192154924,0.1227175091820644,27,Baixo risco climático,2907.035623564633,604.2963879050651,Baixa produtividade prevista,3.8,-962.3596162698096,Menos viável,0,2,2,4,-1.4449138653227367,0.23606472379084215,Alto risco integrado
Santa Lúcia,05/02/,0.7414236274522125,0.1163330023665374,27,Baixo risco climático,3153.8386482149253,638.3145265774444,Produtividade prevista intermediária,7.7,-907.2801991763752,Viabilidade intermediária,0,1,1,2,0.6197854462781799,0.6202038425445605,Risco integrado intermediário
Santa Lúcia,05/03/,0.7488996150186359,0.0883731866209022,27,Baixo risco climático,3244.1013094171767,576.8237763554785,Alta produtividade prevista,3.8,-858.5140782762056,Mais viável,0,0,0,0,1.1717319705225517,0.723369250638735,Baixo risco integrado
Santa Lúcia,15/02/,0.7420738872101222,0.0946965628252043,27,Baixo risco climático,3229.97876833605,624.9288087306298,Produtividade prevista intermediária,7.7,-873.924770748726,Mais viável,0,1,0,1,0.9655036857825373,0.6848742669882909,Baixo risco integrado
Santa Lúcia,15/03/,0.7616756587734085,0.0911006369006547,27,Baixo risco climático,3228.5594598639987,554.213523755277,Produtividade prevista intermediária,7.7,-876.330701673282,Viabilidade intermediária,0,1,1,2,1.374744065399683,0.7608179969140832,Baixo risco integrado
Santa Lúcia,25/02/,0.7361655600598944,0.0932688135241,27,Baixo risco climático,3281.8996124653368,491.93958189291976,Alta produtividade prevista,7.7,-849.8042037650703,Mais viável,0,0,0,0,1.066637991044104,0.7039416583449017,Baixo risco integrado
Santa Lúcia,25/03/,0.7624467070329765,0.108004686356474,27,Baixo risco climático,3240.3190671711413,576.6134854339455,Alta produtividade prevista,7.7,-863.7747558806152,Mais viável,0,0,0,0,1.4423518431450648,0.7735615315107776,Baixo risco integrado
Santa Tereza do Oeste,05/02/,0.7260308758165017,0.1187366044898167,27,Baixo risco climático,3202.066613461633,489.85809157223497,Produtividade prevista intermediária,3.8,-893.699226782196,Viabilidade intermediária,0,1,1,2,0.5038133637161784,0.5988701944077298,Risco integrado intermediário
Santa Tereza do Oeste,05/03/,0.7245987603393343,0.0957190036720818,27,Baixo risco climático,3281.5350380750806,481.6708617126976,Alta produtividade prevista,7.7,-851.1547943038125,Mais viável,0,0,0,0,0.8199089448664524,0.6581002171283574,Baixo risco integrado
Santa Tereza do Oeste,15/02/,0.7259555874105287,0.0968216515170887,27,Baixo risco climático,3211.9172496988344,514.6770499386884,Produtividade prevista intermediária,7.7,-888.8975480408556,Viabilidade intermediária,0,1,1,2,0.5451621367263868,0.6066144856461028,Risco integrado intermediário
Santa Tereza do Oeste,15/03/,0.7338530459477327,0.0986626368286668,27,Baixo risco climático,3272.113783654134,454.9089291097381,Alta produtividade prevista,7.7,-868.211919274345,Mais viável,0,0,0,0,0.9749661264531617,0.6867055303740631,Baixo risco integrado
Santa Tereza do Oeste,25/02/,0.71767175719789,0.0980412290836868,27,Baixo risco climático,3256.7886503265204,463.49647341157987,Alta produtividade prevista,7.7,-860.355829095137,Mais viável,0,0,0,0,0.5652190501384722,0.6106998669241311,Risco integrado intermediário
Santa Tereza do Oeste,25/03/,0.7350612753736546,0.1159067632310851,27,Baixo risco climático,3241.5521294356877,431.79094705404316,Alta produtividade prevista,7.7,-872.6547955466917,Mais viável,0,0,0,0,0.867337391408252,0.6666602054137799,Baixo risco integrado
Santa Terezinha de Itaipu,05/02/,0.6680892962451869,0.1343280941455716,27,Baixo risco climático,2941.9340208195695,742.7338694799837,Baixa produtividade prevista,7.7,-962.919577639418,Menos viável,0,2,2,4,-1.8582272773499426,0.15931335139159788,Alto risco integrado
Santa Terezinha de Itaipu,05/03/,0.6889581567852093,0.0968617709005816,27,Baixo risco climático,3112.439385053215,654.7238039528178,Produtividade prevista intermediária,7.7,-887.7174802776123,Viabilidade intermediária,0,1,1,2,-0.6726179435417827,0.38057589744052844,Alto risco integrado
Santa Terezinha de Itaipu,15/02/,0.6697945697606977,0.1117601972110626,27,Baixo risco climático,3026.6766143820687,745.1278756629605,Baixa produtividade prevista,7.7,-920.9167033288584,Menos viável,0,2,2,4,-1.4526467677460475,0.23534425039773804,Alto risco integrado
Santa Terezinha de Itaipu,15/03/,0.7130803073422144,0.0984284243787278,27,Baixo risco climático,3045.358308869503,676.4062843017045,Baixa produtividade prevista,7.7,-923.642703744784,Menos viável,0,2,2,4,-0.45383150230556,0.4206304785053986,Risco integrado intermediário
Santa Terezinha de Itaipu,25/02/,0.6723637534649567,0.1009660272142736,27,Baixo risco climático,3083.9332820706863,675.6398124408626,Baixa produtividade prevista,7.7,-892.9330080488616,Viabilidade intermediária,0,2,1,3,-1.1485834775361734,0.2922742723722406,Alto risco integrado
Santa Terezinha de Itaipu,25/03/,0.7203342171037883,0.1172666610463701,27,Baixo risco climático,3083.0102473096845,689.0295835544757,Baixa produtividade prevista,7.7,-904.581994920314,Viabilidade intermediária,0,2,1,3,-0.13595089244747766,0.47992204477745737,Risco integrado intermediário
Serranópolis do Iguaçu,05/02/,0.7329073115968427,0.114635411167956,27,Baixo risco climático,3133.971385528357,623.2714479700909,Produtividade prevista intermediária,7.7,-911.251629003252,Menos viável,0,1,2,3,0.35268344546938296,0.5705598798001302,Risco integrado intermediário
Serranópolis do Iguaçu,05/03/,0.7411052224147255,0.0896121467899361,27,Baixo risco climático,3224.4524060588533,563.8847174354381,Produtividade prevista intermediária,3.8,-863.9331319024805,Mais viável,0,1,0,1,0.9208819181228189,0.6767127652866737,Baixo risco integrado
Serranópolis do Iguaçu,15/02/,0.7334176536309888,0.094873620762426,27,Baixo risco climático,3207.7222348030764,603.9913664097371,Produtividade prevista intermediária,7.7,-877.8617299346502,Viabilidade intermediária,0,1,1,2,0.6850201970967225,0.6327340087875435,Risco integrado intermediário
Serranópolis do Iguaçu,15/03/,0.754923071217524,0.0916136567440605,27,Baixo risco climático,3203.005733392595,542.8893521150884,Produtividade prevista intermediária,7.7,-882.5971569058279,Viabilidade intermediária,0,1,1,2,1.120230990220436,0.7134786363425871,Baixo risco integrado
Serranópolis do Iguaçu,25/02/,0.7306288685363386,0.0932795204713211,27,Baixo risco climático,3267.883090973464,481.33671336627185,Alta produtividade prevista,7.7,-852.410977321426,Mais viável,0,0,0,0,0.8881909495097077,0.6707692572108186,Baixo risco integrado
Serranópolis do Iguaçu,25/03/,0.756643710116724,0.1077439025420723,27,Baixo risco climático,3228.8664886372076,569.323882917063,Produtividade prevista intermediária,7.7,-867.5608049284638,Mais viável,0,1,0,1,1.2694385383844813,0.741401091574016,Baixo risco integrado
São José das Palmeiras,05/02/,0.6733770103580988,0.1406204713859476,27,Baixo risco climático,2844.852612547023,563.2052382348439,Baixa produtividade prevista,3.8,-987.9676317964472,Menos viável,0,2,2,4,-2.169394433045038,0.1012000857419164,Alto risco integrado
São José das Palmeiras,05/03/,0.6857583050377096,0.1140351121906528,27,Baixo risco climático,2925.805890919184,645.1741333093174,Baixa produtividade prevista,3.8,-952.745969222934,Menos viável,0,2,2,4,-1.5540726016597555,0.21593009757476084,Alto risco integrado
São José das Palmeiras,15/02/,0.6761335423508418,0.1192905150255116,27,Baixo risco climático,2901.325766788799,583.8922682277608,Baixa produtividade prevista,3.8,-968.2550664962168,Menos viável,0,2,2,4,-1.8647763679085545,0.15801485448545763,Alto risco integrado
São José das Palmeiras,15/03/,0.7051712788679441,0.1098338486706725,27,Baixo risco climático,2876.5701034526624,558.3292940841317,Baixa produtividade prevista,3.8,-985.0170474980072,Menos viável,0,2,2,4,-1.357292050140127,0.25212149250126614,Alto risco integrado
São José das Palmeiras,25/02/,0.6722383645449128,0.1149177418922091,27,Baixo risco climático,2875.838168093722,588.8425889530002,Baixa produtividade prevista,3.8,-960.773309472416,Menos viável,0,2,2,4,-2.05844296445186,0.12222172763052987,Alto risco integrado
São José das Palmeiras,25/03/,0.713115635435136,0.1240967121521865,27,Baixo risco climático,2938.119274097802,567.5826788687046,Baixa produtividade prevista,3.8,-956.2675582800464,Menos viável,0,2,2,4,-0.9205972384182306,0.3335225875887247,Alto risco integrado
São Miguel do Iguaçu,05/02/,0.6716371005235521,0.1353073142380041,27,Baixo risco climático,2936.9402628906546,756.3696997139526,Baixa produtividade prevista,7.7,-964.8906606431392,Menos viável,0,2,2,4,-1.8048078496654905,0.16919815081989756,Alto risco integrado
São Miguel do Iguaçu,05/03/,0.6928003570755796,0.0966625863483767,27,Baixo risco climático,3080.9198803381973,687.2592519574599,Baixa produtividade prevista,7.7,-897.0723904136631,Viabilidade intermediária,0,2,1,3,-0.7285997162302282,0.37003254510873285,Alto risco integrado
São Miguel do Iguaçu,15/02/,0.6736776003698409,0.1125747462811843,27,Baixo risco climático,3008.50316244172,769.4699369588011,Baixa produtividade prevista,7.7,-926.4149445120466,Menos viável,0,2,2,4,-1.44958035809366,0.2357947394086974,Alto risco integrado
São Miguel do Iguaçu,15/03/,0.71692911731339,0.0985456355480729,27,Baixo risco climático,3001.6203741888917,724.3567793775868,Baixa produtividade prevista,7.7,-936.0399108621187,Menos viável,0,2,2,4,-0.5629401095318045,0.4002009666305836,Alto risco integrado
São Miguel do Iguaçu,25/02/,0.675729527318358,0.1016478086411192,27,Baixo risco climático,3035.55433598923,745.4776343752325,Baixa produtividade prevista,7.7,-906.9329586239168,Viabilidade intermediária,0,2,1,3,-1.2881620001258263,0.26611870407764165,Alto risco integrado
São Miguel do Iguaçu,25/03/,0.7241587957017254,0.1173220179564276,27,Baixo risco climático,3061.57740599489,705.7145722315964,Baixa produtividade prevista,7.7,-909.9327254789462,Viabilidade intermediária,0,2,1,3,-0.1483327657703503,0.47754844358341353,Risco integrado intermediário
São Pedro do Iguaçu,05/02/,0.7281381832183518,0.1188289764750065,27,Baixo risco climático,3203.2169876906123,494.30372060007545,Produtividade prevista intermediária,3.8,-895.3819194935531,Viabilidade intermediária,0,1,1,2,0.5534894648366839,0.6080706917100244,Risco integrado intermediário
São Pedro do Iguaçu,05/03/,0.7241781374052939,0.0973697637014445,27,Baixo risco climático,3268.50892382386,494.2502126441343,Alta produtividade prevista,7.7,-853.9052605687847,Mais viável,0,0,0,0,0.7542064601616381,0.6458687790241082,Baixo risco integrado
São Pedro do Iguaçu,15/02/,0.7268197279293039,0.0987145515535248,27,Baixo risco climático,3205.135077217882,517.5599335295218,Produtividade prevista intermediária,7.7,-890.4047469285198,Viabilidade intermediária,0,1,1,2,0.5339089480787027,0.6045041876319005,Risco integrado intermediário
São Pedro do Iguaçu,15/03/,0.7338109475267349,0.1003449411010682,27,Baixo risco climático,3255.5173727011215,465.81808653718974,Alta produtividade prevista,7.7,-873.6788332240756,Mais viável,0,0,0,0,0.9017209538517296,0.6730324650470444,Baixo risco integrado
São Pedro do Iguaçu,25/02/,0.7170564259323897,0.0999450621464658,27,Baixo risco climático,3241.4810685672833,480.78230287533086,Alta produtividade prevista,7.7,-864.2891025955088,Mais viável,0,0,0,0,0.48544385356834313,0.5958393993116468,Risco integrado intermediário
São Pedro do Iguaçu,25/03/,0.734020047138187,0.1174232490992409,27,Baixo risco climático,3219.309571679649,451.9928151812509,Produtividade prevista intermediária,3.8,-882.3471710699712,Viabilidade intermediária,0,1,1,2,0.7483025869896336,0.644426268149644,Risco integrado intermediário
Terra Roxa,05/02/,0.6710074490662042,0.1284223774416446,27,Baixo risco climático,2981.451619410562,554.4073710278844,Baixa produtividade prevista,7.7,-944.4431493236726,Menos viável,0,2,2,4,-1.6241025949252297,0.20307934776165737,Alto risco integrado
Terra Roxa,05/03/,0.6518616354495171,0.1319246707828475,27,Baixo risco climático,2992.2209692952856,556.4934004078498,Baixa produtividade prevista,7.7,-932.8863183610464,Menos viável,0,2,2,4,-1.982917662544234,0.13697035661119922,Alto risco integrado
Terra Roxa,15/02/,0.6641770144463792,0.1191952333421362,27,Baixo risco climático,2958.4367116593703,519.2481684845974,Baixa produtividade prevista,3.8,-953.7884369502416,Menos viável,0,2,2,4,-1.8691973935084023,0.15744716098188039,Alto risco integrado
Terra Roxa,15/03/,0.6559611189892308,0.129547861311253,27,Baixo risco climático,2960.5599318647005,477.66857267530634,Baixa produtividade prevista,3.8,-950.9162532007316,Menos viável,0,2,2,4,-2.0340637513739224,0.126978151953288,Alto risco integrado
Terra Roxa,25/02/,0.6487231165293196,0.1280700836342501,27,Médio risco climático,3003.6384911765713,568.0120713344836,Baixa produtividade prevista,7.7,-928.9176398350352,Menos viável,1,2,2,5,-1.9996581956659376,0.13402460918741313,Alto risco integrado
Terra Roxa,25/03/,0.6612094557854067,0.1327027675730503,27,Baixo risco climático,3023.3039996221332,498.6388301319978,Baixa produtividade prevista,7.7,-924.9964520841178,Menos viável,0,2,2,4,-1.6492975107732981,0.1988389683055744,Alto risco integrado
Toledo,05/02/,0.711456115918854,0.125124406279506,27,Baixo risco climático,3145.6247036897976,521.4285575277672,Produtividade prevista intermediária,7.7,-903.336949507564,Viabilidade intermediária,0,1,1,2,-0.05113676839325058,0.49568800668686863,Risco integrado intermediário
Toledo,05/03/,0.6910329412107458,0.1119503778689671,27,Baixo risco climático,3173.258581599409,646.3509314460158,Produtividade prevista intermediária,7.7,-891.2916088845354,Viabilidade intermediária,0,1,1,2,-0.36350160854394803,0.4378689143831007,Risco integrado intermediário
Toledo,15/02/,0.7070027585536595,0.1075427610525406,27,Baixo risco climático,3098.8817517098546,617.9675854158959,Baixa produtividade prevista,3.8,-930.472856157349,Menos viável,0,2,2,4,-0.34929695969070484,0.43994898033040725,Risco integrado intermediário
Toledo,15/03/,0.6976167533640877,0.112135454870255,27,Baixo risco climático,3141.804773287145,621.7353280285236,Produtividade prevista intermediária,7.7,-912.8951464482152,Menos viável,0,1,2,3,-0.3610929326387029,0.4380010832205876,Risco integrado intermediário
Toledo,25/02/,0.6886692036236413,0.1099758108414028,27,Baixo risco climático,3150.2458458466695,555.6266782952907,Produtividade prevista intermediária,7.7,-896.0000850289127,Viabilidade intermediária,0,1,1,2,-0.5139224988586978,0.4098807541201599,Risco integrado intermediário
Toledo,25/03/,0.6984315530288908,0.1222462142239157,27,Baixo risco climático,3161.7259910094795,588.7198522856111,Produtividade prevista intermediária,7.7,-905.1614783357704,Viabilidade intermediária,0,1,1,2,-0.25697692585831466,0.45744219598223124,Risco integrado intermediário
Três Barras do Paraná,05/02/,0.7638841897538418,0.1039871055335007,27,Baixo risco climático,3271.805642026477,352.12718105471475,Alta produtividade prevista,3.8,-871.3467532222579,Mais viável,0,0,0,0,1.610084422183255,0.804570924022123,Baixo risco integrado
Três Barras do Paraná,05/03/,0.7490680583886555,0.1003815561975329,27,Baixo risco climático,3319.317709641405,396.49439173373304,Alta produtividade prevista,3.8,-839.199999463884,Mais viável,0,0,0,0,1.503211881211669,0.785143842557343,Baixo risco integrado
Três Barras do Paraná,15/02/,0.7546509958124629,0.0956986649509028,27,Baixo risco climático,3349.232777016311,353.8920485318621,Alta produtividade prevista,3.8,-837.6082279240868,Mais viável,0,0,0,0,1.751949613404914,0.8313737448244568,Baixo risco integrado
Três Barras do Paraná,15/03/,0.7578346788292323,0.1051811906335451,27,Baixo risco climático,3329.4248268517076,356.3148950733359,Alta produtividade prevista,3.8,-846.6613816861565,Mais viável,0,0,0,0,1.7330687940864693,0.8277751840580025,Baixo risco integrado
Três Barras do Paraná,25/02/,0.7410353523069971,0.0994019669239343,27,Baixo risco climático,3325.2703743288866,316.7028944000718,Alta produtividade prevista,3.8,-834.4535377461696,Mais viável,0,0,0,0,1.3589226001002488,0.7583719960549067,Baixo risco integrado
Três Barras do Paraná,25/03/,0.7523693704060767,0.1197347288898627,27,Baixo risco climático,3309.1009582776946,339.68503382569315,Alta produtividade prevista,3.8,-848.3453535187559,Mais viável,0,0,0,0,1.5286373764392813,0.7897807898926312,Baixo risco integrado
Tupãssi,05/02/,0.7117754159987635,0.1251195041181496,27,Baixo risco climático,3141.0755742145993,515.7270855012894,Produtividade prevista intermediária,7.7,-903.9934501541326,Viabilidade intermediária,0,1,1,2,-0.06420189782805355,0.49325289157168445,Risco integrado intermediário
Tupãssi,05/03/,0.6914119725590971,0.1120342090766388,27,Baixo risco climático,3163.0420569725625,630.6352551299263,Produtividade prevista intermediária,7.7,-892.9503989681187,Viabilidade intermediária,0,1,1,2,-0.4000081503110897,0.4310684324643555,Risco integrado intermediário
Tupãssi,15/02/,0.7073771874560774,0.1076818931834635,27,Baixo risco climático,3091.486520564806,608.964132837214,Baixa produtividade prevista,3.8,-931.895572061012,Menos viável,0,2,2,4,-0.3736014590913666,0.43541660295418555,Risco integrado intermediário
Tupãssi,15/03/,0.6979685499083607,0.1121990356739624,27,Baixo risco climático,3137.353883704755,595.8460130137839,Produtividade prevista intermediária,7.7,-913.0333033004574,Menos viável,0,1,2,3,-0.37304106971977063,0.4357806480147621,Risco integrado intermediário
Tupãssi,25/02/,0.6890030589738807,0.1101055766024142,27,Baixo risco climático,3142.5200108693516,545.9440180893687,Produtividade prevista intermediária,7.7,-897.5935043522867,Viabilidade intermediária,0,1,1,2,-0.5405281748096091,0.4049185084296904,Alto risco integrado
Tupãssi,25/03/,0.6987848343676104,0.1222732213280117,27,Baixo risco climático,3159.917053791237,560.6189175304464,Produtividade prevista intermediária,7.7,-904.3743382119818,Viabilidade intermediária,0,1,1,2,-0.2573758587768917,0.4573792849610437,Risco integrado intermediário
Vera Cruz do Oeste,05/02/,0.7278652638149666,0.1187201374055743,27,Baixo risco climático,3202.989241333549,495.71820366874954,Produtividade prevista intermediária,3.8,-894.1433524701134,Viabilidade intermediária,0,1,1,2,0.5467125055268267,0.6068297738354566,Risco integrado intermediário
Vera Cruz do Oeste,05/03/,0.7264414399999631,0.0955788521714298,27,Baixo risco climático,3270.4844264167646,491.1769479492073,Alta produtividade prevista,7.7,-853.9363160996206,Mais viável,0,0,0,0,0.8107858201819484,0.6563765673867696,Baixo risco integrado
Vera Cruz do Oeste,15/02/,0.7277630556463919,0.0968662826154794,27,Baixo risco climático,3206.8495087119136,518.2589878844369,Produtividade prevista intermediária,7.7,-890.2557437567792,Viabilidade intermediária,0,1,1,2,0.5613754157568377,0.6096065631917894,Risco integrado intermediário
Vera Cruz do Oeste,15/03/,0.735616216540444,0.098513164709534,27,Baixo risco climático,3260.6638111733946,467.14583252600823,Alta produtividade prevista,7.7,-871.6585979615415,Mais viável,0,0,0,0,0.962416899888578,0.6843308343748357,Baixo risco integrado
Vera Cruz do Oeste,25/02/,0.7194589351419692,0.0979975963308625,27,Baixo risco climático,3250.570829520382,467.61689995970346,Alta produtividade prevista,7.7,-861.9875014927476,Mais viável,0,0,0,0,0.5759884730648236,0.6126807767678262,Risco integrado intermediário
Vera Cruz do Oeste,25/03/,0.7367762380559755,0.1158090216962403,27,Baixo risco climático,3226.855878942483,448.7294376836554,Produtividade prevista intermediária,3.8,-876.8426267308291,Viabilidade intermediária,0,1,1,2,0.8396141487647908,0.6614569773664405,Baixo risco integrado
