municipio,data_semeadura,isna_medio,isna_desvio,n_anos,risco_climatico,pct_anos_cobre_custo,margem_media_rs_ha,risco_economico,score_clima,score_economico,score_combinado
Anahy,05/02/,0.7493778837860363,0.11669267903811795,27,Baixo risco climático,7.7,-874.3410286090065,Viabilidade intermediária,0,1,1
Anahy,05/03/,0.7095964613767664,0.11167970104039568,27,Baixo risco climático,7.7,-871.1841435883041,Mais viável,0,0,0
Anahy,15/02/,0.7357809111323024,0.10309185782966507,27,Baixo risco climático,3.8,-885.6370173796405,Viabilidade intermediária,0,1,1
Anahy,15/03/,0.7163762380807691,0.10836721258146206,27,Baixo risco climático,3.8,-874.0480590468204,Viabilidade intermediária,0,1,1
Anahy,25/02/,0.7100115020839074,0.1088044930523155,27,Baixo risco climático,3.8,-874.8327992258588,Viabilidade intermediária,0,1,1
Anahy,25/03/,0.7088052239088216,0.12239379129376973,27,Baixo risco climático,3.8,-881.8922967460583,Viabilidade intermediária,0,1,1
Assis Chateaubriand,05/02/,0.7121457514299588,0.12515308963245914,27,Baixo risco climático,7.7,-908.7491295905592,Viabilidade intermediária,0,1,1
Assis Chateaubriand,05/03/,0.6916828756344694,0.11189638066049643,27,Baixo risco climático,7.7,-902.6834872947982,Viabilidade intermediária,0,1,1
Assis Chateaubriand,15/02/,0.7076627827713984,0.10750384575813364,27,Baixo risco climático,3.8,-938.7878662037591,Menos viável,0,2,2
Assis Chateaubriand,15/03/,0.6982641537006857,0.1121031829944386,27,Baixo risco climático,7.7,-920.158706361525,Menos viável,0,2,2
Assis Chateaubriand,25/02/,0.6893497333311531,0.10992955822480463,27,Baixo risco climático,7.7,-904.8731571881154,Viabilidade intermediária,0,1,1
Assis Chateaubriand,25/03/,0.6990632357662605,0.12222701361906853,27,Baixo risco climático,7.7,-911.0971123688212,Viabilidade intermediária,0,1,1
Boa Vista da Aparecida,05/02/,0.7571704753342134,0.10421183569640335,27,Baixo risco climático,3.8,-873.3012915861408,Mais viável,0,0,0
Boa Vista da Aparecida,05/03/,0.7430724633972594,0.09974922521160358,27,Baixo risco climático,3.8,-841.0285450917486,Mais viável,0,0,0
Boa Vista da Aparecida,15/02/,0.7472407744886106,0.09627085305559814,27,Baixo risco climático,3.8,-837.2989203989717,Mais viável,0,0,0
Boa Vista da Aparecida,15/03/,0.751655102872523,0.10521530511422801,27,Baixo risco climático,3.8,-846.1450547739653,Mais viável,0,0,0
Boa Vista da Aparecida,25/02/,0.7346683293265843,0.09865067005551859,27,Baixo risco climático,3.8,-833.5507212220098,Mais viável,0,0,0
Boa Vista da Aparecida,25/03/,0.7461242747288542,0.11976163203944612,27,Baixo risco climático,3.8,-848.0219643048288,Mais viável,0,0,0
Braganey,05/02/,0.7750169967399642,0.10205887792495083,27,Baixo risco climático,3.8,-849.8007488384771,Mais viável,0,0,0
Braganey,05/03/,0.7487224708555713,0.09865568735815826,27,Baixo risco climático,3.8,-837.2960190525229,Mais viável,0,0,0
Braganey,15/02/,0.763423756721751,0.09272189034408274,27,Baixo risco climático,7.7,-839.2737892555584,Mais viável,0,0,0
Braganey,15/03/,0.7566078904766572,0.10048105458495307,27,Baixo risco climático,7.7,-843.3367092900008,Mais viável,0,0,0
Braganey,25/02/,0.7429193238747942,0.09747702152291955,27,Baixo risco climático,7.7,-831.3947582862718,Mais viável,0,0,0
Braganey,25/03/,0.7499272613639866,0.11578818540244806,27,Baixo risco climático,7.7,-849.783212482782,Mais viável,0,0,0
Cafelândia,05/02/,0.7366026160824503,0.11731056358969369,27,Baixo risco climático,7.7,-879.2693566661037,Viabilidade intermediária,0,1,1
Cafelândia,05/03/,0.6978795579441178,0.1108465398763539,27,Baixo risco climático,7.7,-868.4197298233703,Mais viável,0,0,0
Cafelândia,15/02/,0.7222215252492826,0.10287299692881949,27,Baixo risco climático,3.8,-891.5558833422352,Viabilidade intermediária,0,1,1
Cafelândia,15/03/,0.7041147518172529,0.10817719891221833,27,Baixo risco climático,7.7,-872.6982557150952,Mais viável,0,0,0
Cafelândia,25/02/,0.6976990419455633,0.1084221259328206,27,Baixo risco climático,3.8,-873.3657130485028,Mais viável,0,0,0
Cafelândia,25/03/,0.6961101471277615,0.12198520630282769,27,Baixo risco climático,3.8,-878.9851853766297,Viabilidade intermediária,0,1,1
Campo Bonito,05/02/,0.7746723245647215,0.10220536210806765,27,Baixo risco climático,3.8,-848.414402515675,Mais viável,0,0,0
Campo Bonito,05/03/,0.7482613503434868,0.09880276419946278,27,Baixo risco climático,3.8,-835.0579529842341,Mais viável,0,0,0
Campo Bonito,15/02/,0.7630902088812243,0.0928599180021126,27,Baixo risco climático,7.7,-837.7234184227698,Mais viável,0,0,0
Campo Bonito,15/03/,0.7562647320319797,0.1006027511238373,27,Baixo risco climático,7.7,-839.9349150546509,Mais viável,0,0,0
Campo Bonito,25/02/,0.7425153588489667,0.09760137876392252,27,Baixo risco climático,7.7,-829.4191709659109,Mais viável,0,0,0
Campo Bonito,25/03/,0.7495703859038966,0.11589089102458715,27,Baixo risco climático,7.7,-845.9738009522196,Mais viável,0,0,0
Capitão Leônidas Marques,05/02/,0.7376015574398944,0.11482366185137213,27,Baixo risco climático,7.7,-909.469366882853,Viabilidade intermediária,0,1,1
Capitão Leônidas Marques,05/03/,0.7446292840523314,0.0885818427538142,27,Baixo risco climático,3.8,-861.0902860777326,Mais viável,0,0,0
Capitão Leônidas Marques,15/02/,0.737455018213125,0.09412725331451206,27,Baixo risco climático,7.7,-877.1882594745911,Viabilidade intermediária,0,1,1
Capitão Leônidas Marques,15/03/,0.757396610128263,0.09120382832091947,27,Baixo risco climático,7.7,-879.1902298206353,Viabilidade intermediária,0,1,1
Capitão Leônidas Marques,25/02/,0.7328525414600455,0.0929130870927183,27,Baixo risco climático,7.7,-851.1678208107592,Mais viável,0,0,0
Capitão Leônidas Marques,25/03/,0.7584358204781867,0.10775191705727867,27,Baixo risco climático,7.7,-866.1951510769351,Mais viável,0,0,0
Cascavel,05/02/,0.7693786822379942,0.10161732436039647,27,Baixo risco climático,3.8,-851.5678447569697,Mais viável,0,0,0
Cascavel,05/03/,0.7469445789893377,0.09633268274848822,27,Baixo risco climático,3.8,-833.7313986364776,Mais viável,0,0,0
Cascavel,15/02/,0.7584233851814239,0.09101958840396415,27,Baixo risco climático,7.7,-838.576524654693,Mais viável,0,0,0
Cascavel,15/03/,0.7538578906509842,0.09798989376587329,27,Baixo risco climático,7.7,-834.3618775949067,Mais viável,0,0,0
Cascavel,25/02/,0.7400430828606211,0.09584726048385346,27,Baixo risco climático,7.7,-825.5399409420069,Mais viável,0,0,0
Cascavel,25/03/,0.7488311875001863,0.11420150135566605,27,Baixo risco climático,7.7,-836.5046333333529,Mais viável,0,0,0
Catanduvas,05/02/,0.7784912185788306,0.10164975171877282,27,Baixo risco climático,3.8,-838.6499459561105,Mais viável,0,0,0
Catanduvas,05/03/,0.7542836333084773,0.09690219916875015,27,Baixo risco climático,3.8,-828.5389750579768,Mais viável,0,0,0
Catanduvas,15/02/,0.7678353843316913,0.09132293572389735,27,Baixo risco climático,7.7,-830.0737390797333,Mais viável,0,0,0
Catanduvas,15/03/,0.7622109327481338,0.09811483104587754,27,Baixo risco climático,7.7,-832.9637650629219,Mais viável,0,0,0
Catanduvas,25/02/,0.7486297998838322,0.09633854924681848,27,Baixo risco climático,7.7,-822.6189013468527,Mais viável,0,0,0
Catanduvas,25/03/,0.7567560943570096,0.11412216787798737,27,Baixo risco climático,7.7,-838.1333281121705,Mais viável,0,0,0
Corbélia,05/02/,0.7473366087974344,0.1167847648290244,27,Baixo risco climático,7.7,-873.4944146161154,Mais viável,0,0,0
Corbélia,05/03/,0.7076953512032427,0.11161146097321395,27,Baixo risco climático,7.7,-867.466306608604,Mais viável,0,0,0
Corbélia,15/02/,0.7336000929667233,0.10308154499907665,27,Baixo risco climático,3.8,-884.2519279717633,Viabilidade intermediária,0,1,1
Corbélia,15/03/,0.7145295133901824,0.10821983637476042,27,Baixo risco climático,3.8,-869.5131422558864,Mais viável,0,0,0
Corbélia,25/02/,0.707974400308145,0.10870724798981374,27,Baixo risco climático,3.8,-870.8800246555851,Mais viável,0,0,0
Corbélia,25/03/,0.7068008541913229,0.12235785826322279,27,Baixo risco climático,3.8,-877.5118845532039,Viabilidade intermediária,0,1,1
Céu Azul,05/02/,0.7326195426621467,0.1189392537306219,27,Baixo risco climático,3.8,-887.0589214133561,Viabilidade intermediária,0,1,1
Céu Azul,05/03/,0.7313249466905272,0.09548349731933001,27,Baixo risco climático,7.7,-850.3793771583307,Mais viável,0,0,0
Céu Azul,15/02/,0.7321453356260016,0.09741097812603298,27,Baixo risco climático,7.7,-884.3269125964488,Viabilidade intermediária,0,1,1
Céu Azul,15/03/,0.7403247117966058,0.09836237727556457,27,Baixo risco climático,7.7,-867.569435946517,Mais viável,0,0,0
Céu Azul,25/02/,0.7236931136665788,0.09831462317720412,27,Baixo risco climático,7.7,-857.1191595131281,Mais viável,0,0,0
Céu Azul,25/03/,0.741370682030982,0.11593646469136935,27,Baixo risco climático,3.8,-874.2794653681958,Viabilidade intermediária,0,1,1
Diamante D'Oeste,05/02/,0.6725791217487554,0.1404638252627179,27,Baixo risco climático,3.8,-987.3548746105039,Menos viável,0,2,2
Diamante D'Oeste,05/03/,0.6850264488333935,0.11383392905148447,27,Baixo risco climático,3.8,-950.863133846618,Menos viável,0,2,2
Diamante D'Oeste,15/02/,0.6753336280949022,0.11910674342244311,27,Baixo risco climático,3.8,-967.6278434933216,Menos viável,0,2,2
Diamante D'Oeste,15/03/,0.7042963443197316,0.10981823305190574,27,Baixo risco climático,3.8,-982.9362338058373,Menos viável,0,2,2
Diamante D'Oeste,25/02/,0.6714475147844282,0.11477631354011525,27,Baixo risco climático,3.8,-958.949522466556,Menos viável,0,2,2
Diamante D'Oeste,25/03/,0.7122999577748649,0.12399619661753865,27,Baixo risco climático,3.8,-953.7102373506697,Menos viável,0,2,2
Diamante do Sul,05/02/,0.7865006425967768,0.09866082373188474,27,Baixo risco climático,3.8,-835.8134452514701,Mais viável,0,0,0
Diamante do Sul,05/03/,0.7519850485996757,0.1062485579578874,27,Baixo risco climático,3.8,-831.2301668083679,Mais viável,0,0,0
Diamante do Sul,15/02/,0.7733917255924263,0.09065344997894548,27,Baixo risco climático,3.8,-825.2527468401835,Mais viável,0,0,0
Diamante do Sul,15/03/,0.7553618902848377,0.10463296873282646,27,Baixo risco climático,3.8,-840.9461693418814,Mais viável,0,0,0
Diamante do Sul,25/02/,0.7518248356174089,0.09822140529464003,27,Baixo risco climático,3.8,-829.7111424279445,Mais viável,0,0,0
Diamante do Sul,25/03/,0.7505724164063592,0.11940229684989868,27,Baixo risco climático,3.8,-848.4157168890561,Mais viável,0,0,0
Entre Rios do Oeste,05/02/,0.670608836434018,0.13528879156205637,27,Baixo risco climático,3.8,-975.8189592863454,Menos viável,0,2,2
Entre Rios do Oeste,05/03/,0.6647078922010426,0.12059753427053388,27,Baixo risco climático,3.8,-941.9974691629976,Menos viável,0,2,2
Entre Rios do Oeste,15/02/,0.6742949522972731,0.11876602511135394,27,Baixo risco climático,3.8,-968.7835965893056,Menos viável,0,2,2
Entre Rios do Oeste,15/03/,0.6757579894738112,0.11858765185802093,27,Baixo risco climático,3.8,-981.993166388873,Menos viável,0,2,2
Entre Rios do Oeste,25/02/,0.6600834183685463,0.12027344189104967,27,Baixo risco climático,3.8,-933.2152649688197,Menos viável,0,2,2
Entre Rios do Oeste,25/03/,0.6836398239872663,0.12424870116711874,27,Baixo risco climático,3.8,-955.2078374530977,Menos viável,0,2,2
Formosa do Oeste,05/02/,0.7349893275277244,0.11743090232814267,27,Baixo risco climático,7.7,-885.7174615202828,Viabilidade intermediária,0,1,1
Formosa do Oeste,05/03/,0.6966582932730057,0.11059269609736665,27,Baixo risco climático,7.7,-880.9749729063611,Viabilidade intermediária,0,1,1
Formosa do Oeste,15/02/,0.7205828513635459,0.10276308298092826,27,Baixo risco climático,3.8,-901.062980730857,Viabilidade intermediária,0,1,1
Formosa do Oeste,15/03/,0.7023875524916547,0.10832668474690856,27,Baixo risco climático,7.7,-885.120482711584,Viabilidade intermediária,0,1,1
Formosa do Oeste,25/02/,0.6963297178385169,0.10855989123057763,27,Baixo risco climático,3.8,-883.8907725101318,Viabilidade intermediária,0,1,1
Formosa do Oeste,25/03/,0.694511795744387,0.12193767618704747,27,Baixo risco climático,3.8,-890.5102691355722,Viabilidade intermediária,0,1,1
Foz do Iguaçu,05/02/,0.6456509609891825,0.13025781513247775,27,Médio risco climático,7.7,-961.7663471353718,Menos viável,1,2,3
Foz do Iguaçu,05/03/,0.6640004914891117,0.09758137924552612,27,Baixo risco climático,7.7,-864.4872985917625,Mais viável,0,0,0
Foz do Iguaçu,15/02/,0.6467748365856786,0.10722359011426738,27,Médio risco climático,7.7,-908.5801105819656,Viabilidade intermediária,1,1,2
Foz do Iguaçu,15/03/,0.689531941962335,0.09798066976315457,27,Baixo risco climático,7.7,-892.8468981078314,Viabilidade intermediária,0,1,1
Foz do Iguaçu,25/02/,0.6503721144387202,0.09864350413490282,27,Baixo risco climático,7.7,-863.4545231399862,Mais viável,0,0,0
Foz do Iguaçu,25/03/,0.6964514592986083,0.11674913787934194,27,Baixo risco climático,7.7,-887.7455673274434,Viabilidade intermediária,0,1,1
Guaraniaçu,05/02/,0.7802500226320619,0.10199504468415771,27,Baixo risco climático,3.8,-840.8353850057622,Mais viável,0,0,0
Guaraniaçu,05/03/,0.7541153824807146,0.09756245137467454,27,Baixo risco climático,3.8,-831.9850208061,Mais viável,0,0,0
Guaraniaçu,15/02/,0.7691029003139184,0.09153555440510004,27,Baixo risco climático,7.7,-830.5367662817191,Mais viável,0,0,0
Guaraniaçu,15/03/,0.7626763156889017,0.09856535946479898,27,Baixo risco climático,7.7,-835.5351252048409,Mais viável,0,0,0
Guaraniaçu,25/02/,0.7492046239453259,0.09667243472937082,27,Baixo risco climático,7.7,-825.7561079088932,Mais viável,0,0,0
Guaraniaçu,25/03/,0.757137063845996,0.114446776324186,27,Baixo risco climático,7.7,-840.357152085076,Mais viável,0,0,0
Guaíra,05/02/,0.6842628881325848,0.12910235300311504,27,Baixo risco climático,7.7,-942.5475899420964,Menos viável,0,2,2
Guaíra,05/03/,0.6670434774651709,0.13267641185778536,27,Baixo risco climático,7.7,-935.283549168229,Menos viável,0,2,2
Guaíra,15/02/,0.6794023554896452,0.11997526859570562,27,Baixo risco climático,3.8,-958.8914564633413,Menos viável,0,2,2
Guaíra,15/03/,0.6703048887647804,0.13063613128614118,27,Baixo risco climático,3.8,-954.987464736471,Menos viável,0,2,2
Guaíra,25/02/,0.6636133264725663,0.13000257760997905,27,Baixo risco climático,7.7,-935.6539561779387,Menos viável,0,2,2
Guaíra,25/03/,0.675307746797194,0.1333263961892099,27,Baixo risco climático,7.7,-925.0912255282439,Menos viável,0,2,2
Ibema,05/02/,0.7748101236789068,0.10176819785612568,27,Baixo risco climático,3.8,-843.805493999949,Mais viável,0,0,0
Ibema,05/03/,0.7511250351360975,0.09681233325230612,27,Baixo risco climático,3.8,-830.7919305162818,Mais viável,0,0,0
Ibema,15/02/,0.763993496390163,0.09135440957087727,27,Baixo risco climático,7.7,-833.6080408612142,Mais viável,0,0,0
Ibema,15/03/,0.7588328656519933,0.09819393489179397,27,Baixo risco climático,7.7,-833.0127233589993,Mais viável,0,0,0
Ibema,25/02/,0.7451315270622002,0.09624214902922817,27,Baixo risco climático,7.7,-823.2516955640423,Mais viável,0,0,0
Ibema,25/03/,0.7535101742285151,0.11421883119981703,27,Baixo risco climático,7.7,-837.3562957217407,Mais viável,0,0,0
Iguatu,05/02/,0.7520861418483235,0.11647762819256088,27,Baixo risco climático,3.8,-872.3551506310536,Mais viável,0,0,0
Iguatu,05/03/,0.712002644744147,0.11194678411796864,27,Baixo risco climático,7.7,-868.9837934909972,Mais viável,0,0,0
Iguatu,15/02/,0.7387714699308018,0.10309283763016215,27,Baixo risco climático,3.8,-882.4804610254533,Viabilidade intermediária,0,1,1
Iguatu,15/03/,0.7187056881964966,0.10891636267495008,27,Baixo risco climático,3.8,-871.8886458841899,Mais viável,0,0,0
Iguatu,25/02/,0.7127013588256754,0.10906796064874603,27,Baixo risco climático,3.8,-873.2553557816401,Mais viável,0,0,0
Iguatu,25/03/,0.7115496578421684,0.12258676668024125,27,Baixo risco climático,3.8,-880.6891113051523,Viabilidade intermediária,0,1,1
Iracema do Oeste,05/02/,0.7347737080776653,0.11741306350179932,27,Baixo risco climático,7.7,-883.7483250019887,Viabilidade intermediária,0,1,1
Iracema do Oeste,05/03/,0.6963608670398883,0.11064566043017042,27,Baixo risco climático,7.7,-876.4686205939767,Viabilidade intermediária,0,1,1
Iracema do Oeste,15/02/,0.7203413058412965,0.10277079998622052,27,Baixo risco climático,3.8,-898.3254474051254,Viabilidade intermediária,0,1,1
Iracema do Oeste,15/03/,0.702186966014458,0.10832935410025786,27,Baixo risco climático,7.7,-881.166102569424,Viabilidade intermediária,0,1,1
Iracema do Oeste,25/02/,0.6960652195693321,0.10855420378335554,27,Baixo risco climático,3.8,-880.834681675377,Viabilidade intermediária,0,1,1
Iracema do Oeste,25/03/,0.6942882644790394,0.12195383470310402,27,Baixo risco climático,3.8,-886.5630919789171,Viabilidade intermediária,0,1,1
Itaipulândia,05/02/,0.6553970683535913,0.13747062928883116,27,Baixo risco climático,3.8,-992.5414727322446,Menos viável,0,2,2
Itaipulândia,05/03/,0.6682330332641668,0.11114843934357296,27,Baixo risco climático,3.8,-949.9731701455979,Menos viável,0,2,2
Itaipulândia,15/02/,0.6587776398023449,0.1148595896664595,27,Baixo risco climático,3.8,-972.9519847670374,Menos viável,0,2,2
Itaipulândia,15/03/,0.6873748312987056,0.10909098845913873,27,Baixo risco climático,3.8,-981.9168373039041,Menos viável,0,2,2
Itaipulândia,25/02/,0.6568726971726491,0.11132836544726421,27,Baixo risco climático,3.8,-957.1798300831363,Menos viável,0,2,2
Itaipulândia,25/03/,0.6978257961538197,0.12244495769247221,27,Baixo risco climático,3.8,-955.206860427376,Menos viável,0,2,2
Jesuítas,05/02/,0.7367959649254892,0.11735747019859148,27,Baixo risco climático,7.7,-884.0258708681779,Viabilidade intermediária,0,1,1
Jesuítas,05/03/,0.6982077712546247,0.1107533653056234,27,Baixo risco climático,7.7,-877.0893200118509,Viabilidade intermediária,0,1,1
Jesuítas,15/02/,0.7224205090062198,0.10285044091227728,27,Baixo risco climático,3.8,-898.6129574743062,Viabilidade intermediária,0,1,1
Jesuítas,15/03/,0.7042952869668655,0.1082031668297552,27,Baixo risco climático,7.7,-881.0541138000117,Viabilidade intermediária,0,1,1
Jesuítas,25/02/,0.6980183959318849,0.10846856180763055,27,Baixo risco climático,3.8,-881.2904434109013,Viabilidade intermediária,0,1,1
Jesuítas,25/03/,0.6962902905294324,0.12195689303037456,27,Baixo risco climático,3.8,-886.8270644028669,Viabilidade intermediária,0,1,1
Lindoeste,05/02/,0.7417117965367299,0.11696977041145347,27,Baixo risco climático,7.7,-905.3556655657305,Viabilidade intermediária,0,1,1
Lindoeste,05/03/,0.749197543437797,0.08844187126247768,27,Baixo risco climático,3.8,-856.9492334104834,Mais viável,0,0,0
Lindoeste,15/02/,0.7425944183050469,0.0950285610144006,27,Baixo risco climático,7.7,-871.784778179633,Mais viável,0,0,0
Lindoeste,15/03/,0.7620880981383057,0.09117713571224315,27,Baixo risco climático,7.7,-874.7852531398659,Viabilidade intermediária,0,1,1
Lindoeste,25/02/,0.7362594492130029,0.09348822321590687,27,Baixo risco climático,7.7,-849.1135072034386,Mais viável,0,0,0
Lindoeste,25/03/,0.7628880361993928,0.10820583691594773,27,Baixo risco climático,7.7,-862.7167493851586,Mais viável,0,0,0
Marechal Cândido Rondon,05/02/,0.6808777217129695,0.13573794169757175,27,Baixo risco climático,3.8,-972.6368716550606,Menos viável,0,2,2
Marechal Cândido Rondon,05/03/,0.6769774831040876,0.12136509330679598,27,Baixo risco climático,3.8,-945.7005419489659,Menos viável,0,2,2
Marechal Cândido Rondon,15/02/,0.685796734504561,0.12110774052332933,27,Baixo risco climático,3.8,-964.3882682260589,Menos viável,0,2,2
Marechal Cândido Rondon,15/03/,0.6879052330312744,0.11850605868690074,27,Baixo risco climático,3.8,-984.3256595370409,Menos viável,0,2,2
Marechal Cândido Rondon,25/02/,0.6725215759785079,0.12195894051740108,27,Baixo risco climático,3.8,-930.7509028155879,Menos viável,0,2,2
Marechal Cândido Rondon,25/03/,0.6952316067111695,0.12482611225793992,27,Baixo risco climático,3.8,-956.9647317617715,Menos viável,0,2,2
Maripá,05/02/,0.7137829130995229,0.1251625707930031,27,Baixo risco climático,7.7,-907.594878709923,Viabilidade intermediária,0,1,1
Maripá,05/03/,0.6934528294598468,0.11207893168867479,27,Baixo risco climático,7.7,-901.7080378285459,Viabilidade intermediária,0,1,1
Maripá,15/02/,0.7094359496225356,0.10786079308628224,27,Baixo risco climático,3.8,-937.585200003284,Menos viável,0,2,2
Maripá,15/03/,0.6999660604332886,0.11221486569462415,27,Baixo risco climático,7.7,-919.841010842296,Menos viável,0,2,2
Maripá,25/02/,0.6910159898322649,0.11026277893644279,27,Baixo risco climático,7.7,-904.5339020210855,Viabilidade intermediária,0,1,1
Maripá,25/03/,0.7007160600511575,0.12227085747156403,27,Baixo risco climático,7.7,-911.3152508092464,Menos viável,0,2,2
Matelândia,05/02/,0.7386598020164937,0.11522752499217336,27,Baixo risco climático,7.7,-907.64079232852,Viabilidade intermediária,0,1,1
Matelândia,05/03/,0.7458854476460262,0.08854992375498545,27,Baixo risco climático,3.8,-860.9518152443122,Mais viável,0,0,0
Matelândia,15/02/,0.7387061217364095,0.09434985125110767,27,Baixo risco climático,7.7,-876.0046627442225,Viabilidade intermediária,0,1,1
Matelândia,15/03/,0.7586001221402723,0.09123011301538811,27,Baixo risco climático,7.7,-879.7305759610172,Viabilidade intermediária,0,1,1
Matelândia,25/02/,0.7337103562779154,0.09307421145414341,27,Baixo risco climático,7.7,-850.828747371658,Mais viável,0,0,0
Matelândia,25/03/,0.7595208577917512,0.1078791749885075,27,Baixo risco climático,7.7,-867.700554912227,Mais viável,0,0,0
Medianeira,05/02/,0.6800880911271748,0.13787540371259055,27,Baixo risco climático,7.7,-951.3254860272274,Menos viável,0,2,2
Medianeira,05/03/,0.7004610624608203,0.09805850684361093,27,Baixo risco climático,7.7,-885.8286291956612,Viabilidade intermediária,0,1,1
Medianeira,15/02/,0.6829891100579876,0.1145878032351395,27,Baixo risco climático,7.7,-914.6901291814988,Menos viável,0,2,2
Medianeira,15/03/,0.7256315062492221,0.09863361290099212,27,Baixo risco climático,7.7,-917.9069305955802,Menos viável,0,2,2
Medianeira,25/02/,0.6831994954505907,0.10394257552131521,27,Baixo risco climático,7.7,-895.3474017537337,Viabilidade intermediária,0,1,1
Medianeira,25/03/,0.732883334046447,0.11756606026748702,27,Baixo risco climático,7.7,-897.0886875133345,Viabilidade intermediária,0,1,1
Mercedes,05/02/,0.6806028907325431,0.13573474323343415,27,Baixo risco climático,3.8,-974.9469231504386,Menos viável,0,2,2
Mercedes,05/03/,0.6766378040844496,0.12134561632809408,27,Baixo risco climático,3.8,-950.6824340706394,Menos viável,0,2,2
Mercedes,15/02/,0.685495188587388,0.12104786284246781,27,Baixo risco climático,3.8,-967.9193751822605,Menos viável,0,2,2
Mercedes,15/03/,0.6875929339668806,0.11848222409029664,27,Baixo risco climático,3.8,-988.6172553717081,Menos viável,0,2,2
Mercedes,25/02/,0.6722181198867996,0.12189587635346193,27,Baixo risco climático,3.8,-937.1246920688017,Menos viável,0,2,2
Mercedes,25/03/,0.6949196814823874,0.12480684182813055,27,Baixo risco climático,3.8,-960.1078052502131,Menos viável,0,2,2
Missal,05/02/,0.6553575600967221,0.13744095113972055,27,Baixo risco climático,3.8,-991.4804246645843,Menos viável,0,2,2
Missal,05/03/,0.6682049498238489,0.11113072105303147,27,Baixo risco climático,3.8,-953.1887749765185,Menos viável,0,2,2
Missal,15/02/,0.6587328402550285,0.1148280943453235,27,Baixo risco climático,3.8,-974.3352032188862,Menos viável,0,2,2
Missal,15/03/,0.6873291400200265,0.10907349373410463,27,Baixo risco climático,3.8,-984.9316489498176,Menos viável,0,2,2
Missal,25/02/,0.6568292198253602,0.1113043970782838,27,Baixo risco climático,3.8,-959.7908864367417,Menos viável,0,2,2
Missal,25/03/,0.6977633018150117,0.12243283885155397,27,Baixo risco climático,3.8,-957.1263179086899,Menos viável,0,2,2
Nova Aurora,05/02/,0.7383420498577367,0.11728852881254148,27,Baixo risco climático,7.7,-881.9026426743978,Viabilidade intermediária,0,1,1
Nova Aurora,05/03/,0.699596913970643,0.11085523847409283,27,Baixo risco climático,7.7,-874.9327873196188,Viabilidade intermediária,0,1,1
Nova Aurora,15/02/,0.7240306107696058,0.10291285595333097,27,Baixo risco climático,3.8,-895.7005969422142,Viabilidade intermediária,0,1,1
Nova Aurora,15/03/,0.7058749609075462,0.10807035335818016,27,Baixo risco climático,7.7,-878.265144347097,Viabilidade intermediária,0,1,1
Nova Aurora,25/02/,0.6994958532013464,0.10838233173400398,27,Baixo risco climático,3.8,-879.3483619134157,Viabilidade intermediária,0,1,1
Nova Aurora,25/03/,0.6978403109771207,0.12196195953719798,27,Baixo risco climático,3.8,-884.6063029051214,Viabilidade intermediária,0,1,1
Nova Santa Rosa,05/02/,0.7139855439370277,0.1251725850879391,27,Baixo risco climático,7.7,-907.7743811525652,Viabilidade intermediária,0,1,1
Nova Santa Rosa,05/03/,0.6936370754607348,0.1120546423377958,27,Baixo risco climático,7.7,-902.6495351317683,Viabilidade intermediária,0,1,1
Nova Santa Rosa,15/02/,0.7096246155441404,0.10783805141160673,27,Baixo risco climático,3.8,-937.8054444543211,Menos viável,0,2,2
Nova Santa Rosa,15/03/,0.700154959103425,0.11218945712220625,27,Baixo risco climático,7.7,-919.7765041352429,Menos viável,0,2,2
Nova Santa Rosa,25/02/,0.6912163536794037,0.11023529887510239,27,Baixo risco climático,7.7,-905.916345749043,Viabilidade intermediária,0,1,1
Nova Santa Rosa,25/03/,0.7009022120772302,0.1222652110649407,27,Baixo risco climático,7.7,-911.1967885956516,Viabilidade intermediária,0,1,1
Ouro Verde do Oeste,05/02/,0.7288007483577702,0.11883729284143872,27,Baixo risco climático,3.8,-896.2958114524087,Viabilidade intermediária,0,1,1
Ouro Verde do Oeste,05/03/,0.7248568321415673,0.0973365339050117,27,Baixo risco climático,7.7,-855.045593819119,Mais viável,0,0,0
Ouro Verde do Oeste,15/02/,0.7274588887491932,0.09874422751089611,27,Baixo risco climático,7.7,-891.6570300024704,Viabilidade intermediária,0,1,1
Ouro Verde do Oeste,15/03/,0.7344679606334366,0.10030476429394417,27,Baixo risco climático,7.7,-874.9694008469667,Viabilidade intermediária,0,1,1
Ouro Verde do Oeste,25/02/,0.7176936290410298,0.0999526589100476,27,Baixo risco climático,7.7,-865.5195952091913,Mais viável,0,0,0
Ouro Verde do Oeste,25/03/,0.7346310000958816,0.11739801658317338,27,Baixo risco climático,3.8,-884.0045331884168,Viabilidade intermediária,0,1,1
Palotina,05/02/,0.712338661245097,0.12516846430373318,27,Baixo risco climático,7.7,-911.2013819936818,Menos viável,0,2,2
Palotina,05/03/,0.6918335368686812,0.11183885856723975,27,Baixo risco climático,7.7,-908.6978595186938,Viabilidade intermediária,0,1,1
Palotina,15/02/,0.7078154158667481,0.10742901438708521,27,Baixo risco climático,3.8,-941.5645139707522,Menos viável,0,2,2
Palotina,15/03/,0.6984177182159819,0.11208068891045257,27,Baixo risco climático,7.7,-924.5923448285719,Menos viável,0,2,2
Palotina,25/02/,0.6895305269554322,0.10985614702917222,27,Baixo risco climático,7.7,-909.2745759904118,Viabilidade intermediária,0,1,1
Palotina,25/03/,0.6992151294415452,0.12220706164980934,27,Baixo risco climático,7.7,-916.0674645447148,Menos viável,0,2,2
Pato Bragado,05/02/,0.6614122516250295,0.13458194050084984,27,Baixo risco climático,3.8,-977.068707924356,Menos viável,0,2,2
Pato Bragado,05/03/,0.653973043056836,0.12008894523646774,27,Baixo risco climático,3.8,-940.5772652618028,Menos viável,0,2,2
Pato Bragado,15/02/,0.6637647753007861,0.11643583145442593,27,Baixo risco climático,3.8,-969.9973755495345,Menos viável,0,2,2
Pato Bragado,15/03/,0.6646844862249336,0.11865709973571764,27,Baixo risco climático,3.8,-979.5634419217945,Menos viável,0,2,2
Pato Bragado,25/02/,0.6492436018969505,0.11875919021709401,27,Médio risco climático,3.8,-933.2977962019272,Menos viável,1,2,3
Pato Bragado,25/03/,0.673269592188785,0.12373811583307644,27,Baixo risco climático,3.8,-954.5631183648889,Menos viável,0,2,2
Quatro Pontes,05/02/,0.7162465935721007,0.12515617200654938,27,Baixo risco climático,7.7,-904.8890252973731,Viabilidade intermediária,0,1,1
Quatro Pontes,05/03/,0.696074124835031,0.11236665775771346,27,Baixo risco climático,7.7,-895.9040362220222,Viabilidade intermediária,0,1,1
Quatro Pontes,15/02/,0.7120983978237301,0.10836818556951269,27,Baixo risco climático,3.8,-932.6153400970081,Menos viável,0,2,2
Quatro Pontes,15/03/,0.7025039744586068,0.11244477434717927,27,Baixo risco climático,7.7,-914.2573420819002,Menos viável,0,2,2
Quatro Pontes,25/02/,0.6934623444484596,0.11077651522000367,27,Baixo risco climático,7.7,-902.1378588274617,Viabilidade intermediária,0,1,1
Quatro Pontes,25/03/,0.7031286820829005,0.12228741456244557,27,Baixo risco climático,7.7,-907.581610354413,Viabilidade intermediária,0,1,1
Ramilândia,05/02/,0.6549348514244772,0.1373054595383687,27,Baixo risco climático,3.8,-986.5747315800579,Menos viável,0,2,2
Ramilândia,05/03/,0.6677578223845588,0.11107043589487235,27,Baixo risco climático,3.8,-948.463563726642,Menos viável,0,2,2
Ramilândia,15/02/,0.6583032216234513,0.11466668799323843,27,Baixo risco climático,3.8,-970.0980192297158,Menos viável,0,2,2
Ramilândia,15/03/,0.686852340565663,0.10902234199034984,27,Baixo risco climático,3.8,-978.4606401734521,Menos viável,0,2,2
Ramilândia,25/02/,0.6563997034909913,0.11117745758729923,27,Baixo risco climático,3.8,-955.3035086199538,Menos viável,0,2,2
Ramilândia,25/03/,0.6972587929802398,0.12238507201670444,27,Baixo risco climático,3.8,-953.2446149313438,Menos viável,0,2,2
Santa Helena,05/02/,0.6556869016440179,0.13785686545826664,27,Baixo risco climático,3.8,-997.509751424862,Menos viável,0,2,2
Santa Helena,05/03/,0.6666508153652239,0.11215118563921421,27,Baixo risco climático,3.8,-958.538247731083,Menos viável,0,2,2
Santa Helena,15/02/,0.6585580622638164,0.11580126381361325,27,Baixo risco climático,3.8,-978.9506495789926,Menos viável,0,2,2
Santa Helena,15/03/,0.6855020005870754,0.10986983202401136,27,Baixo risco climático,3.8,-990.9652373280866,Menos viável,0,2,2
Santa Helena,25/02/,0.6550089604543274,0.11193531302319702,27,Baixo risco climático,3.8,-967.687741310529,Menos viável,0,2,2
Santa Helena,25/03/,0.6947700192154924,0.12271750918206442,27,Baixo risco climático,3.8,-962.3596162698096,Menos viável,0,2,2
Santa Lúcia,05/02/,0.7414236274522125,0.11633300236653744,27,Baixo risco climático,7.7,-907.2801991763752,Viabilidade intermediária,0,1,1
Santa Lúcia,05/03/,0.7488996150186359,0.08837318662090225,27,Baixo risco climático,3.8,-858.5140782762056,Mais viável,0,0,0
Santa Lúcia,15/02/,0.7420738872101222,0.09469656282520433,27,Baixo risco climático,7.7,-873.924770748726,Mais viável,0,0,0
Santa Lúcia,15/03/,0.7616756587734085,0.09110063690065476,27,Baixo risco climático,7.7,-876.330701673282,Viabilidade intermediária,0,1,1
Santa Lúcia,25/02/,0.7361655600598944,0.09326881352410007,27,Baixo risco climático,7.7,-849.8042037650703,Mais viável,0,0,0
Santa Lúcia,25/03/,0.7624467070329765,0.10800468635647406,27,Baixo risco climático,7.7,-863.7747558806152,Mais viável,0,0,0
Santa Tereza do Oeste,05/02/,0.7260308758165017,0.1187366044898167,27,Baixo risco climático,3.8,-893.699226782196,Viabilidade intermediária,0,1,1
Santa Tereza do Oeste,05/03/,0.7245987603393343,0.09571900367208185,27,Baixo risco climático,7.7,-851.1547943038125,Mais viável,0,0,0
Santa Tereza do Oeste,15/02/,0.7259555874105287,0.09682165151708878,27,Baixo risco climático,7.7,-888.8975480408556,Viabilidade intermediária,0,1,1
Santa Tereza do Oeste,15/03/,0.7338530459477327,0.09866263682866686,27,Baixo risco climático,7.7,-868.211919274345,Mais viável,0,0,0
Santa Tereza do Oeste,25/02/,0.71767175719789,0.09804122908368683,27,Baixo risco climático,7.7,-860.355829095137,Mais viável,0,0,0
Santa Tereza do Oeste,25/03/,0.7350612753736546,0.11590676323108513,27,Baixo risco climático,7.7,-872.6547955466917,Mais viável,0,0,0
Santa Terezinha de Itaipu,05/02/,0.6680892962451869,0.13432809414557165,27,Baixo risco climático,7.7,-962.9195776394179,Menos viável,0,2,2
Santa Terezinha de Itaipu,05/03/,0.6889581567852093,0.09686177090058164,27,Baixo risco climático,7.7,-887.7174802776123,Viabilidade intermediária,0,1,1
Santa Terezinha de Itaipu,15/02/,0.6697945697606977,0.1117601972110626,27,Baixo risco climático,7.7,-920.9167033288583,Menos viável,0,2,2
Santa Terezinha de Itaipu,15/03/,0.7130803073422144,0.0984284243787278,27,Baixo risco climático,7.7,-923.642703744784,Menos viável,0,2,2
Santa Terezinha de Itaipu,25/02/,0.6723637534649567,0.10096602721427368,27,Baixo risco climático,7.7,-892.9330080488616,Viabilidade intermediária,0,1,1
Santa Terezinha de Itaipu,25/03/,0.7203342171037883,0.11726666104637012,27,Baixo risco climático,7.7,-904.581994920314,Viabilidade intermediária,0,1,1
Serranópolis do Iguaçu,05/02/,0.7329073115968427,0.11463541116795606,27,Baixo risco climático,7.7,-911.251629003252,Menos viável,0,2,2
Serranópolis do Iguaçu,05/03/,0.7411052224147255,0.08961214678993613,27,Baixo risco climático,3.8,-863.9331319024805,Mais viável,0,0,0
Serranópolis do Iguaçu,15/02/,0.7334176536309888,0.09487362076242602,27,Baixo risco climático,7.7,-877.8617299346502,Viabilidade intermediária,0,1,1
Serranópolis do Iguaçu,15/03/,0.754923071217524,0.09161365674406058,27,Baixo risco climático,7.7,-882.5971569058279,Viabilidade intermediária,0,1,1
Serranópolis do Iguaçu,25/02/,0.7306288685363386,0.09327952047132117,27,Baixo risco climático,7.7,-852.410977321426,Mais viável,0,0,0
Serranópolis do Iguaçu,25/03/,0.756643710116724,0.10774390254207236,27,Baixo risco climático,7.7,-867.5608049284638,Mais viável,0,0,0
São José das Palmeiras,05/02/,0.6733770103580988,0.14062047138594763,27,Baixo risco climático,3.8,-987.9676317964472,Menos viável,0,2,2
São José das Palmeiras,05/03/,0.6857583050377096,0.11403511219065282,27,Baixo risco climático,3.8,-952.7459692229339,Menos viável,0,2,2
São José das Palmeiras,15/02/,0.6761335423508418,0.1192905150255116,27,Baixo risco climático,3.8,-968.2550664962168,Menos viável,0,2,2
São José das Palmeiras,15/03/,0.7051712788679441,0.10983384867067256,27,Baixo risco climático,3.8,-985.0170474980072,Menos viável,0,2,2
São José das Palmeiras,25/02/,0.6722383645449128,0.11491774189220914,27,Baixo risco climático,3.8,-960.773309472416,Menos viável,0,2,2
São José das Palmeiras,25/03/,0.713115635435136,0.12409671215218658,27,Baixo risco climático,3.8,-956.2675582800465,Menos viável,0,2,2
São Miguel do Iguaçu,05/02/,0.6716371005235521,0.1353073142380041,27,Baixo risco climático,7.7,-964.8906606431391,Menos viável,0,2,2
São Miguel do Iguaçu,05/03/,0.6928003570755796,0.09666258634837671,27,Baixo risco climático,7.7,-897.0723904136631,Viabilidade intermediária,0,1,1
São Miguel do Iguaçu,15/02/,0.6736776003698409,0.11257474628118434,27,Baixo risco climático,7.7,-926.4149445120466,Menos viável,0,2,2
São Miguel do Iguaçu,15/03/,0.71692911731339,0.09854563554807295,27,Baixo risco climático,7.7,-936.0399108621187,Menos viável,0,2,2
São Miguel do Iguaçu,25/02/,0.675729527318358,0.10164780864111927,27,Baixo risco climático,7.7,-906.9329586239169,Viabilidade intermediária,0,1,1
São Miguel do Iguaçu,25/03/,0.7241587957017254,0.11732201795642762,27,Baixo risco climático,7.7,-909.9327254789462,Viabilidade intermediária,0,1,1
São Pedro do Iguaçu,05/02/,0.7281381832183518,0.11882897647500654,27,Baixo risco climático,3.8,-895.3819194935531,Viabilidade intermediária,0,1,1
São Pedro do Iguaçu,05/03/,0.7241781374052939,0.09736976370144457,27,Baixo risco climático,7.7,-853.9052605687847,Mais viável,0,0,0
São Pedro do Iguaçu,15/02/,0.7268197279293039,0.09871455155352482,27,Baixo risco climático,7.7,-890.4047469285198,Viabilidade intermediária,0,1,1
São Pedro do Iguaçu,15/03/,0.7338109475267349,0.10034494110106827,27,Baixo risco climático,7.7,-873.6788332240756,Mais viável,0,0,0
São Pedro do Iguaçu,25/02/,0.7170564259323897,0.09994506214646585,27,Baixo risco climático,7.7,-864.2891025955088,Mais viável,0,0,0
São Pedro do Iguaçu,25/03/,0.734020047138187,0.11742324909924096,27,Baixo risco climático,3.8,-882.3471710699712,Viabilidade intermediária,0,1,1
Terra Roxa,05/02/,0.6710074490662042,0.12842237744164467,27,Baixo risco climático,7.7,-944.4431493236726,Menos viável,0,2,2
Terra Roxa,05/03/,0.6518616354495171,0.13192467078284753,27,Baixo risco climático,7.7,-932.8863183610464,Menos viável,0,2,2
Terra Roxa,15/02/,0.6641770144463792,0.1191952333421362,27,Baixo risco climático,3.8,-953.7884369502415,Menos viável,0,2,2
Terra Roxa,15/03/,0.6559611189892308,0.129547861311253,27,Baixo risco climático,3.8,-950.9162532007315,Menos viável,0,2,2
Terra Roxa,25/02/,0.6487231165293196,0.12807008363425018,27,Médio risco climático,7.7,-928.9176398350353,Menos viável,1,2,3
Terra Roxa,25/03/,0.6612094557854067,0.1327027675730503,27,Baixo risco climático,7.7,-924.9964520841178,Menos viável,0,2,2
Toledo,05/02/,0.711456115918854,0.12512440627950602,27,Baixo risco climático,7.7,-903.336949507564,Viabilidade intermediária,0,1,1
Toledo,05/03/,0.6910329412107458,0.11195037786896717,27,Baixo risco climático,7.7,-891.2916088845354,Viabilidade intermediária,0,1,1
Toledo,15/02/,0.7070027585536595,0.10754276105254068,27,Baixo risco climático,3.8,-930.472856157349,Menos viável,0,2,2
Toledo,15/03/,0.6976167533640877,0.11213545487025509,27,Baixo risco climático,7.7,-912.8951464482153,Menos viável,0,2,2
Toledo,25/02/,0.6886692036236413,0.10997581084140282,27,Baixo risco climático,7.7,-896.0000850289127,Viabilidade intermediária,0,1,1
Toledo,25/03/,0.6984315530288908,0.12224621422391571,27,Baixo risco climático,7.7,-905.1614783357704,Viabilidade intermediária,0,1,1
Três Barras do Paraná,05/02/,0.7638841897538418,0.1039871055335007,27,Baixo risco climático,3.8,-871.3467532222579,Mais viável,0,0,0
Três Barras do Paraná,05/03/,0.7490680583886555,0.10038155619753299,27,Baixo risco climático,3.8,-839.199999463884,Mais viável,0,0,0
Três Barras do Paraná,15/02/,0.7546509958124629,0.0956986649509028,27,Baixo risco climático,3.8,-837.6082279240868,Mais viável,0,0,0
Três Barras do Paraná,15/03/,0.7578346788292323,0.10518119063354517,27,Baixo risco climático,3.8,-846.6613816861565,Mais viável,0,0,0
Três Barras do Paraná,25/02/,0.7410353523069971,0.09940196692393438,27,Baixo risco climático,3.8,-834.4535377461696,Mais viável,0,0,0
Três Barras do Paraná,25/03/,0.7523693704060767,0.11973472888986272,27,Baixo risco climático,3.8,-848.3453535187559,Mais viável,0,0,0
Tupãssi,05/02/,0.7117754159987635,0.12511950411814965,27,Baixo risco climático,7.7,-903.9934501541326,Viabilidade intermediária,0,1,1
Tupãssi,05/03/,0.6914119725590971,0.11203420907663884,27,Baixo risco climático,7.7,-892.9503989681187,Viabilidade intermediária,0,1,1
Tupãssi,15/02/,0.7073771874560774,0.10768189318346351,27,Baixo risco climático,3.8,-931.8955720610121,Menos viável,0,2,2
Tupãssi,15/03/,0.6979685499083607,0.11219903567396249,27,Baixo risco climático,7.7,-913.0333033004574,Menos viável,0,2,2
Tupãssi,25/02/,0.6890030589738807,0.11010557660241424,27,Baixo risco climático,7.7,-897.5935043522867,Viabilidade intermediária,0,1,1
Tupãssi,25/03/,0.6987848343676104,0.12227322132801176,27,Baixo risco climático,7.7,-904.3743382119818,Viabilidade intermediária,0,1,1
Vera Cruz do Oeste,05/02/,0.7278652638149666,0.11872013740557433,27,Baixo risco climático,3.8,-894.1433524701134,Viabilidade intermediária,0,1,1
Vera Cruz do Oeste,05/03/,0.7264414399999631,0.0955788521714298,27,Baixo risco climático,7.7,-853.9363160996206,Mais viável,0,0,0
Vera Cruz do Oeste,15/02/,0.7277630556463919,0.0968662826154794,27,Baixo risco climático,7.7,-890.2557437567792,Viabilidade intermediária,0,1,1
Vera Cruz do Oeste,15/03/,0.735616216540444,0.09851316470953406,27,Baixo risco climático,7.7,-871.6585979615415,Mais viável,0,0,0
Vera Cruz do Oeste,25/02/,0.7194589351419692,0.09799759633086254,27,Baixo risco climático,7.7,-861.9875014927476,Mais viável,0,0,0
Vera Cruz do Oeste,25/03/,0.7367762380559755,0.1158090216962403,27,Baixo risco climático,3.8,-876.8426267308291,Viabilidade intermediária,0,1,1
