municipio,data_semeadura,isna_medio,isna_desvio,n_anos,freq_evento_adverso,freq_deficit_faseI,freq_deficit_faseIII,freq_frio_floracao,freq_geada,freq_excesso_faseIV,risco_climatico,produtividade_media_kg_ha,produtividade_desvio_kg_ha,classe_produtividade,pct_anos_cobre_custo,margem_media_rs_ha_100pct,risco_economico,margem_media_rs_ha_rateio50,margem_media_rs_ha_rateio_proporcional,score_clima,score_produtividade,score_economico,score_integrado
Anahy,05/02/,0.7493778837860363,0.1166926790381179,27,0.4444444444444444,0.1481481481481481,0.3703703703703703,0.4074074074074074,0.0,0.2222222222222222,Inapto (risco > 40%),3259.204101596609,413.45254351390753,Alta produtividade prevista,7.7,-874.3410286090059,Viabilidade intermediária,26.75607675222388,193.62591107837764,3,0,1,4
Anahy,05/03/,0.7095964613767664,0.1116797010403957,27,0.3703703703703703,0.2222222222222222,0.1851851851851851,1.0,0.0,0.4444444444444444,Risco climático 40%,3232.978568350648,471.6845821118121,Produtividade prevista intermediária,7.7,-871.184143588304,Mais viável,29.912961772925883,196.7827960990796,2,1,0,3
Anahy,15/02/,0.7357809111323024,0.103091857829665,27,0.2962962962962963,0.037037037037037,0.2592592592592592,0.7407407407407407,0.0,0.2592592592592592,Risco climático 30%,3254.8949451432845,406.2367749539332,Alta produtividade prevista,3.8,-885.6370173796408,Viabilidade intermediária,15.460087981589473,182.3299223077433,1,0,1,2
Anahy,15/03/,0.7163762380807691,0.108367212581462,27,0.4814814814814814,0.2962962962962963,0.2592592592592592,1.0,0.037037037037037,0.5185185185185185,Inapto (risco > 40%),3242.164063756979,396.3562641527142,Alta produtividade prevista,3.8,-874.0480590468204,Viabilidade intermediária,27.04904631440959,193.9188806405633,3,0,1,4
Anahy,25/02/,0.7100115020839074,0.1088044930523154,27,0.3333333333333333,0.1111111111111111,0.2592592592592592,0.925925925925926,0.0,0.3703703703703703,Risco climático 40%,3243.538913607429,404.93671835857356,Alta produtividade prevista,3.8,-874.8327992258587,Viabilidade intermediária,26.26430613537148,193.1341404615252,2,0,1,3
Anahy,25/03/,0.7088052239088216,0.1223937912937696,27,0.5555555555555556,0.4814814814814814,0.1481481481481481,1.0,0.1481481481481481,0.4814814814814814,Inapto (risco > 40%),3224.5296778427855,383.3150515075837,Produtividade prevista intermediária,3.8,-881.8922967460583,Viabilidade intermediária,19.204808615171995,186.0746429413257,3,1,1,5
Assis Chateaubriand,05/02/,0.7121457514299591,0.1251530896324591,27,0.5185185185185185,0.1851851851851851,0.4074074074074074,0.4074074074074074,0.0,0.1851851851851851,Inapto (risco > 40%),3123.4361289829976,514.5277907952618,Produtividade prevista intermediária,7.7,-908.7491295905592,Viabilidade intermediária,-7.652024229329002,159.2178100968247,3,1,1,5
Assis Chateaubriand,05/03/,0.6916828756344694,0.1118963806604964,27,0.4074074074074074,0.2592592592592592,0.2592592592592592,1.0,0.0,0.4074074074074074,Inapto (risco > 40%),3120.540632265542,615.8655590808606,Produtividade prevista intermediária,7.7,-902.683487294798,Viabilidade intermediária,-1.586381933567946,165.2834523925858,3,1,1,5
Assis Chateaubriand,15/02/,0.7076627827713984,0.1075038457581336,27,0.2962962962962963,0.074074074074074,0.2592592592592592,0.7407407407407407,0.0,0.2222222222222222,Risco climático 30%,3067.014071978156,600.4674170286976,Baixa produtividade prevista,3.8,-938.7878662037592,Menos viável,-37.69076084252893,129.1790734836248,1,2,2,5
Assis Chateaubriand,15/03/,0.6982641537006857,0.1121031829944386,27,0.6296296296296297,0.5185185185185185,0.1851851851851851,1.0,0.037037037037037,0.4074074074074074,Inapto (risco > 40%),3102.831127107635,586.1157077518908,Baixa produtividade prevista,7.7,-920.158706361525,Menos viável,-19.061601000294942,147.80823332585877,3,2,2,7
Assis Chateaubriand,25/02/,0.6893497333311531,0.1099295582248046,27,0.3703703703703703,0.2222222222222222,0.1851851851851851,0.8888888888888888,0.0,0.2962962962962963,Risco climático 40%,3108.9533951502517,542.5307447361837,Produtividade prevista intermediária,7.7,-904.8731571881154,Viabilidade intermediária,-3.776051826885123,163.09378249926857,2,1,1,4
Assis Chateaubriand,25/03/,0.6990632357662605,0.1222270136190685,27,0.7037037037037037,0.6296296296296297,0.1481481481481481,1.0,0.1481481481481481,0.4074074074074074,Inapto (risco > 40%),3125.6285395768855,557.4568190107506,Produtividade prevista intermediária,7.7,-911.097112368821,Viabilidade intermediária,-10.000007007591035,156.86982731856273,3,1,1,5
Boa Vista da Aparecida,05/02/,0.7571704753342134,0.1042118356964033,27,0.4074074074074074,0.2222222222222222,0.2222222222222222,0.5555555555555556,0.0,0.3333333333333333,Inapto (risco > 40%),3260.4016995821667,350.65681171622,Alta produtividade prevista,3.8,-873.3012915861408,Mais viável,27.795813775089336,194.6656481012431,3,0,0,3
Boa Vista da Aparecida,05/03/,0.7430724633972594,0.0997492252116035,27,0.3703703703703703,0.2592592592592592,0.1481481481481481,1.0,0.0,0.5925925925925926,Risco climático 40%,3310.941075692675,394.49070006324524,Alta produtividade prevista,3.8,-841.0285450917485,Mais viável,60.06856026948155,226.9383945956354,2,0,0,2
Boa Vista da Aparecida,15/02/,0.7472407744886106,0.0962708530555981,27,0.2222222222222222,0.037037037037037,0.1851851851851851,0.8518518518518519,0.0,0.3333333333333333,Risco climático 30%,3341.900707063746,344.28630772038053,Alta produtividade prevista,3.8,-837.2989203989721,Mais viável,63.79818496225805,230.66801928841176,1,0,0,1
Boa Vista da Aparecida,15/03/,0.7516551028725231,0.105215305114228,27,0.4444444444444444,0.3333333333333333,0.1111111111111111,1.0,0.037037037037037,0.5555555555555556,Inapto (risco > 40%),3323.660758053751,342.826191323235,Alta produtividade prevista,3.8,-846.1450547739653,Mais viável,54.95205058726473,221.8218849134185,3,0,0,3
Boa Vista da Aparecida,25/02/,0.7346683293265843,0.0986506700555185,27,0.2592592592592592,0.1851851851851851,0.1111111111111111,0.9629629629629628,0.0,0.4444444444444444,Risco climático 30%,3323.4687694116856,310.83242667594993,Alta produtividade prevista,3.8,-833.5507212220099,Mais viável,67.54638413922034,234.41621846537413,1,0,0,1
Boa Vista da Aparecida,25/03/,0.7461242747288542,0.1197616320394461,27,0.4814814814814814,0.4074074074074074,0.1111111111111111,1.0,0.1481481481481481,0.5555555555555556,Inapto (risco > 40%),3305.124175311395,339.21915773223975,Alta produtividade prevista,3.8,-848.0219643048289,Mais viável,53.07514105640144,219.9449753825552,3,0,0,3
Braganey,05/02/,0.7750169967399642,0.1020588779249508,27,0.3333333333333333,0.1481481481481481,0.2222222222222222,0.5185185185185185,0.0,0.2962962962962963,Risco climático 40%,3366.1048745647067,320.02229917190084,Alta produtividade prevista,3.8,-849.8007488384766,Mais viável,51.296356522753214,218.166190848907,2,0,0,2
Braganey,05/03/,0.7487224708555713,0.0986556873581582,27,0.3333333333333333,0.2222222222222222,0.1111111111111111,1.0,0.0,0.5925925925925926,Risco climático 40%,3358.5981420561807,389.22264335232353,Alta produtividade prevista,3.8,-837.2960190525228,Mais viável,63.80108630870728,230.67092063486103,2,0,0,2
Braganey,15/02/,0.763423756721751,0.0927218903440827,27,0.2962962962962963,0.037037037037037,0.2592592592592592,0.8518518518518519,0.0,0.3333333333333333,Risco climático 30%,3395.7293459513135,381.0076112227864,Alta produtividade prevista,7.7,-839.2737892555584,Mais viável,61.82331610567156,228.69315043182536,1,0,0,1
Braganey,15/03/,0.7566078904766572,0.1004810545849531,27,0.3333333333333333,0.2222222222222222,0.1111111111111111,1.0,0.037037037037037,0.5555555555555556,Risco climático 40%,3348.9461328085677,352.8185439211983,Alta produtividade prevista,7.7,-843.3367092900006,Mais viável,57.760396071229394,224.6302303973832,2,0,0,2
Braganey,25/02/,0.7429193238747942,0.0974770215229195,27,0.2962962962962963,0.1481481481481481,0.1851851851851851,0.9629629629629628,0.0,0.4444444444444444,Risco climático 30%,3378.969802601038,370.8114362196328,Alta produtividade prevista,7.7,-831.3947582862717,Mais viável,69.70234707495828,236.5721814011121,1,0,0,1
Braganey,25/03/,0.7499272613639866,0.115788185402448,27,0.4074074074074074,0.3333333333333333,0.1111111111111111,1.0,0.1481481481481481,0.5555555555555556,Inapto (risco > 40%),3328.580529333714,337.8234433594653,Alta produtividade prevista,7.7,-849.7832124827819,Mais viável,51.31389287844816,218.1837272046019,3,0,0,3
Cafelândia,05/02/,0.7366026160824503,0.1173105635896937,27,0.4444444444444444,0.1851851851851851,0.3703703703703703,0.4074074074074074,0.0,0.1481481481481481,Inapto (risco > 40%),3239.6670544323447,399.9258979763859,Alta produtividade prevista,7.7,-879.2693566661036,Viabilidade intermediária,21.82774869512652,188.69758302128028,3,0,1,4
Cafelândia,05/03/,0.6978795579441178,0.1108465398763539,27,0.4444444444444444,0.2592592592592592,0.2222222222222222,1.0,0.0,0.4074074074074074,Inapto (risco > 40%),3243.840204626537,466.23351061867714,Alta produtividade prevista,7.7,-868.4197298233702,Mais viável,32.67737553785983,199.5472098640136,3,0,0,3
Cafelândia,15/02/,0.7222215252492826,0.1028729969288194,27,0.3333333333333333,0.074074074074074,0.2962962962962963,0.7407407407407407,0.0,0.1851851851851851,Risco climático 40%,3233.373896628187,402.5684049205087,Produtividade prevista intermediária,3.8,-891.5558833422352,Viabilidade intermediária,9.541222018994825,176.4110563451486,2,1,1,4
Cafelândia,15/03/,0.7041147518172529,0.1081771989122183,27,0.4814814814814814,0.2962962962962963,0.2592592592592592,1.0,0.037037037037037,0.5185185185185185,Inapto (risco > 40%),3251.0641624230143,408.18493795019555,Alta produtividade prevista,7.7,-872.6982557150956,Mais viável,28.39884964613456,195.2686839722884,3,0,0,3
Cafelândia,25/02/,0.6976990419455633,0.1084221259328206,27,0.4074074074074074,0.1481481481481481,0.2962962962962963,0.925925925925926,0.0,0.3333333333333333,Inapto (risco > 40%),3247.271964646299,400.1226852577314,Alta produtividade prevista,3.8,-873.3657130485025,Mais viável,27.731392312727465,194.6012266388813,3,0,0,3
Cafelândia,25/03/,0.6961101471277615,0.1219852063028276,27,0.5555555555555556,0.4814814814814814,0.1481481481481481,1.0,0.1481481481481481,0.3703703703703703,Inapto (risco > 40%),3239.8274926184513,380.48666782764394,Alta produtividade prevista,3.8,-878.9851853766296,Viabilidade intermediária,22.1119199846004,188.9817543107542,3,0,1,4
Campo Bonito,05/02/,0.7746723245647215,0.1022053621080676,27,0.3333333333333333,0.1481481481481481,0.2222222222222222,0.5185185185185185,0.0,0.2962962962962963,Risco climático 40%,3372.2834230397984,323.7862374611773,Alta produtividade prevista,3.8,-848.4144025156747,Mais viável,52.68270284555524,219.55253717170905,2,0,0,2
Campo Bonito,05/03/,0.7482613503434868,0.0988027641994627,27,0.3333333333333333,0.2222222222222222,0.1111111111111111,1.0,0.0,0.5925925925925926,Risco climático 40%,3368.4392508873707,389.1228229250176,Alta produtividade prevista,3.8,-835.0579529842342,Mais viável,66.03915237699594,232.90898670314976,2,0,0,2
Campo Bonito,15/02/,0.7630902088812243,0.0928599180021125,27,0.2962962962962963,0.037037037037037,0.2592592592592592,0.8518518518518519,0.0,0.3333333333333333,Risco climático 30%,3401.6684533215575,381.0937599104876,Alta produtividade prevista,7.7,-837.7234184227698,Mais viável,63.37368693846035,230.2435212646141,1,0,0,1
Campo Bonito,15/03/,0.7562647320319797,0.1006027511238373,27,0.3333333333333333,0.2222222222222222,0.1111111111111111,1.0,0.037037037037037,0.5555555555555556,Risco climático 40%,3363.9242069906427,352.1488914744235,Alta produtividade prevista,7.7,-839.9349150546507,Mais viável,61.162190306579184,228.03202463273288,2,0,0,2
Campo Bonito,25/02/,0.7425153588489667,0.0976013787639225,27,0.2962962962962963,0.1481481481481481,0.1851851851851851,0.9629629629629628,0.0,0.4444444444444444,Risco climático 30%,3387.481627007036,373.46340072511623,Alta produtividade prevista,7.7,-829.4191709659111,Mais viável,71.6779343953193,238.547768721473,1,0,0,1
Campo Bonito,25/03/,0.7495703859038966,0.1158908910245871,27,0.4074074074074074,0.3333333333333333,0.1111111111111111,1.0,0.1481481481481481,0.5555555555555556,Inapto (risco > 40%),3345.352691654908,338.89440799012374,Alta produtividade prevista,7.7,-845.9738009522196,Mais viável,55.12330440901064,221.99313873516445,3,0,0,3
Capitão Leônidas Marques,05/02/,0.7376015574398944,0.1148236618513721,27,0.2962962962962963,0.2222222222222222,0.1481481481481481,0.5185185185185185,0.0,0.4074074074074074,Risco climático 30%,3143.842146541071,648.80518203233,Produtividade prevista intermediária,7.7,-909.4693668828533,Viabilidade intermediária,-8.372261521622791,158.4975728045309,1,1,1,3
Capitão Leônidas Marques,05/03/,0.7446292840523315,0.0885818427538142,27,0.3333333333333333,0.2592592592592592,0.1111111111111111,1.0,0.0,0.5555555555555556,Risco climático 40%,3233.240391391845,583.7417607749983,Produtividade prevista intermediária,3.8,-861.0902860777325,Mais viável,40.00681928349744,206.8766536096512,2,1,0,3
Capitão Leônidas Marques,15/02/,0.737455018213125,0.094127253314512,27,0.2962962962962963,0.1111111111111111,0.2222222222222222,0.8148148148148148,0.0,0.4074074074074074,Risco climático 30%,3215.8362876411343,636.7319741325757,Produtividade prevista intermediária,7.7,-877.1882594745911,Viabilidade intermediária,23.90884588663894,190.77868021279272,1,1,1,3
Capitão Leônidas Marques,15/03/,0.757396610128263,0.0912038283209195,27,0.4814814814814814,0.3703703703703703,0.1111111111111111,1.0,0.037037037037037,0.4814814814814814,Inapto (risco > 40%),3217.1446877987396,557.7882219692509,Produtividade prevista intermediária,7.7,-879.1902298206353,Viabilidade intermediária,21.90687554059477,188.77670986674852,3,1,1,5
Capitão Leônidas Marques,25/02/,0.7328525414600455,0.0929130870927183,27,0.2592592592592592,0.2222222222222222,0.1111111111111111,0.9629629629629628,0.0,0.5185185185185185,Risco climático 30%,3274.123132711393,495.59645297472827,Alta produtividade prevista,7.7,-851.1678208107592,Mais viável,49.929284550471,216.7991188766248,1,0,0,1
Capitão Leônidas Marques,25/03/,0.7584358204781867,0.1077519170572786,27,0.5185185185185185,0.4814814814814814,0.074074074074074,1.0,0.1851851851851851,0.5925925925925926,Inapto (risco > 40%),3232.0013596684475,592.9740747047522,Produtividade prevista intermediária,7.7,-866.1951510769347,Mais viável,34.901954284295435,201.7717886104491,3,1,0,4
Cascavel,05/02/,0.7693786822379942,0.1016173243603964,27,0.3333333333333333,0.1481481481481481,0.2222222222222222,0.5185185185185185,0.0,0.2962962962962963,Risco climático 40%,3365.0667568560148,355.5049088701428,Alta produtividade prevista,3.8,-851.5678447569699,Mais viável,49.5292606042605,216.3990949304142,2,0,0,2
Cascavel,05/03/,0.7469445789893377,0.0963326827484882,27,0.3333333333333333,0.2222222222222222,0.1111111111111111,1.0,0.0,0.5925925925925926,Risco climático 40%,3381.329356439191,397.58208526479,Alta produtividade prevista,3.8,-833.7313986364776,Mais viável,67.36570672475233,234.2355410509061,2,0,0,2
Cascavel,15/02/,0.7584233851814239,0.0910195884039641,27,0.2962962962962963,0.037037037037037,0.2592592592592592,0.8518518518518519,0.0,0.3333333333333333,Risco climático 30%,3398.249201356796,397.0108684374167,Alta produtividade prevista,7.7,-838.576524654693,Mais viável,62.52058070653696,229.3904150326907,1,0,0,1
Cascavel,15/03/,0.7538578906509842,0.0979898937658732,27,0.3333333333333333,0.2222222222222222,0.1111111111111111,1.0,0.037037037037037,0.5925925925925926,Risco climático 40%,3384.8196955938747,375.99928592485446,Alta produtividade prevista,7.7,-834.3618775949064,Mais viável,66.73522776632355,233.6050620924773,2,0,0,2
Cascavel,25/02/,0.7400430828606211,0.0958472604838534,27,0.2592592592592592,0.1481481481481481,0.1481481481481481,0.9629629629629628,0.0,0.4444444444444444,Risco climático 30%,3405.620391161045,382.0450526056972,Alta produtividade prevista,7.7,-825.5399409420069,Mais viável,75.55716441922321,242.42699874537692,1,0,0,1
Cascavel,25/03/,0.7488311875001863,0.114201501355666,27,0.4074074074074074,0.3703703703703703,0.074074074074074,1.0,0.1481481481481481,0.5555555555555556,Inapto (risco > 40%),3378.3279614564462,352.8897452392822,Alta produtividade prevista,7.7,-836.5046333333531,Mais viável,64.592472027877,231.46230635403083,3,0,0,3
Catanduvas,05/02/,0.7784912185788306,0.1016497517187727,27,0.3333333333333333,0.1481481481481481,0.2222222222222222,0.5185185185185185,0.0,0.2962962962962963,Risco climático 40%,3400.938954915168,319.38239111372917,Alta produtividade prevista,3.8,-838.6499459561105,Mais viável,62.4471594051195,229.31699373127336,2,0,0,2
Catanduvas,05/03/,0.7542836333084773,0.0969021991687501,27,0.3333333333333333,0.2222222222222222,0.1111111111111111,1.0,0.0,0.6296296296296297,Risco climático 40%,3395.4196595695853,384.9251612577065,Alta produtividade prevista,3.8,-828.5389750579767,Mais viável,72.55813030325348,239.4279646294072,2,0,0,2
Catanduvas,15/02/,0.7678353843316913,0.0913229357238973,27,0.2962962962962963,0.037037037037037,0.2592592592592592,0.8518518518518519,0.0,0.3333333333333333,Risco climático 30%,3427.0191184730406,377.48254075678585,Alta produtividade prevista,7.7,-830.0737390797332,Mais viável,71.02336628149698,237.8932006076508,1,0,0,1
Catanduvas,15/03/,0.7622109327481338,0.0981148310458775,27,0.3333333333333333,0.2222222222222222,0.1111111111111111,1.0,0.037037037037037,0.5925925925925926,Risco climático 40%,3385.463696234385,353.140928708334,Alta produtividade prevista,7.7,-832.9637650629217,Mais viável,68.13334029830844,235.00317462446225,2,0,0,2
Catanduvas,25/02/,0.7486297998838322,0.0963385492468184,27,0.2592592592592592,0.1481481481481481,0.1481481481481481,0.9629629629629628,0.0,0.4814814814814814,Risco climático 30%,3414.119399583608,369.4934021367622,Alta produtividade prevista,7.7,-822.6189013468527,Mais viável,78.47820401437735,245.34803834053116,1,0,0,1
Catanduvas,25/03/,0.7567560943570096,0.1141221678779873,27,0.4074074074074074,0.3333333333333333,0.1111111111111111,1.0,0.1481481481481481,0.5925925925925926,Inapto (risco > 40%),3367.5185790399564,344.2554323831227,Alta produtividade prevista,7.7,-838.1333281121705,Mais viável,62.96377724905957,229.8336115752133,3,0,0,3
Corbélia,05/02/,0.7473366087974344,0.1167847648290243,27,0.4444444444444444,0.1481481481481481,0.3703703703703703,0.4074074074074074,0.0,0.2222222222222222,Inapto (risco > 40%),3261.8048139187354,408.92589702468274,Alta produtividade prevista,7.7,-873.4944146161153,Mais viável,27.60269074511477,194.47252507126848,3,0,0,3
Corbélia,05/03/,0.7076953512032427,0.1116114609732139,27,0.3703703703703703,0.2222222222222222,0.1851851851851851,1.0,0.0,0.4444444444444444,Risco climático 40%,3249.4247725041705,470.3602152078763,Alta produtividade prevista,7.7,-867.4663066086038,Mais viável,33.63079875262633,200.50063307878008,2,0,0,2
Corbélia,15/02/,0.7336000929667233,0.1030815449990766,27,0.2962962962962963,0.074074074074074,0.2592592592592592,0.7407407407407407,0.0,0.2592592592592592,Risco climático 30%,3259.840685288991,405.0967296059113,Alta produtividade prevista,3.8,-884.2519279717633,Viabilidade intermediária,16.845177389466734,183.71501171562048,1,0,1,2
Corbélia,15/03/,0.7145295133901824,0.1082198363747604,27,0.4814814814814814,0.2962962962962963,0.2592592592592592,1.0,0.037037037037037,0.5185185185185185,Inapto (risco > 40%),3263.090646899645,395.72284993131075,Alta produtividade prevista,3.8,-869.5131422558862,Mais viável,31.58396310534382,198.4537974314976,3,0,0,3
Corbélia,25/02/,0.707974400308145,0.1087072479898137,27,0.3703703703703703,0.1111111111111111,0.2962962962962963,0.925925925925926,0.0,0.3703703703703703,Risco climático 40%,3258.373695237173,403.79817133337326,Alta produtividade prevista,3.8,-870.8800246555852,Mais viável,30.21708070564493,197.08691503179855,2,0,0,2
Corbélia,25/03/,0.7068008541913229,0.1223578582632227,27,0.5555555555555556,0.4814814814814814,0.1481481481481481,1.0,0.1481481481481481,0.4814814814814814,Inapto (risco > 40%),3243.6035219792184,379.25228067914856,Alta produtividade prevista,3.8,-877.5118845532038,Viabilidade intermediária,23.58522080802649,190.45505513418027,3,0,1,4
Céu Azul,05/02/,0.7326195426621467,0.1189392537306219,27,0.3333333333333333,0.1851851851851851,0.2222222222222222,0.5185185185185185,0.0,0.3333333333333333,Risco climático 40%,3226.2392171500956,506.0895009819904,Produtividade prevista intermediária,3.8,-887.0589214133561,Viabilidade intermediária,14.038183947873971,180.90801827402777,2,1,1,4
Céu Azul,05/03/,0.7313249466905272,0.09548349731933,27,0.3703703703703703,0.2962962962962963,0.1481481481481481,1.0,0.0,0.5185185185185185,Risco climático 40%,3286.372866430226,497.10906218588906,Alta produtividade prevista,7.7,-850.3793771583304,Mais viável,50.71772820289969,217.58756252905343,2,0,0,2
Céu Azul,15/02/,0.7321453356260016,0.097410978126033,27,0.2592592592592592,0.1111111111111111,0.1851851851851851,0.8518518518518519,0.0,0.3703703703703703,Risco climático 30%,3228.8573794916333,519.8831693282406,Produtividade prevista intermediária,7.7,-884.3269125964487,Viabilidade intermediária,16.770192764781367,183.64002709093515,1,1,1,3
Céu Azul,15/03/,0.7403247117966058,0.0983623772755646,27,0.5555555555555556,0.4444444444444444,0.1111111111111111,1.0,0.037037037037037,0.5185185185185185,Inapto (risco > 40%),3273.528482984355,470.8892732975179,Alta produtividade prevista,7.7,-867.5694359465168,Mais viável,33.52766941471301,200.3975037408668,3,0,0,3
Céu Azul,25/02/,0.7236931136665788,0.098314623177204,27,0.2962962962962963,0.2222222222222222,0.1481481481481481,0.9629629629629628,0.0,0.4074074074074074,Risco climático 30%,3267.296940008811,464.2970234439204,Alta produtividade prevista,7.7,-857.1191595131281,Mais viável,43.977945848102,210.8477801742558,1,0,0,1
Céu Azul,25/03/,0.7413706820309821,0.1159364646913693,27,0.6296296296296297,0.5925925925925926,0.1111111111111111,1.0,0.1851851851851851,0.5555555555555556,Inapto (risco > 40%),3234.337909103004,456.9715716279871,Produtividade prevista intermediária,3.8,-874.2794653681956,Viabilidade intermediária,26.817639993034565,193.6874743191884,3,1,1,5
Diamante D'Oeste,05/02/,0.6725791217487554,0.1404638252627179,27,0.4814814814814814,0.2592592592592592,0.4074074074074074,0.2222222222222222,0.0,0.2592592592592592,Inapto (risco > 40%),2847.732436879439,569.0973710498206,Baixa produtividade prevista,3.8,-987.354874610504,Menos viável,-86.25776924927376,80.61206507687999,3,2,2,7
Diamante D'Oeste,05/03/,0.6850264488333935,0.1138339290514844,27,0.4444444444444444,0.3703703703703703,0.1851851851851851,0.925925925925926,0.0,0.4444444444444444,Inapto (risco > 40%),2931.331285909794,653.9195103835634,Baixa produtividade prevista,3.8,-950.863133846618,Menos viável,-49.76602848538804,117.10380584076572,3,2,2,7
Diamante D'Oeste,15/02/,0.6753336280949022,0.1191067434224431,27,0.4074074074074074,0.1481481481481481,0.2962962962962963,0.4814814814814814,0.0,0.3333333333333333,Inapto (risco > 40%),2903.13681971817,593.0449039031029,Baixa produtividade prevista,3.8,-967.6278434933216,Menos viável,-66.53073813209151,100.3390961940622,3,2,2,7
Diamante D'Oeste,15/03/,0.7042963443197316,0.1098182330519057,27,0.7037037037037037,0.5185185185185185,0.1851851851851851,1.0,0.0,0.4814814814814814,Inapto (risco > 40%),2884.566704793885,560.7816630401484,Baixa produtividade prevista,3.8,-982.9362338058376,Menos viável,-81.83912844460734,85.03070588154642,3,2,2,7
Diamante D'Oeste,25/02/,0.6714475147844282,0.1147763135401152,27,0.4074074074074074,0.2962962962962963,0.1851851851851851,0.7777777777777778,0.0,0.3703703703703703,Inapto (risco > 40%),2882.384842235164,597.440576985882,Baixa produtividade prevista,3.8,-958.949522466556,Menos viável,-57.8524171053259,109.01741722082784,3,2,2,7
Diamante D'Oeste,25/03/,0.7122999577748649,0.1239961966175386,27,0.7777777777777778,0.7407407407407407,0.1111111111111111,1.0,0.0,0.4444444444444444,Inapto (risco > 40%),2947.003902803163,566.3550358162327,Baixa produtividade prevista,3.8,-953.7102373506696,Menos viável,-52.61313198943932,114.25670233671444,3,2,2,7
Diamante do Sul,05/02/,0.7865006425967768,0.0986608237318847,27,0.3333333333333333,0.1481481481481481,0.2222222222222222,0.5925925925925926,0.037037037037037,0.2962962962962963,Risco climático 40%,3402.397197445286,261.13234332021847,Alta produtividade prevista,3.8,-835.8134452514701,Mais viável,65.28366010976015,232.15349443591387,2,0,0,2
Diamante do Sul,05/03/,0.7519850485996757,0.1062485579578874,27,0.2962962962962963,0.1851851851851851,0.1111111111111111,1.0,0.037037037037037,0.6296296296296297,Risco climático 30%,3386.3235637893736,341.00565327185257,Alta produtividade prevista,3.8,-831.2301668083676,Mais viável,69.86693855286238,236.73677287901617,1,0,0,1
Diamante do Sul,15/02/,0.7733917255924263,0.0906534499789454,27,0.2592592592592592,0.0,0.2592592592592592,0.8518518518518519,0.037037037037037,0.3333333333333333,Risco climático 30%,3436.3617278992424,327.45079139486717,Alta produtividade prevista,3.8,-825.2527468401834,Mais viável,75.84435852104664,242.71419284720048,1,0,0,1
Diamante do Sul,15/03/,0.7553618902848377,0.1046329687328264,27,0.3703703703703703,0.2592592592592592,0.1111111111111111,1.0,0.074074074074074,0.5925925925925926,Risco climático 40%,3361.4442684915434,297.74671117381206,Alta produtividade prevista,3.8,-840.9461693418815,Mais viável,60.150936019348784,227.02077034550243,2,0,0,2
Diamante do Sul,25/02/,0.7518248356174089,0.09822140529464,27,0.3333333333333333,0.1481481481481481,0.1851851851851851,0.9629629629629628,0.037037037037037,0.4074074074074074,Risco climático 40%,3398.627760808938,327.4225124486017,Alta produtividade prevista,3.8,-829.7111424279445,Mais viável,71.38596293328554,238.25579725943933,2,0,0,2
Diamante do Sul,25/03/,0.7505724164063592,0.1194022968498987,27,0.4444444444444444,0.3703703703703703,0.1111111111111111,1.0,0.1851851851851851,0.5925925925925926,Inapto (risco > 40%),3340.3466653312325,284.3830969532746,Alta produtividade prevista,3.8,-848.4157168890562,Mais viável,52.68138847217392,219.5512227983277,3,0,0,3
Entre Rios do Oeste,05/02/,0.670608836434018,0.1352887915620564,27,0.5555555555555556,0.2592592592592592,0.4814814814814814,0.1481481481481481,0.0,0.1481481481481481,Inapto (risco > 40%),2891.9934646475035,612.2513636830874,Baixa produtividade prevista,3.8,-975.8189592863451,Menos viável,-74.72185392511506,92.14798040103872,3,2,2,7
Entre Rios do Oeste,05/03/,0.6647078922010426,0.1205975342705338,27,0.5185185185185185,0.4814814814814814,0.2222222222222222,0.925925925925926,0.0,0.3703703703703703,Inapto (risco > 40%),2962.9889874693645,619.3418774708641,Baixa produtividade prevista,3.8,-941.9974691629976,Menos viável,-40.900363801767575,125.96947052438624,3,2,2,7
Entre Rios do Oeste,15/02/,0.6742949522972731,0.1187660251113539,27,0.3333333333333333,0.074074074074074,0.2962962962962963,0.4814814814814814,0.0,0.2222222222222222,Risco climático 40%,2907.327841791437,630.8393280156756,Baixa produtividade prevista,3.8,-968.7835965893051,Menos viável,-67.68649122807531,99.18334309807852,2,2,2,6
Entre Rios do Oeste,15/03/,0.6757579894738112,0.1185876518580209,27,0.7037037037037037,0.5925925925925926,0.1481481481481481,1.0,0.0,0.2592592592592592,Inapto (risco > 40%),2897.794510167976,534.613228854736,Baixa produtividade prevista,3.8,-981.993166388873,Menos viável,-80.89606102764296,85.9737732985108,3,2,2,7
Entre Rios do Oeste,25/02/,0.6600834183685463,0.1202734418910496,27,0.4444444444444444,0.2592592592592592,0.2592592592592592,0.7777777777777778,0.0,0.2962962962962963,Inapto (risco > 40%),2975.2277180565106,601.4090980157553,Baixa produtividade prevista,3.8,-933.2152649688198,Menos viável,-32.11815960758958,134.75167471856415,3,2,2,7
Entre Rios do Oeste,25/03/,0.6836398239872663,0.1242487011671187,27,0.7407407407407407,0.6666666666666666,0.1481481481481481,1.0,0.0,0.3703703703703703,Inapto (risco > 40%),2953.701379571287,585.2085515929973,Baixa produtividade prevista,3.8,-955.2078374530976,Menos viável,-54.11073209186758,112.7591022342862,3,2,2,7
Formosa do Oeste,05/02/,0.7349893275277244,0.1174309023281426,27,0.4814814814814814,0.1851851851851851,0.4074074074074074,0.4074074074074074,0.0,0.1481481481481481,Inapto (risco > 40%),3213.8569160700026,400.00580633851536,Produtividade prevista intermediária,7.7,-885.7174615202829,Viabilidade intermediária,15.37964384094721,182.249478167101,3,1,1,5
Formosa do Oeste,05/03/,0.6966582932730057,0.1105926960973666,27,0.4444444444444444,0.2592592592592592,0.2222222222222222,1.0,0.0,0.4074074074074074,Inapto (risco > 40%),3192.2813238339118,454.0347456049433,Produtividade prevista intermediária,7.7,-880.9749729063612,Viabilidade intermediária,20.12213245486905,186.9919667810228,3,1,1,5
Formosa do Oeste,15/02/,0.7205828513635459,0.1027630829809282,27,0.2962962962962963,0.074074074074074,0.2592592592592592,0.7407407407407407,0.0,0.1851851851851851,Risco climático 30%,3196.6067780990447,397.105667775394,Produtividade prevista intermediária,3.8,-901.062980730857,Viabilidade intermediária,0.0341246303731238,166.90395895652694,1,1,1,3
Formosa do Oeste,15/03/,0.7023875524916547,0.1083266847469085,27,0.4814814814814814,0.2962962962962963,0.2592592592592592,1.0,0.037037037037037,0.4814814814814814,Inapto (risco > 40%),3196.5299083538725,404.12306011717556,Produtividade prevista intermediária,7.7,-885.1204827115839,Viabilidade intermediária,15.97662264964606,182.8464569757998,3,1,1,5
Formosa do Oeste,25/02/,0.6963297178385169,0.1085598912305776,27,0.4074074074074074,0.1481481481481481,0.2962962962962963,0.925925925925926,0.0,0.3333333333333333,Inapto (risco > 40%),3202.203611566251,392.3058669830339,Produtividade prevista intermediária,3.8,-883.890772510132,Viabilidade intermediária,17.20633285109826,184.07616717725216,3,1,1,5
Formosa do Oeste,25/03/,0.694511795744387,0.1219376761870474,27,0.5555555555555556,0.4814814814814814,0.1481481481481481,1.0,0.1481481481481481,0.3703703703703703,Inapto (risco > 40%),3188.2090401479113,375.5430998450093,Produtividade prevista intermediária,3.8,-890.5102691355722,Viabilidade intermediária,10.58683622565788,177.45667055181158,3,1,1,5
Foz do Iguaçu,05/02/,0.6456509609891825,0.1302578151324777,27,0.5185185185185185,0.2592592592592592,0.4444444444444444,0.4444444444444444,0.0,0.2592592592592592,Inapto (risco > 40%),2950.1082303995213,721.6516919423332,Baixa produtividade prevista,7.7,-961.7663471353718,Menos viável,-60.66924177414183,106.20059255201193,3,2,2,7
Foz do Iguaçu,05/03/,0.6640004914891117,0.0975813792455261,27,0.6296296296296297,0.5185185185185185,0.2962962962962963,0.9629629629629628,0.0,0.2592592592592592,Inapto (risco > 40%),3198.9094795549117,616.6701075616508,Produtividade prevista intermediária,7.7,-864.4872985917622,Mais viável,36.60980676946794,203.47964109562164,3,1,0,4
Foz do Iguaçu,15/02/,0.6467748365856786,0.1072235901142674,27,0.4814814814814814,0.1851851851851851,0.3703703703703703,0.7407407407407407,0.0,0.2592592592592592,Inapto (risco > 40%),3068.028718556969,705.6633851251484,Baixa produtividade prevista,7.7,-908.5801105819656,Viabilidade intermediária,-7.483005220735427,159.38682910541846,3,2,1,6
Foz do Iguaçu,15/03/,0.689531941962335,0.0979806697631545,27,0.6666666666666666,0.5185185185185185,0.1851851851851851,1.0,0.037037037037037,0.4074074074074074,Inapto (risco > 40%),3162.393210109666,600.5228857590854,Produtividade prevista intermediária,7.7,-892.8468981078314,Viabilidade intermediária,8.250207253398667,175.12004157955246,3,1,1,5
Foz do Iguaçu,25/02/,0.6503721144387202,0.0986435041349028,27,0.5555555555555556,0.4444444444444444,0.2592592592592592,0.8888888888888888,0.0,0.3333333333333333,Inapto (risco > 40%),3191.743283405202,615.7590965458264,Produtividade prevista intermediária,7.7,-863.4545231399866,Mais viável,37.64258222124382,204.5124165473976,3,1,0,4
Foz do Iguaçu,25/03/,0.6964514592986083,0.1167491378793419,27,0.7037037037037037,0.6296296296296297,0.1111111111111111,1.0,0.1111111111111111,0.4074074074074074,Inapto (risco > 40%),3149.1522336959924,652.1503658828906,Produtividade prevista intermediária,7.7,-887.7455673274434,Viabilidade intermediária,13.351538033786692,180.2213723599404,3,1,1,5
Guaraniaçu,05/02/,0.7802500226320619,0.1019950446841577,27,0.3333333333333333,0.1481481481481481,0.2222222222222222,0.5185185185185185,0.0,0.2962962962962963,Risco climático 40%,3394.477472352792,317.8366350701548,Alta produtividade prevista,3.8,-840.8353850057622,Mais viável,60.26172035546793,227.1315546816217,2,0,0,2
Guaraniaçu,05/03/,0.7541153824807146,0.0975624513746745,27,0.3333333333333333,0.2222222222222222,0.1111111111111111,1.0,0.0,0.6296296296296297,Risco climático 40%,3383.099858395218,388.97624859426617,Alta produtividade prevista,3.8,-831.9850208061004,Mais viável,69.11208455513002,235.9819188812838,2,0,0,2
Guaraniaçu,15/02/,0.7691029003139184,0.0915355544051,27,0.2962962962962963,0.037037037037037,0.2592592592592592,0.8518518518518519,0.0,0.3703703703703703,Risco climático 30%,3425.4881266526913,379.60729659452,Alta produtividade prevista,7.7,-830.5367662817191,Mais viável,70.5603390795111,237.4301734056649,1,0,0,1
Guaraniaçu,15/03/,0.7626763156889017,0.0985653594647989,27,0.3333333333333333,0.2222222222222222,0.1111111111111111,1.0,0.037037037037037,0.6296296296296297,Risco climático 40%,3378.672880045878,349.47753137555986,Alta produtividade prevista,7.7,-835.535125204841,Mais viável,65.56198015638905,232.43181448254285,2,0,0,2
Guaraniaçu,25/02/,0.7492046239453259,0.0966724347293708,27,0.2592592592592592,0.1481481481481481,0.1481481481481481,0.9629629629629628,0.0,0.4814814814814814,Risco climático 30%,3404.0905150652716,378.1128418191548,Alta produtividade prevista,7.7,-825.7561079088935,Mais viável,75.34099745233674,242.21083177849053,1,0,0,1
Guaraniaçu,25/03/,0.757137063845996,0.114446776324186,27,0.4074074074074074,0.3333333333333333,0.1111111111111111,1.0,0.1481481481481481,0.5925925925925926,Inapto (risco > 40%),3359.431752083506,337.8700771774006,Alta produtividade prevista,7.7,-840.3571520850758,Mais viável,60.73995327615432,227.60978760230805,3,0,0,3
Guaíra,05/02/,0.6842628881325848,0.129102353003115,27,0.5185185185185185,0.1851851851851851,0.4074074074074074,0.2962962962962963,0.0,0.1481481481481481,Inapto (risco > 40%),2979.3959394204335,593.659263284252,Baixa produtividade prevista,7.7,-942.5475899420962,Menos viável,-41.450484580866174,125.41934974528758,3,2,2,7
Guaíra,05/03/,0.6670434774651709,0.1326764118577854,27,0.5185185185185185,0.4444444444444444,0.2592592592592592,0.9629629629629628,0.0,0.3703703703703703,Inapto (risco > 40%),2978.9629397832477,602.2619712689931,Baixa produtividade prevista,7.7,-935.2835491682288,Menos viável,-34.18644380699878,132.68339051915504,3,2,2,7
Guaíra,15/02/,0.6794023554896452,0.1199752685957056,27,0.3333333333333333,0.074074074074074,0.3333333333333333,0.6296296296296297,0.0,0.1851851851851851,Risco climático 40%,2942.26396170324,557.473697374314,Baixa produtividade prevista,3.8,-958.8914564633416,Menos viável,-57.79435110211132,109.0754832240425,2,2,2,6
Guaíra,15/03/,0.6703048887647804,0.1306361312861411,27,0.6296296296296297,0.5555555555555556,0.1851851851851851,1.0,0.0,0.2962962962962963,Inapto (risco > 40%),2938.4624526085236,515.5340652929283,Baixa produtividade prevista,3.8,-954.9874647364712,Menos viável,-53.89035937524096,112.97947495091282,3,2,2,7
Guaíra,25/02/,0.6636133264725662,0.130002577609979,27,0.4444444444444444,0.2592592592592592,0.2592592592592592,0.8148148148148148,0.0,0.3703703703703703,Inapto (risco > 40%),2977.800305123496,618.1959289224653,Baixa produtividade prevista,7.7,-935.6539561779388,Menos viável,-34.55685081670859,132.3129835094451,3,2,2,7
Guaíra,25/03/,0.675307746797194,0.1333263961892099,27,0.6666666666666666,0.6296296296296297,0.1481481481481481,1.0,0.0,0.3333333333333333,Inapto (risco > 40%),3014.6938828201555,532.4178126954166,Baixa produtividade prevista,7.7,-925.091225528244,Menos viável,-23.99412016701373,142.87571415914002,3,2,2,7
Ibema,05/02/,0.7748101236789068,0.1017681978561257,27,0.3333333333333333,0.1481481481481481,0.2222222222222222,0.5185185185185185,0.0,0.2962962962962963,Risco climático 40%,3386.4725706500003,335.1502496708354,Alta produtividade prevista,3.8,-843.8054939999488,Mais viável,57.291611361281184,224.161445687435,2,0,0,2
Ibema,05/03/,0.7511250351360975,0.0968123332523061,27,0.3333333333333333,0.2222222222222222,0.1111111111111111,1.0,0.0,0.6296296296296297,Risco climático 40%,3390.616089337122,391.00019577704626,Alta produtividade prevista,3.8,-830.7919305162819,Mais viável,70.30517484494834,237.1750091711021,2,0,0,2
Ibema,15/02/,0.763993496390163,0.0913544095708773,27,0.2962962962962963,0.037037037037037,0.2592592592592592,0.8518518518518519,0.0,0.3333333333333333,Risco climático 30%,3413.9271836589764,387.8656131311691,Alta produtividade prevista,7.7,-833.6080408612142,Mais viável,67.48906450001606,234.35889882616988,1,0,0,1
Ibema,15/03/,0.7588328656519933,0.098193934891794,27,0.3333333333333333,0.2222222222222222,0.1111111111111111,1.0,0.037037037037037,0.5925925925925926,Risco climático 40%,3386.8995611121186,361.2719533997801,Alta produtividade prevista,7.7,-833.0127233589993,Mais viável,68.08438200223075,234.9542163283845,2,0,0,2
Ibema,25/02/,0.7451315270622002,0.0962421490292281,27,0.2592592592592592,0.1481481481481481,0.1481481481481481,0.9629629629629628,0.0,0.4814814814814814,Risco climático 30%,3410.841034308547,377.3282821141975,Alta produtividade prevista,7.7,-823.2516955640424,Mais viável,77.84540979718787,244.71524412334156,1,0,0,1
Ibema,25/03/,0.7535101742285151,0.1142188311998169,27,0.4074074074074074,0.3333333333333333,0.1111111111111111,1.0,0.1481481481481481,0.5555555555555556,Inapto (risco > 40%),3373.1407102931125,348.6432386775169,Alta produtividade prevista,7.7,-837.3562957217405,Mais viável,63.7408096394895,230.61064396564325,3,0,0,3
Iguatu,05/02/,0.7520861418483235,0.1164776281925608,27,0.4444444444444444,0.1481481481481481,0.3703703703703703,0.4074074074074074,0.0,0.2222222222222222,Inapto (risco > 40%),3267.6949231870717,414.1894830002033,Alta produtividade prevista,3.8,-872.3551506310531,Mais viável,28.74195473017657,195.6117890563304,3,0,0,3
Iguatu,05/03/,0.7120026447441471,0.1119467841179686,27,0.3333333333333333,0.1851851851851851,0.1851851851851851,1.0,0.0,0.4444444444444444,Risco climático 40%,3240.4812403743917,473.94619382315517,Alta produtividade prevista,7.7,-868.9837934909968,Mais viável,32.11331187023288,198.9831461963867,2,0,0,2
Iguatu,15/02/,0.7387714699308018,0.1030928376301621,27,0.2962962962962963,0.037037037037037,0.2592592592592592,0.7407407407407407,0.0,0.2962962962962963,Risco climático 30%,3266.1665990447427,409.45866933161136,Alta produtividade prevista,3.8,-882.4804610254536,Viabilidade intermediária,18.616644335776808,185.48647866193053,1,0,1,2
Iguatu,15/03/,0.7187056881964966,0.10891636267495,27,0.4444444444444444,0.2962962962962963,0.2222222222222222,1.0,0.037037037037037,0.5185185185185185,Inapto (risco > 40%),3250.179722805617,397.56281689306314,Alta produtividade prevista,3.8,-871.8886458841899,Mais viável,29.208459477040183,196.07829380319396,3,0,0,3
Iguatu,25/02/,0.7127013588256754,0.109067960648746,27,0.3333333333333333,0.1111111111111111,0.2592592592592592,0.925925925925926,0.0,0.3703703703703703,Risco climático 40%,3249.8866327281544,408.2659201635109,Alta produtividade prevista,3.8,-873.2553557816402,Mais viável,27.84174957959004,194.71158390574385,2,0,0,2
Iguatu,25/03/,0.7115496578421684,0.1225867666802412,27,0.5185185185185185,0.4444444444444444,0.1481481481481481,1.0,0.1481481481481481,0.4444444444444444,Inapto (risco > 40%),3228.874060710924,379.7031622680461,Produtividade prevista intermediária,3.8,-880.6891113051523,Viabilidade intermediária,20.40799405607775,187.27782838223143,3,1,1,5
Iracema do Oeste,05/02/,0.7347737080776653,0.1174130635017993,27,0.4814814814814814,0.1851851851851851,0.4074074074074074,0.4074074074074074,0.0,0.1481481481481481,Inapto (risco > 40%),3222.56682817161,397.55664413828885,Produtividade prevista intermediária,7.7,-883.7483250019887,Viabilidade intermediária,17.34878035924152,184.21861468539532,3,1,1,5
Iracema do Oeste,05/03/,0.6963608670398883,0.1106456604301704,27,0.4444444444444444,0.2592592592592592,0.2222222222222222,1.0,0.0,0.4074074074074074,Inapto (risco > 40%),3209.9417258267854,458.27305911506306,Produtividade prevista intermediária,7.7,-876.4686205939765,Viabilidade intermediária,24.628484767253493,191.4983190934072,3,1,1,5
Iracema do Oeste,15/02/,0.7203413058412965,0.1027707999862205,27,0.2962962962962963,0.074074074074074,0.2592592592592592,0.7407407407407407,0.0,0.1851851851851851,Risco climático 30%,3208.0966200373796,398.2069764452128,Produtividade prevista intermediária,3.8,-898.3254474051254,Viabilidade intermediária,2.771657956104806,169.6414922822585,1,1,1,3
Iracema do Oeste,15/03/,0.702186966014458,0.1083293541002578,27,0.4814814814814814,0.2962962962962963,0.2592592592592592,1.0,0.037037037037037,0.4814814814814814,Inapto (risco > 40%),3215.156938197086,403.8504911603094,Produtividade prevista intermediária,7.7,-881.1661025694242,Viabilidade intermediária,19.93100279180597,186.8008371179597,3,1,1,5
Iracema do Oeste,25/02/,0.6960652195693321,0.1085542037833555,27,0.4074074074074074,0.1481481481481481,0.2962962962962963,0.925925925925926,0.0,0.3333333333333333,Inapto (risco > 40%),3216.3347419824363,394.2300505742478,Produtividade prevista intermediária,3.8,-880.8346816753773,Viabilidade intermediária,20.262423685852983,187.13225801200676,3,1,1,5
Iracema do Oeste,25/03/,0.6942882644790394,0.121953834703104,27,0.5555555555555556,0.4814814814814814,0.1851851851851851,1.0,0.1481481481481481,0.3703703703703703,Inapto (risco > 40%),3205.932343320855,377.9543706993982,Produtividade prevista intermediária,3.8,-886.563091978917,Viabilidade intermediária,14.534013382312844,181.40384770846663,3,1,1,5
Itaipulândia,05/02/,0.6553970683535913,0.1374706292888312,27,0.5185185185185185,0.2592592592592592,0.4444444444444444,0.2222222222222222,0.0,0.2222222222222222,Inapto (risco > 40%),2823.9001196751055,593.000336201586,Baixa produtividade prevista,3.8,-992.5414727322444,Menos viável,-91.4443673710145,75.42546695513923,3,2,2,7
Itaipulândia,05/03/,0.6682330332641668,0.1111484393435729,27,0.5555555555555556,0.4074074074074074,0.2592592592592592,0.925925925925926,0.0,0.3703703703703703,Inapto (risco > 40%),2919.876113700932,657.9497611440546,Baixa produtividade prevista,3.8,-949.9731701455978,Menos viável,-48.87606478436753,117.99376954178622,3,2,2,7
Itaipulândia,15/02/,0.6587776398023449,0.1148595896664594,27,0.4074074074074074,0.1481481481481481,0.2962962962962963,0.4814814814814814,0.0,0.2222222222222222,Inapto (risco > 40%),2870.794229813298,610.2629936245396,Baixa produtividade prevista,3.8,-972.9519847670372,Menos viável,-71.85487940580721,95.01495492034648,3,2,2,7
Itaipulândia,15/03/,0.6873748312987056,0.1090909884591387,27,0.7037037037037037,0.5555555555555556,0.1851851851851851,1.0,0.0,0.4074074074074074,Inapto (risco > 40%),2867.8183350813983,593.2738650504915,Baixa produtividade prevista,3.8,-981.916837303904,Menos viável,-80.81973194267415,86.05010238347958,3,2,2,7
Itaipulândia,25/02/,0.6568726971726491,0.1113283654472642,27,0.4444444444444444,0.3333333333333333,0.2222222222222222,0.7777777777777778,0.0,0.2962962962962963,Inapto (risco > 40%),2881.239796858395,596.524583609056,Baixa produtividade prevista,3.8,-957.1798300831364,Menos viável,-56.08272472190611,110.78710960424768,3,2,2,7
Itaipulândia,25/03/,0.6978257961538197,0.1224449576924722,27,0.7777777777777778,0.7407407407407407,0.1111111111111111,1.0,0.0,0.3333333333333333,Inapto (risco > 40%),2935.80428665549,587.698769984905,Baixa produtividade prevista,3.8,-955.2068604273762,Menos viável,-54.109755066146015,112.76007926000771,3,2,2,7
Jesuítas,05/02/,0.7367959649254892,0.1173574701985914,27,0.4444444444444444,0.1851851851851851,0.3703703703703703,0.4074074074074074,0.0,0.1481481481481481,Inapto (risco > 40%),3222.903983273151,402.52462560317156,Produtividade prevista intermediária,7.7,-884.0258708681779,Viabilidade intermediária,17.07123449305221,183.9410688192059,3,1,1,5
Jesuítas,05/03/,0.6982077712546247,0.1107533653056234,27,0.4444444444444444,0.2592592592592592,0.2222222222222222,1.0,0.0,0.4074074074074074,Inapto (risco > 40%),3207.9197094173946,460.5782378239623,Produtividade prevista intermediária,7.7,-877.0893200118509,Viabilidade intermediária,24.00778534937929,190.87761967553297,3,1,1,5
Jesuítas,15/02/,0.7224205090062198,0.1028504409122772,27,0.2962962962962963,0.074074074074074,0.2592592592592592,0.7407407407407407,0.0,0.1851851851851851,Risco climático 30%,3208.120242716878,401.6962643151296,Produtividade prevista intermediária,3.8,-898.6129574743062,Viabilidade intermediária,2.484147886923997,169.3539822130777,1,1,1,3
Jesuítas,15/03/,0.7042952869668655,0.1082031668297551,27,0.4814814814814814,0.2962962962962963,0.2592592592592592,1.0,0.037037037037037,0.5185185185185185,Inapto (risco > 40%),3213.719161305364,405.1245117897855,Produtividade prevista intermediária,7.7,-881.0541138000117,Viabilidade intermediária,20.04299156121836,186.91282588737212,3,1,1,5
Jesuítas,25/02/,0.6980183959318849,0.1084685618076305,27,0.4074074074074074,0.1481481481481481,0.2962962962962963,0.925925925925926,0.0,0.3333333333333333,Inapto (risco > 40%),3214.930842796462,398.5745724872818,Produtividade prevista intermediária,3.8,-881.290443410901,Viabilidade intermediária,19.806661950329097,186.6764962764828,3,1,1,5
Jesuítas,25/03/,0.6962902905294324,0.1219568930303745,27,0.5555555555555556,0.4814814814814814,0.1481481481481481,1.0,0.1481481481481481,0.3703703703703703,Inapto (risco > 40%),3205.043848921071,384.249249725661,Produtividade prevista intermediária,3.8,-886.8270644028667,Viabilidade intermediária,14.270040958363412,181.1398752845172,3,1,1,5
Lindoeste,05/02/,0.7417117965367299,0.1169697704114534,27,0.2962962962962963,0.1851851851851851,0.1481481481481481,0.5185185185185185,0.0,0.3703703703703703,Risco climático 30%,3159.2119094875225,613.4506990124008,Produtividade prevista intermediária,7.7,-905.3556655657308,Viabilidade intermediária,-4.25856020450052,162.61127412165325,1,1,1,3
Lindoeste,05/03/,0.749197543437797,0.0884418712624777,27,0.3333333333333333,0.2592592592592592,0.1111111111111111,1.0,0.0,0.5555555555555556,Risco climático 40%,3250.654373775238,565.0218296505063,Alta produtividade prevista,3.8,-856.9492334104833,Mais viável,44.14787195074686,211.01770627690055,2,0,0,2
Lindoeste,15/02/,0.7425944183050469,0.0950285610144005,27,0.2592592592592592,0.1111111111111111,0.1851851851851851,0.8148148148148148,0.0,0.4074074074074074,Risco climático 30%,3236.1743889203103,603.4689499563812,Alta produtividade prevista,7.7,-871.7847781796328,Mais viável,29.312327181597084,196.1821615077509,1,0,0,1
Lindoeste,15/03/,0.7620880981383058,0.0911771357122431,27,0.4814814814814814,0.3703703703703703,0.1111111111111111,1.0,0.037037037037037,0.4814814814814814,Inapto (risco > 40%),3233.841025445634,539.0963214032605,Produtividade prevista intermediária,7.7,-874.7852531398659,Viabilidade intermediária,26.311852221364408,193.18168654751813,3,1,1,5
Lindoeste,25/02/,0.7362594492130029,0.0934882232159068,27,0.2592592592592592,0.2222222222222222,0.1111111111111111,0.9629629629629628,0.0,0.5185185185185185,Risco climático 30%,3284.679979892379,476.31192811208473,Alta produtividade prevista,7.7,-849.1135072034386,Mais viável,51.98359815779171,218.85343248394545,1,0,0,1
Lindoeste,25/03/,0.7628880361993928,0.1082058369159477,27,0.4444444444444444,0.4074074074074074,0.074074074074074,1.0,0.1851851851851851,0.5555555555555556,Inapto (risco > 40%),3245.279809254036,553.6447129309076,Alta produtividade prevista,7.7,-862.7167493851586,Mais viável,38.3803559760717,205.25019030222543,3,0,0,3
Marechal Cândido Rondon,05/02/,0.6808777217129695,0.1357379416975717,27,0.5185185185185185,0.2222222222222222,0.4074074074074074,0.1481481481481481,0.0,0.1851851851851851,Inapto (risco > 40%),2910.123599809065,658.1899783990825,Baixa produtividade prevista,3.8,-972.6368716550608,Menos viável,-71.53976629383068,95.33006803232308,3,2,2,7
Marechal Cândido Rondon,05/03/,0.6769774831040876,0.1213650933067959,27,0.4814814814814814,0.3703703703703703,0.2222222222222222,0.925925925925926,0.0,0.3703703703703703,Inapto (risco > 40%),2964.8389245591397,665.4162978799891,Baixa produtividade prevista,3.8,-945.7005419489658,Menos viável,-44.6034365877359,122.26639773841792,3,2,2,7
Marechal Cândido Rondon,15/02/,0.685796734504561,0.1211077405233293,27,0.3333333333333333,0.074074074074074,0.2962962962962963,0.4814814814814814,0.0,0.2592592592592592,Risco climático 40%,2932.0690299042326,681.187175376512,Baixa produtividade prevista,3.8,-964.3882682260588,Menos viável,-63.29116286482871,103.57867146132506,2,2,2,6
Marechal Cândido Rondon,15/03/,0.6879052330312744,0.1185060586869007,27,0.7037037037037037,0.5925925925925926,0.1481481481481481,1.0,0.0,0.3333333333333333,Inapto (risco > 40%),2898.4604454725336,568.3140975024081,Baixa produtividade prevista,3.8,-984.3256595370408,Menos viável,-83.22855417581084,83.641280150343,3,2,2,7
Marechal Cândido Rondon,25/02/,0.6725215759785079,0.1219589405174011,27,0.4074074074074074,0.2592592592592592,0.2222222222222222,0.7777777777777778,0.0,0.3333333333333333,Inapto (risco > 40%),2987.5375318531146,656.0420094264385,Baixa produtividade prevista,3.8,-930.7509028155878,Menos viável,-29.65379745435766,137.21603687179618,3,2,2,7
Marechal Cândido Rondon,25/03/,0.6952316067111695,0.1248261122579399,27,0.7407407407407407,0.6666666666666666,0.1481481481481481,1.0,0.0,0.3703703703703703,Inapto (risco > 40%),2951.3883421637233,627.177154652899,Baixa produtividade prevista,3.8,-956.9647317617716,Menos viável,-55.86762640054156,111.00220792561218,3,2,2,7
Maripá,05/02/,0.7137829130995229,0.125162570793003,27,0.4814814814814814,0.1851851851851851,0.3703703703703703,0.4074074074074074,0.0,0.1851851851851851,Inapto (risco > 40%),3127.395365208658,516.0579810955783,Produtividade prevista intermediária,7.7,-907.594878709923,Viabilidade intermediária,-6.49777334869273,160.372060977461,3,1,1,5
Maripá,05/03/,0.6934528294598468,0.1120789316886747,27,0.4074074074074074,0.2592592592592592,0.2592592592592592,1.0,0.0,0.4444444444444444,Inapto (risco > 40%),3125.4467482442415,622.2178117651589,Produtividade prevista intermediária,7.7,-901.7080378285458,Viabilidade intermediária,-0.6109324673157237,166.25890185883807,3,1,1,5
Maripá,15/02/,0.7094359496225356,0.1078607930862822,27,0.2962962962962963,0.074074074074074,0.2592592592592592,0.7407407407407407,0.0,0.2222222222222222,Risco climático 30%,3071.5851943772277,603.0076309370412,Baixa produtividade prevista,3.8,-937.5852000032842,Menos viável,-36.48809464205395,130.38173968409987,1,2,2,5
Maripá,15/03/,0.6999660604332886,0.1122148656946241,27,0.6296296296296297,0.5185185185185185,0.1851851851851851,1.0,0.037037037037037,0.4074074074074074,Inapto (risco > 40%),3106.3563342915145,592.8203857736912,Produtividade prevista intermediária,7.7,-919.841010842296,Menos viável,-18.743905481065948,148.12592884508786,3,1,2,6
Maripá,25/02/,0.6910159898322649,0.1102627789364427,27,0.3703703703703703,0.2222222222222222,0.1851851851851851,0.8888888888888888,0.0,0.2962962962962963,Risco climático 40%,3112.2775445107686,551.0675170609707,Produtividade prevista intermediária,7.7,-904.5339020210852,Viabilidade intermediária,-3.436796659855295,163.43303766629836,2,1,1,4
Maripá,25/03/,0.7007160600511575,0.122270857471564,27,0.7037037037037037,0.6296296296296297,0.1481481481481481,1.0,0.1481481481481481,0.4074074074074074,Inapto (risco > 40%),3126.449125218164,565.5720857630223,Produtividade prevista intermediária,7.7,-911.3152508092464,Menos viável,-10.218145448016475,156.65168887813726,3,1,2,6
Matelândia,05/02/,0.7386598020164937,0.1152275249921733,27,0.2962962962962963,0.1851851851851851,0.1481481481481481,0.5185185185185185,0.0,0.3703703703703703,Risco climático 30%,3152.3659678765976,663.4587600317566,Produtividade prevista intermediária,7.7,-907.6407923285204,Viabilidade intermediária,-6.543686967290027,160.3261473588637,1,1,1,3
Matelândia,05/03/,0.7458854476460262,0.0885499237549854,27,0.3333333333333333,0.2592592592592592,0.1111111111111111,1.0,0.0,0.5555555555555556,Risco climático 40%,3234.855600059245,596.723999380943,Produtividade prevista intermediária,3.8,-860.9518152443122,Mais viável,40.14529011691796,207.01512444307167,2,1,0,3
Matelândia,15/02/,0.7387061217364095,0.0943498512511076,27,0.2962962962962963,0.1111111111111111,0.2222222222222222,0.8148148148148148,0.0,0.4074074074074074,Risco climático 30%,3224.69826050371,652.5593463364785,Produtividade prevista intermediária,7.7,-876.0046627442225,Viabilidade intermediária,25.092442617007656,191.9622769431614,1,1,1,3
Matelândia,15/03/,0.7586001221402721,0.0912301130153881,27,0.4814814814814814,0.3703703703703703,0.1111111111111111,1.0,0.037037037037037,0.4814814814814814,Inapto (risco > 40%),3217.135600233697,572.1920665886358,Produtividade prevista intermediária,7.7,-879.7305759610172,Viabilidade intermediária,21.366529400212883,188.23636372636668,3,1,1,5
Matelândia,25/02/,0.7337103562779154,0.0930742114541434,27,0.2592592592592592,0.2222222222222222,0.1111111111111111,0.9629629629629628,0.0,0.5185185185185185,Risco climático 30%,3279.695688622432,508.0548482137649,Alta produtividade prevista,7.7,-850.8287473716581,Mais viável,50.26835798957224,217.13819231572592,1,0,0,1
Matelândia,25/03/,0.7595208577917512,0.1078791749885075,27,0.4444444444444444,0.4074074074074074,0.074074074074074,1.0,0.1851851851851851,0.5925925925925926,Inapto (risco > 40%),3225.939875401237,612.4592573631564,Produtividade prevista intermediária,7.7,-867.7005549122271,Mais viável,33.396550449003264,200.26638477515704,3,1,0,4
Medianeira,05/02/,0.6800880911271748,0.1378754037125905,27,0.4444444444444444,0.2592592592592592,0.3703703703703703,0.4444444444444444,0.0,0.2592592592592592,Inapto (risco > 40%),3015.5214180184503,758.1523268208467,Baixa produtividade prevista,7.7,-951.3254860272268,Menos viável,-50.22838066599719,116.6414536601566,3,2,2,7
Medianeira,05/03/,0.7004610624608203,0.0980585068436109,27,0.5555555555555556,0.4814814814814814,0.1851851851851851,0.9629629629629628,0.0,0.5555555555555556,Inapto (risco > 40%),3142.894266054518,716.0414472569424,Produtividade prevista intermediária,7.7,-885.8286291956612,Viabilidade intermediária,15.268476165568874,182.13831049172268,3,1,1,5
Medianeira,15/02/,0.6829891100579876,0.1145878032351395,27,0.3703703703703703,0.1481481481481481,0.2592592592592592,0.7407407407407407,0.0,0.4074074074074074,Risco climático 40%,3085.4036443432883,773.6353024312929,Baixa produtividade prevista,7.7,-914.6901291814988,Menos viável,-13.5930238202688,153.27681050588495,2,2,2,6
Medianeira,15/03/,0.7256315062492221,0.0986336129009921,27,0.6666666666666666,0.5185185185185185,0.1481481481481481,1.0,0.037037037037037,0.4814814814814814,Inapto (risco > 40%),3103.206673933105,729.7621016833658,Baixa produtividade prevista,7.7,-917.9069305955804,Menos viável,-16.809825234350228,150.06000909180352,3,2,2,7
Medianeira,25/02/,0.6831994954505907,0.1039425755213152,27,0.3333333333333333,0.2962962962962963,0.1481481481481481,0.8888888888888888,0.0,0.4444444444444444,Risco climático 40%,3090.9240133684198,731.5418286753442,Baixa produtividade prevista,7.7,-895.347401753734,Viabilidade intermediária,5.74970360749624,172.61953793365,2,2,1,5
Medianeira,25/03/,0.732883334046447,0.117566060267487,27,0.7037037037037037,0.6296296296296297,0.1111111111111111,1.0,0.1111111111111111,0.4814814814814814,Inapto (risco > 40%),3124.1825069675956,695.0857383918604,Produtividade prevista intermediária,7.7,-897.0886875133344,Viabilidade intermediária,4.008417847895719,170.8782521740494,3,1,1,5
Mercedes,05/02/,0.6806028907325431,0.1357347432334341,27,0.5185185185185185,0.2222222222222222,0.4074074074074074,0.1481481481481481,0.0,0.1851851851851851,Inapto (risco > 40%),2899.189380593886,646.2510105031653,Baixa produtividade prevista,3.8,-974.9469231504386,Menos viável,-73.84981778920874,93.02001653694502,3,2,2,7
Mercedes,05/03/,0.6766378040844496,0.1213456163280941,27,0.4814814814814814,0.3703703703703703,0.2222222222222222,0.925925925925926,0.0,0.3703703703703703,Inapto (risco > 40%),2946.1473171981224,652.6505925305089,Baixa produtividade prevista,3.8,-950.6824340706391,Menos viável,-49.58532870940925,117.28450561674444,3,2,2,7
Mercedes,15/02/,0.685495188587388,0.1210478628424678,27,0.3333333333333333,0.074074074074074,0.2962962962962963,0.4814814814814814,0.0,0.2592592592592592,Risco climático 40%,2918.058956720288,669.0835509715338,Baixa produtividade prevista,3.8,-967.9193751822604,Menos viável,-66.82226982103035,100.04756450512336,2,2,2,6
Mercedes,15/03/,0.6875929339668806,0.1184822240902966,27,0.7037037037037037,0.5925925925925926,0.1481481481481481,1.0,0.0,0.3333333333333333,Inapto (risco > 40%),2881.410957296208,556.678683500442,Baixa produtividade prevista,3.8,-988.617255371708,Menos viável,-87.5201500104779,79.34968431567579,3,2,2,7
Mercedes,25/02/,0.6722181198867996,0.1218958763534619,27,0.4074074074074074,0.2592592592592592,0.2222222222222222,0.7777777777777778,0.0,0.3333333333333333,Inapto (risco > 40%),2966.732271102556,645.8314823410536,Baixa produtividade prevista,3.8,-937.1246920688016,Menos viável,-36.02758670757161,130.8422476185822,3,2,2,7
Mercedes,25/03/,0.6949196814823874,0.1248068418281305,27,0.7407407407407407,0.6666666666666666,0.1481481481481481,1.0,0.0,0.3703703703703703,Inapto (risco > 40%),2937.91216355225,614.71960977188,Baixa produtividade prevista,3.8,-960.1078052502128,Menos viável,-59.01069988898281,107.85913443717088,3,2,2,7
Missal,05/02/,0.6553575600967221,0.1374409511397205,27,0.5185185185185185,0.2592592592592592,0.4444444444444444,0.2222222222222222,0.0,0.2222222222222222,Inapto (risco > 40%),2831.82396752402,594.7329058560142,Baixa produtividade prevista,3.8,-991.4804246645846,Menos viável,-90.38331930335428,76.48651502279947,3,2,2,7
Missal,05/03/,0.6682049498238489,0.1111307210530314,27,0.5555555555555556,0.4074074074074074,0.2592592592592592,0.925925925925926,0.0,0.3703703703703703,Inapto (risco > 40%),2914.0356170599302,667.0536771721127,Baixa produtividade prevista,3.8,-953.1887749765184,Menos viável,-52.091669615288346,114.77816471086544,3,2,2,7
Missal,15/02/,0.6587328402550285,0.1148280943453234,27,0.4074074074074074,0.1481481481481481,0.2962962962962963,0.4814814814814814,0.0,0.2222222222222222,Inapto (risco > 40%),2872.505602455267,614.5009425345817,Baixa produtividade prevista,3.8,-974.3352032188862,Menos viável,-73.2380978576561,93.63173646849776,3,2,2,7
Missal,15/03/,0.6873291400200265,0.1090734937341046,27,0.7037037037037037,0.5555555555555556,0.1851851851851851,1.0,0.0,0.4074074074074074,Inapto (risco > 40%),2860.3523080436626,599.1720390850294,Baixa produtividade prevista,3.8,-984.9316489498176,Menos viável,-83.83454358858734,83.03529073756637,3,2,2,7
Missal,25/02/,0.6568292198253602,0.1113043970782838,27,0.4444444444444444,0.3333333333333333,0.2222222222222222,0.7777777777777778,0.0,0.2962962962962963,Inapto (risco > 40%),2875.5102624238034,605.433310476185,Baixa produtividade prevista,3.8,-959.7908864367416,Menos viável,-58.69378107551177,108.176053250642,3,2,2,7
Missal,25/03/,0.6977633018150117,0.122432838851554,27,0.7777777777777778,0.7407407407407407,0.1111111111111111,1.0,0.0,0.3333333333333333,Inapto (risco > 40%),2930.213409331308,592.7211540464031,Baixa produtividade prevista,3.8,-957.1263179086898,Menos viável,-56.0292125474596,110.84062177869411,3,2,2,7
Nova Aurora,05/02/,0.7383420498577367,0.1172885288125414,27,0.4444444444444444,0.1851851851851851,0.3703703703703703,0.4074074074074074,0.0,0.1481481481481481,Inapto (risco > 40%),3230.7418366117986,402.90497056953626,Produtividade prevista intermediária,7.7,-881.9026426743977,Viabilidade intermediária,19.19446268683217,186.06429701298595,3,1,1,5
Nova Aurora,05/03/,0.699596913970643,0.1108552384740928,27,0.4074074074074074,0.2592592592592592,0.1851851851851851,1.0,0.0,0.4074074074074074,Inapto (risco > 40%),3216.6879956538146,462.96711817926155,Produtividade prevista intermediária,7.7,-874.932787319619,Viabilidade intermediária,26.164318041611367,193.03415236776516,3,1,1,5
Nova Aurora,15/02/,0.7240306107696058,0.1029128559533309,27,0.2962962962962963,0.074074074074074,0.2592592592592592,0.7407407407407407,0.0,0.1851851851851851,Risco climático 30%,3218.158634617914,403.417387510532,Produtividade prevista intermediária,3.8,-895.7005969422145,Viabilidade intermediária,5.396508419015635,172.26634274516934,1,1,1,3
Nova Aurora,15/03/,0.7058749609075462,0.1080703533581802,27,0.4814814814814814,0.2962962962962963,0.2592592592592592,1.0,0.037037037037037,0.5185185185185185,Inapto (risco > 40%),3224.138914804407,402.6474770183797,Produtividade prevista intermediária,7.7,-878.265144347097,Viabilidade intermediária,22.831961014133096,189.7017953402868,3,1,1,5
Nova Aurora,25/02/,0.6994958532013464,0.108382331734004,27,0.4074074074074074,0.1481481481481481,0.2962962962962963,0.925925925925926,0.0,0.3333333333333333,Inapto (risco > 40%),3223.2077617725176,400.52684009215716,Produtividade prevista intermediária,3.8,-879.3483619134157,Viabilidade intermediária,21.74874344781427,188.61857777396816,3,1,1,5
Nova Aurora,25/03/,0.6978403109771207,0.1219619595371979,27,0.5555555555555556,0.4814814814814814,0.1481481481481481,1.0,0.1481481481481481,0.4074074074074074,Inapto (risco > 40%),3213.795373579819,386.0344312753116,Produtividade prevista intermediária,3.8,-884.6063029051215,Viabilidade intermediária,16.490802456108597,183.3606367822624,3,1,1,5
Nova Santa Rosa,05/02/,0.7139855439370277,0.1251725850879391,27,0.4814814814814814,0.1851851851851851,0.3703703703703703,0.4074074074074074,0.0,0.1851851851851851,Inapto (risco > 40%),3125.136162284033,519.2526194817364,Produtividade prevista intermediária,7.7,-907.7743811525652,Viabilidade intermediária,-6.677275791335135,160.19255853481866,3,1,1,5
Nova Santa Rosa,05/03/,0.6936370754607348,0.1120546423377958,27,0.4074074074074074,0.2592592592592592,0.2592592592592592,1.0,0.0,0.4444444444444444,Inapto (risco > 40%),3120.0807427303994,621.9141653863262,Produtividade prevista intermediária,7.7,-902.6495351317684,Viabilidade intermediária,-1.5524297705379082,165.31740455561592,3,1,1,5
Nova Santa Rosa,15/02/,0.7096246155441404,0.1078380514116067,27,0.2962962962962963,0.074074074074074,0.2592592592592592,0.7407407407407407,0.0,0.2222222222222222,Risco climático 30%,3069.058757499535,601.4260832896773,Baixa produtividade prevista,3.8,-937.8054444543208,Menos viável,-36.70833909309076,130.16149523306302,1,2,2,5
Nova Santa Rosa,15/03/,0.700154959103425,0.1121894571222062,27,0.6296296296296297,0.5185185185185185,0.1851851851851851,1.0,0.037037037037037,0.4074074074074074,Inapto (risco > 40%),3104.3538730336522,591.338514303329,Produtividade prevista intermediária,7.7,-919.7765041352428,Menos viável,-18.679398774012864,148.1904355521409,3,1,2,6
Nova Santa Rosa,25/02/,0.6912163536794037,0.1102352988751023,27,0.3703703703703703,0.2222222222222222,0.1851851851851851,0.8888888888888888,0.0,0.2962962962962963,Risco climático 40%,3106.2799014140173,552.7095492796774,Produtividade prevista intermediária,7.7,-905.9163457490426,Viabilidade intermediária,-4.819240387812704,162.05059393834102,2,1,1,4
Nova Santa Rosa,25/03/,0.7009022120772305,0.1222652110649407,27,0.7037037037037037,0.6296296296296297,0.1481481481481481,1.0,0.1481481481481481,0.4074074074074074,Inapto (risco > 40%),3126.134213525098,562.9167239864518,Produtividade prevista intermediária,7.7,-911.1967885956516,Viabilidade intermediária,-10.09968323442128,156.77015109173243,3,1,1,5
Ouro Verde do Oeste,05/02/,0.7288007483577702,0.1188372928414387,27,0.3703703703703703,0.1851851851851851,0.2592592592592592,0.5185185185185185,0.0,0.3333333333333333,Risco climático 40%,3198.572974562421,497.4014843825019,Produtividade prevista intermediária,3.8,-896.2958114524087,Viabilidade intermediária,4.801293908821558,171.67112823497524,2,1,1,4
Ouro Verde do Oeste,05/03/,0.7248568321415673,0.0973365339050117,27,0.3703703703703703,0.2592592592592592,0.1481481481481481,1.0,0.0,0.5185185185185185,Risco climático 40%,3265.132946756686,495.59611798227843,Alta produtividade prevista,7.7,-855.045593819119,Mais viável,46.0515115421115,212.9213458682652,2,0,0,2
Ouro Verde do Oeste,15/02/,0.7274588887491932,0.0987442275108961,27,0.2962962962962963,0.1111111111111111,0.2222222222222222,0.8518518518518519,0.0,0.3703703703703703,Risco climático 30%,3202.4306925825786,518.1777390664503,Produtividade prevista intermediária,7.7,-891.6570300024704,Viabilidade intermediária,9.440075358759906,176.30990968491363,1,1,1,3
Ouro Verde do Oeste,15/03/,0.7344679606334366,0.1003047642939441,27,0.5555555555555556,0.4444444444444444,0.1111111111111111,1.0,0.037037037037037,0.4444444444444444,Inapto (risco > 40%),3251.031018140714,466.9860547439962,Alta produtividade prevista,7.7,-874.9694008469663,Viabilidade intermediária,26.127704514263648,192.9975388404174,3,0,1,4
Ouro Verde do Oeste,25/02/,0.7176936290410298,0.0999526589100476,27,0.2962962962962963,0.2222222222222222,0.1481481481481481,0.9629629629629628,0.0,0.4074074074074074,Risco climático 30%,3237.5789581207364,481.188379261806,Alta produtividade prevista,7.7,-865.5195952091909,Mais viável,35.57751015203899,202.44734447819275,1,0,0,1
Ouro Verde do Oeste,25/03/,0.7346310000958816,0.1173980165831733,27,0.6666666666666666,0.6296296296296297,0.1111111111111111,1.0,0.1851851851851851,0.5555555555555556,Inapto (risco > 40%),3212.293107601396,454.41434345998954,Produtividade prevista intermediária,3.8,-884.004533188417,Viabilidade intermediária,17.092572172813334,183.96240649896708,3,1,1,5
Palotina,05/02/,0.712338661245097,0.1251684643037331,27,0.5185185185185185,0.1851851851851851,0.4074074074074074,0.4074074074074074,0.0,0.1851851851851851,Inapto (risco > 40%),3112.437289861778,511.35581069466724,Produtividade prevista intermediária,7.7,-911.201381993682,Menos viável,-10.104276632451748,156.765557693702,3,1,2,6
Palotina,05/03/,0.6918335368686812,0.1118388585672397,27,0.4074074074074074,0.2592592592592592,0.2592592592592592,1.0,0.0,0.4074074074074074,Inapto (risco > 40%),3094.121744268731,602.4145663833239,Baixa produtividade prevista,7.7,-908.6978595186936,Viabilidade intermediária,-7.600754157463668,159.26908016869007,3,2,1,6
Palotina,15/02/,0.7078154158667481,0.1074290143870852,27,0.2962962962962963,0.074074074074074,0.2592592592592592,0.7407407407407407,0.0,0.2222222222222222,Risco climático 30%,3054.0594623239076,592.6625853856015,Baixa produtividade prevista,3.8,-941.5645139707522,Menos viável,-40.467408609522096,126.40242571663173,1,2,2,5
Palotina,15/03/,0.6984177182159819,0.1120806889104525,27,0.6296296296296297,0.5185185185185185,0.1851851851851851,1.0,0.037037037037037,0.4074074074074074,Inapto (risco > 40%),3082.4695154810693,580.9909649779603,Baixa produtividade prevista,7.7,-924.592344828572,Menos viável,-23.49523946734196,143.37459485881178,3,2,2,7
Palotina,25/02/,0.6895305269554322,0.1098561470291722,27,0.3703703703703703,0.2222222222222222,0.1851851851851851,0.8888888888888888,0.0,0.2962962962962963,Risco climático 40%,3089.604489888614,539.9984442292168,Baixa produtividade prevista,7.7,-909.2745759904114,Viabilidade intermediária,-8.17747062918154,158.69236369697222,2,2,1,5
Palotina,25/03/,0.6992151294415451,0.1222070616498093,27,0.7037037037037037,0.6296296296296297,0.1481481481481481,1.0,0.1481481481481481,0.4074074074074074,Inapto (risco > 40%),3104.0520010289033,553.4467190930172,Produtividade prevista intermediária,7.7,-916.0674645447148,Menos viável,-14.970359183484648,151.89947514266908,3,1,2,6
Pato Bragado,05/02/,0.6614122516250295,0.1345819405008498,27,0.5555555555555556,0.2592592592592592,0.4814814814814814,0.1481481481481481,0.0,0.1111111111111111,Inapto (risco > 40%),2887.5875105196046,587.8506008841381,Baixa produtividade prevista,3.8,-977.0687079243556,Menos viável,-75.97160256312551,90.89823176302828,3,2,2,7
Pato Bragado,05/03/,0.653973043056836,0.1200889452364677,27,0.5925925925925926,0.4814814814814814,0.2962962962962963,0.925925925925926,0.0,0.3333333333333333,Inapto (risco > 40%),2964.0692407864494,581.8487669354088,Baixa produtividade prevista,3.8,-940.5772652618032,Menos viável,-39.48015990057287,127.38967442558092,3,2,2,7
Pato Bragado,15/02/,0.6637647753007861,0.1164358314544259,27,0.4074074074074074,0.074074074074074,0.3703703703703703,0.4814814814814814,0.0,0.1851851851851851,Inapto (risco > 40%),2902.6033329845345,582.5540703607235,Baixa produtividade prevista,3.8,-969.9973755495344,Menos viável,-68.90027018830422,97.96956413784952,3,2,2,7
Pato Bragado,15/03/,0.6646844862249336,0.1186570997357176,27,0.7037037037037037,0.5925925925925926,0.1851851851851851,1.0,0.0,0.2592592592592592,Inapto (risco > 40%),2898.5945206587994,509.7795560475179,Baixa produtividade prevista,3.8,-979.5634419217944,Menos viável,-78.46633656056434,88.40349776558946,3,2,2,7
Pato Bragado,25/02/,0.6492436018969505,0.118759190217094,27,0.4444444444444444,0.2592592592592592,0.2962962962962963,0.7777777777777778,0.0,0.2592592592592592,Inapto (risco > 40%),2970.877047909345,572.8532955032962,Baixa produtividade prevista,3.8,-933.2977962019268,Menos viável,-32.20069084069696,134.66914348545686,3,2,2,7
Pato Bragado,25/03/,0.673269592188785,0.1237381158330764,27,0.7777777777777778,0.7407407407407407,0.1481481481481481,1.0,0.0,0.3333333333333333,Inapto (risco > 40%),2950.4417258698077,553.0535429150084,Baixa produtividade prevista,3.8,-954.5631183648889,Menos viável,-53.466013003658695,113.40382132249508,3,2,2,7
Quatro Pontes,05/02/,0.7162465935721007,0.1251561720065493,27,0.4444444444444444,0.1851851851851851,0.3333333333333333,0.4074074074074074,0.0,0.1851851851851851,Inapto (risco > 40%),3139.3753889978493,522.2890500260421,Produtividade prevista intermediária,7.7,-904.889025297373,Viabilidade intermediária,-3.791919936142764,163.077914390011,3,1,1,5
Quatro Pontes,05/03/,0.696074124835031,0.1123666577577134,27,0.3703703703703703,0.2592592592592592,0.2222222222222222,1.0,0.0,0.4444444444444444,Risco climático 40%,3148.765560292379,636.0028865983459,Produtividade prevista intermediária,7.7,-895.9040362220222,Viabilidade intermediária,5.193069139207637,172.0629034653615,2,1,1,4
Quatro Pontes,15/02/,0.7120983978237301,0.1083681855695127,27,0.2962962962962963,0.074074074074074,0.2592592592592592,0.7407407407407407,0.0,0.2592592592592592,Risco climático 30%,3089.8782979826665,603.6618515075478,Baixa produtividade prevista,3.8,-932.6153400970082,Menos viável,-31.518234735777977,135.35159959037577,1,2,2,5
Quatro Pontes,15/03/,0.7025039744586068,0.1124447743471792,27,0.6296296296296297,0.5185185185185185,0.1851851851851851,1.0,0.037037037037037,0.4074074074074074,Inapto (risco > 40%),3129.8844972465226,595.7883811343813,Produtividade prevista intermediária,7.7,-914.2573420819002,Menos viável,-13.16023672067018,153.7095976054836,3,1,2,6
Quatro Pontes,25/02/,0.6934623444484596,0.1107765152200036,27,0.3333333333333333,0.2222222222222222,0.1481481481481481,0.8888888888888888,0.0,0.2962962962962963,Risco climático 40%,3126.233995322816,561.3490684852705,Produtividade prevista intermediária,7.7,-902.1378588274616,Viabilidade intermediária,-1.0407534662313782,165.82908085992236,2,1,1,4
Quatro Pontes,25/03/,0.7031286820829005,0.1222874145624455,27,0.7037037037037037,0.6296296296296297,0.1481481481481481,1.0,0.1481481481481481,0.4074074074074074,Inapto (risco > 40%),3145.28471623286,568.7072534678376,Produtividade prevista intermediária,7.7,-907.5816103544128,Viabilidade intermediária,-6.484504993182816,160.38532933297105,3,1,1,5
Ramilândia,05/02/,0.6549348514244772,0.1373054595383687,27,0.5185185185185185,0.2592592592592592,0.4444444444444444,0.2222222222222222,0.0,0.2222222222222222,Inapto (risco > 40%),2852.8830074707007,596.2779299044075,Baixa produtividade prevista,3.8,-986.574731580058,Menos viável,-85.47762621882757,81.3922081073262,3,2,2,7
Ramilândia,05/03/,0.6677578223845588,0.1110704358948723,27,0.5555555555555556,0.4074074074074074,0.2592592592592592,0.925925925925926,0.0,0.3703703703703703,Inapto (risco > 40%),2936.511709622174,671.5141269121111,Baixa produtividade prevista,3.8,-948.4635637266416,Menos viável,-47.36645836541168,119.50337596074208,3,2,2,7
Ramilândia,15/02/,0.6583032216234513,0.1146666879932384,27,0.4074074074074074,0.1481481481481481,0.2962962962962963,0.4814814814814814,0.0,0.2222222222222222,Inapto (risco > 40%),2893.492177811726,615.7588962990061,Baixa produtividade prevista,3.8,-970.0980192297156,Menos viável,-69.0009138684856,97.86892045766818,3,2,2,7
Ramilândia,15/03/,0.686852340565663,0.1090223419903498,27,0.7037037037037037,0.5555555555555556,0.1851851851851851,1.0,0.0,0.3703703703703703,Inapto (risco > 40%),2888.237548701645,601.3865466503204,Baixa produtividade prevista,3.8,-978.460640173452,Menos viável,-77.36353481222204,89.50629951393178,3,2,2,7
Ramilândia,25/02/,0.6563997034909913,0.1111774575872992,27,0.4444444444444444,0.3333333333333333,0.2222222222222222,0.7777777777777778,0.0,0.2962962962962963,Inapto (risco > 40%),2898.338511226631,609.5292867782148,Baixa produtividade prevista,3.8,-955.303508619954,Menos viável,-54.20640325872369,112.66343106743012,3,2,2,7
Ramilândia,25/03/,0.6972587929802398,0.1223850720167044,27,0.7777777777777778,0.7407407407407407,0.1111111111111111,1.0,0.0,0.3333333333333333,Inapto (risco > 40%),2948.2713687297137,587.9914705099872,Baixa produtividade prevista,3.8,-953.2446149313438,Menos viável,-52.14750957011382,114.72232475603992,3,2,2,7
Santa Helena,05/02/,0.6556869016440179,0.1378568654582666,27,0.5185185185185185,0.2592592592592592,0.4444444444444444,0.2222222222222222,0.0,0.1851851851851851,Inapto (risco > 40%),2806.0310532385656,596.3150954060815,Baixa produtividade prevista,3.8,-997.509751424862,Menos viável,-96.41264606363194,70.45718826252178,3,2,2,7
Santa Helena,05/03/,0.6666508153652239,0.1121511856392142,27,0.5555555555555556,0.4074074074074074,0.2592592592592592,0.925925925925926,0.0,0.3703703703703703,Inapto (risco > 40%),2893.9938010244823,670.1103584834772,Baixa produtividade prevista,3.8,-958.538247731083,Menos viável,-57.441142369852585,109.42869195630117,3,2,2,7
Santa Helena,15/02/,0.6585580622638164,0.1158012638136132,27,0.4074074074074074,0.1481481481481481,0.2962962962962963,0.4814814814814814,0.0,0.2222222222222222,Inapto (risco > 40%),2847.9591112602857,617.1808714135498,Baixa produtividade prevista,3.8,-978.9506495789922,Menos viável,-77.85354421776205,89.01629010839169,3,2,2,7
Santa Helena,15/03/,0.6855020005870754,0.1098698320240113,27,0.7037037037037037,0.5185185185185185,0.1851851851851851,1.0,0.0,0.3703703703703703,Inapto (risco > 40%),2828.9264080634252,624.8629031397253,Baixa produtividade prevista,3.8,-990.9652373280862,Menos viável,-89.86813196685635,77.00170235929737,3,2,2,7
Santa Helena,25/02/,0.6550089604543274,0.111935313023197,27,0.4814814814814814,0.3333333333333333,0.2592592592592592,0.7777777777777778,0.0,0.2962962962962963,Inapto (risco > 40%),2845.5903445258655,611.8587612936415,Baixa produtividade prevista,3.8,-967.6877413105292,Menos viável,-66.59063594929891,100.27919837685478,3,2,2,7
Santa Helena,25/03/,0.6947700192154924,0.1227175091820644,27,0.7777777777777778,0.7407407407407407,0.1111111111111111,1.0,0.0,0.3333333333333333,Inapto (risco > 40%),2907.035623564633,604.2963879050652,Baixa produtividade prevista,3.8,-962.3596162698096,Menos viável,-61.26251090857958,105.60732341757418,3,2,2,7
Santa Lúcia,05/02/,0.7414236274522125,0.1163330023665374,27,0.2962962962962963,0.1851851851851851,0.1481481481481481,0.5185185185185185,0.0,0.3703703703703703,Risco climático 30%,3153.838648214925,638.3145265774443,Produtividade prevista intermediária,7.7,-907.2801991763748,Viabilidade intermediária,-6.1830938151448525,160.68674051100896,1,1,1,3
Santa Lúcia,05/03/,0.7488996150186359,0.0883731866209022,27,0.3333333333333333,0.2592592592592592,0.1111111111111111,1.0,0.0,0.5555555555555556,Risco climático 40%,3244.1013094171767,576.8237763554782,Alta produtividade prevista,3.8,-858.5140782762056,Mais viável,42.58302708502438,209.4528614111781,2,0,0,2
Santa Lúcia,15/02/,0.7420738872101222,0.0946965628252043,27,0.2592592592592592,0.1111111111111111,0.1851851851851851,0.8148148148148148,0.0,0.4074074074074074,Risco climático 30%,3229.97876833605,624.9288087306298,Produtividade prevista intermediária,7.7,-873.9247707487258,Mais viável,27.172334612504194,194.042168938658,1,1,0,2
Santa Lúcia,15/03/,0.7616756587734085,0.0911006369006547,27,0.4814814814814814,0.3703703703703703,0.1111111111111111,1.0,0.037037037037037,0.4814814814814814,Inapto (risco > 40%),3228.5594598639987,554.2135237552769,Produtividade prevista intermediária,7.7,-876.3307016732816,Viabilidade intermediária,24.766403687948102,191.6362380141019,3,1,1,5
Santa Lúcia,25/02/,0.7361655600598944,0.0932688135241,27,0.2592592592592592,0.2222222222222222,0.1111111111111111,0.9629629629629628,0.0,0.5185185185185185,Risco climático 30%,3281.8996124653368,491.9395818929197,Alta produtividade prevista,7.7,-849.8042037650704,Mais viável,51.29290159615978,218.1627359223136,1,0,0,1
Santa Lúcia,25/03/,0.7624467070329765,0.108004686356474,27,0.4444444444444444,0.4074074074074074,0.074074074074074,1.0,0.1851851851851851,0.5555555555555556,Inapto (risco > 40%),3240.3190671711413,576.6134854339452,Alta produtividade prevista,7.7,-863.7747558806151,Mais viável,37.322349480615074,204.1921838067688,3,0,0,3
Santa Tereza do Oeste,05/02/,0.7260308758165017,0.1187366044898167,27,0.3333333333333333,0.1851851851851851,0.2222222222222222,0.5185185185185185,0.0,0.3333333333333333,Risco climático 40%,3202.066613461633,489.8580915722351,Produtividade prevista intermediária,3.8,-893.699226782196,Viabilidade intermediária,7.397878579034236,174.26771290518806,2,1,1,4
Santa Tereza do Oeste,05/03/,0.7245987603393343,0.0957190036720818,27,0.3703703703703703,0.2962962962962963,0.1481481481481481,1.0,0.0,0.5185185185185185,Risco climático 40%,3281.5350380750806,481.6708617126977,Alta produtividade prevista,7.7,-851.154794303813,Mais viável,49.94231105741728,216.81214538357105,2,0,0,2
Santa Tereza do Oeste,15/02/,0.7259555874105287,0.0968216515170887,27,0.2962962962962963,0.1111111111111111,0.2222222222222222,0.8518518518518519,0.0,0.3333333333333333,Risco climático 30%,3211.9172496988344,514.6770499386881,Produtividade prevista intermediária,7.7,-888.8975480408556,Viabilidade intermediária,12.199557320374302,179.0693916465281,1,1,1,3
Santa Tereza do Oeste,15/03/,0.7338530459477327,0.0986626368286668,27,0.5555555555555556,0.4444444444444444,0.1111111111111111,1.0,0.037037037037037,0.4814814814814814,Inapto (risco > 40%),3272.113783654134,454.9089291097384,Alta produtividade prevista,7.7,-868.2119192743451,Mais viável,32.88518608688526,199.755020413039,3,0,0,3
Santa Tereza do Oeste,25/02/,0.71767175719789,0.0980412290836868,27,0.2962962962962963,0.2222222222222222,0.1481481481481481,0.9629629629629628,0.0,0.4074074074074074,Risco climático 30%,3256.7886503265204,463.49647341158,Alta produtividade prevista,7.7,-860.3558290951369,Mais viável,40.74127626609329,207.61111059224703,1,0,0,1
Santa Tereza do Oeste,25/03/,0.7350612753736546,0.1159067632310851,27,0.6296296296296297,0.5925925925925926,0.1111111111111111,1.0,0.1851851851851851,0.5185185185185185,Inapto (risco > 40%),3241.5521294356877,431.79094705404316,Alta produtividade prevista,7.7,-872.6547955466921,Mais viável,28.442309814538262,195.312144140692,3,0,0,3
Santa Terezinha de Itaipu,05/02/,0.6680892962451869,0.1343280941455716,27,0.4444444444444444,0.2592592592592592,0.3703703703703703,0.4444444444444444,0.0,0.3333333333333333,Inapto (risco > 40%),2941.9340208195695,742.7338694799837,Baixa produtividade prevista,7.7,-962.919577639418,Menos viável,-61.82247227818766,105.04736204796606,3,2,2,7
Santa Terezinha de Itaipu,05/03/,0.6889581567852093,0.0968617709005816,27,0.5555555555555556,0.5185185185185185,0.1851851851851851,0.9629629629629628,0.0,0.3703703703703703,Inapto (risco > 40%),3112.439385053215,654.7238039528178,Produtividade prevista intermediária,7.7,-887.7174802776119,Viabilidade intermediária,13.379625083617944,180.24945940977173,3,1,1,5
Santa Terezinha de Itaipu,15/02/,0.6697945697606977,0.1117601972110626,27,0.4074074074074074,0.1481481481481481,0.2962962962962963,0.7407407407407407,0.0,0.3333333333333333,Inapto (risco > 40%),3026.6766143820687,745.1278756629605,Baixa produtividade prevista,7.7,-920.9167033288584,Menos viável,-19.81959796762824,147.0502363585255,3,2,2,7
Santa Terezinha de Itaipu,15/03/,0.7130803073422144,0.0984284243787277,27,0.6666666666666666,0.5185185185185185,0.1481481481481481,1.0,0.037037037037037,0.4814814814814814,Inapto (risco > 40%),3045.358308869503,676.4062843017045,Baixa produtividade prevista,7.7,-923.642703744784,Menos viável,-22.54559838355387,144.32423594259996,3,2,2,7
Santa Terezinha de Itaipu,25/02/,0.6723637534649567,0.1009660272142736,27,0.4444444444444444,0.3703703703703703,0.1851851851851851,0.8888888888888888,0.0,0.4074074074074074,Inapto (risco > 40%),3083.9332820706863,675.6398124408626,Baixa produtividade prevista,7.7,-892.9330080488614,Viabilidade intermediária,8.164097312368714,175.03393163852246,3,2,1,6
Santa Terezinha de Itaipu,25/03/,0.7203342171037883,0.1172666610463701,27,0.7037037037037037,0.6296296296296297,0.1111111111111111,1.0,0.1111111111111111,0.4074074074074074,Inapto (risco > 40%),3083.0102473096854,689.0295835544761,Baixa produtividade prevista,7.7,-904.581994920314,Viabilidade intermediária,-3.48488955908353,163.3849447670702,3,2,1,6
Serranópolis do Iguaçu,05/02/,0.7329073115968427,0.114635411167956,27,0.3333333333333333,0.2592592592592592,0.1481481481481481,0.5185185185185185,0.0,0.3703703703703703,Risco climático 40%,3133.9713855283567,623.2714479700909,Produtividade prevista intermediária,7.7,-911.2516290032522,Menos viável,-10.15452364202224,156.71531068413157,2,1,2,5
Serranópolis do Iguaçu,05/03/,0.7411052224147255,0.0896121467899361,27,0.3333333333333333,0.2592592592592592,0.1111111111111111,1.0,0.0,0.5555555555555556,Risco climático 40%,3224.4524060588533,563.884717435438,Produtividade prevista intermediária,3.8,-863.9331319024806,Mais viável,37.16397345874956,204.0338077849033,2,1,0,3
Serranópolis do Iguaçu,15/02/,0.7334176536309888,0.094873620762426,27,0.2962962962962963,0.1111111111111111,0.2222222222222222,0.8148148148148148,0.0,0.4444444444444444,Risco climático 30%,3207.722234803077,603.9913664097371,Produtividade prevista intermediária,7.7,-877.8617299346499,Viabilidade intermediária,23.235375426580102,190.10520975273383,1,1,1,3
Serranópolis do Iguaçu,15/03/,0.754923071217524,0.0916136567440605,27,0.4814814814814814,0.3703703703703703,0.1111111111111111,1.0,0.037037037037037,0.4814814814814814,Inapto (risco > 40%),3203.005733392595,542.8893521150884,Produtividade prevista intermediária,7.7,-882.597156905828,Viabilidade intermediária,18.499948455402283,185.369782781556,3,1,1,5
Serranópolis do Iguaçu,25/02/,0.7306288685363386,0.0932795204713211,27,0.2592592592592592,0.2222222222222222,0.1111111111111111,0.9629629629629628,0.0,0.4814814814814814,Risco climático 30%,3267.883090973464,481.33671336627197,Alta produtividade prevista,7.7,-852.4109773214259,Mais viável,48.68612803980414,215.55596236595795,1,0,0,1
Serranópolis do Iguaçu,25/03/,0.756643710116724,0.1077439025420723,27,0.5555555555555556,0.4814814814814814,0.1111111111111111,1.0,0.1851851851851851,0.5925925925925926,Inapto (risco > 40%),3228.866488637208,569.3238829170631,Produtividade prevista intermediária,7.7,-867.5608049284638,Mais viável,33.53630043276607,200.40613475891985,3,1,0,4
São José das Palmeiras,05/02/,0.6733770103580988,0.1406204713859476,27,0.4814814814814814,0.2592592592592592,0.4074074074074074,0.2222222222222222,0.0,0.2592592592592592,Inapto (risco > 40%),2844.852612547023,563.2052382348439,Baixa produtividade prevista,3.8,-987.9676317964472,Menos viável,-86.870526435217,79.99930789093672,3,2,2,7
São José das Palmeiras,05/03/,0.6857583050377096,0.1140351121906528,27,0.4444444444444444,0.3703703703703703,0.1851851851851851,0.925925925925926,0.0,0.4444444444444444,Inapto (risco > 40%),2925.805890919184,645.1741333093175,Baixa produtividade prevista,3.8,-952.745969222934,Menos viável,-51.64886386170401,115.22097046444968,3,2,2,7
São José das Palmeiras,15/02/,0.6761335423508418,0.1192905150255115,27,0.3703703703703703,0.1111111111111111,0.2962962962962963,0.4814814814814814,0.0,0.3333333333333333,Risco climático 40%,2901.325766788799,583.892268227761,Baixa produtividade prevista,3.8,-968.2550664962166,Menos viável,-67.15796113498676,99.711873191167,2,2,2,6
São José das Palmeiras,15/03/,0.7051712788679441,0.1098338486706725,27,0.7037037037037037,0.5185185185185185,0.1851851851851851,1.0,0.0,0.4814814814814814,Inapto (risco > 40%),2876.5701034526624,558.3292940841318,Baixa produtividade prevista,3.8,-985.017047498007,Menos viável,-83.91994213677698,82.9498921893768,3,2,2,7
São José das Palmeiras,25/02/,0.6722383645449128,0.1149177418922091,27,0.4074074074074074,0.2962962962962963,0.1851851851851851,0.7777777777777778,0.0,0.3703703703703703,Inapto (risco > 40%),2875.8381680937214,588.8425889530004,Baixa produtividade prevista,3.8,-960.773309472416,Menos viável,-59.67620411118581,107.19363021496792,3,2,2,7
São José das Palmeiras,25/03/,0.713115635435136,0.1240967121521866,27,0.7777777777777778,0.7407407407407407,0.1111111111111111,1.0,0.0,0.4444444444444444,Inapto (risco > 40%),2938.119274097802,567.5826788687048,Baixa produtividade prevista,3.8,-956.2675582800468,Menos viável,-55.17045291881653,111.6993814073372,3,2,2,7
São Miguel do Iguaçu,05/02/,0.6716371005235521,0.1353073142380041,27,0.4444444444444444,0.2592592592592592,0.3703703703703703,0.4444444444444444,0.0,0.3333333333333333,Inapto (risco > 40%),2936.9402628906546,756.3696997139526,Baixa produtividade prevista,7.7,-964.8906606431392,Menos viável,-63.793555281908944,103.0762790442448,3,2,2,7
São Miguel do Iguaçu,05/03/,0.6928003570755796,0.0966625863483767,27,0.5555555555555556,0.5185185185185185,0.1851851851851851,0.9629629629629628,0.0,0.4444444444444444,Inapto (risco > 40%),3080.9198803381973,687.25925195746,Baixa produtividade prevista,7.7,-897.0723904136631,Viabilidade intermediária,4.024714947567068,170.89454927372077,3,2,1,6
São Miguel do Iguaçu,15/02/,0.6736776003698409,0.1125747462811843,27,0.4074074074074074,0.1481481481481481,0.2962962962962963,0.7407407407407407,0.0,0.3703703703703703,Inapto (risco > 40%),3008.5031624417197,769.4699369588012,Baixa produtividade prevista,7.7,-926.4149445120464,Menos viável,-25.317839150816464,141.5519951753373,3,2,2,7
São Miguel do Iguaçu,15/03/,0.71692911731339,0.0985456355480729,27,0.6666666666666666,0.5185185185185185,0.1481481481481481,1.0,0.037037037037037,0.4814814814814814,Inapto (risco > 40%),3001.620374188892,724.3567793775868,Baixa produtividade prevista,7.7,-936.0399108621184,Menos viável,-34.9428055008886,131.92702882526518,3,2,2,7
São Miguel do Iguaçu,25/02/,0.675729527318358,0.1016478086411192,27,0.3703703703703703,0.3333333333333333,0.1481481481481481,0.8888888888888888,0.0,0.4074074074074074,Risco climático 40%,3035.55433598923,745.4776343752326,Baixa produtividade prevista,7.7,-906.9329586239166,Viabilidade intermediária,-5.835853262686476,161.0339810634672,2,2,1,5
São Miguel do Iguaçu,25/03/,0.7241587957017254,0.1173220179564276,27,0.7037037037037037,0.6296296296296297,0.1111111111111111,1.0,0.1111111111111111,0.4444444444444444,Inapto (risco > 40%),3061.57740599489,705.7145722315964,Baixa produtividade prevista,7.7,-909.932725478946,Viabilidade intermediária,-8.83562011771612,158.03421420843767,3,2,1,6
São Pedro do Iguaçu,05/02/,0.7281381832183518,0.1188289764750065,27,0.3703703703703703,0.1851851851851851,0.2592592592592592,0.5185185185185185,0.0,0.3333333333333333,Risco climático 40%,3203.2169876906123,494.3037206000755,Produtividade prevista intermediária,3.8,-895.3819194935534,Viabilidade intermediária,5.715185867676662,172.58502019383042,2,1,1,4
São Pedro do Iguaçu,05/03/,0.7241781374052939,0.0973697637014445,27,0.3703703703703703,0.2592592592592592,0.1481481481481481,1.0,0.0,0.5185185185185185,Risco climático 40%,3268.50892382386,494.2502126441344,Alta produtividade prevista,7.7,-853.9052605687846,Mais viável,47.191844792445394,214.0616791185992,2,0,0,2
São Pedro do Iguaçu,15/02/,0.7268197279293039,0.0987145515535248,27,0.2962962962962963,0.1111111111111111,0.2222222222222222,0.8518518518518519,0.0,0.3703703703703703,Risco climático 30%,3205.135077217882,517.5599335295218,Produtividade prevista intermediária,7.7,-890.4047469285196,Viabilidade intermediária,10.69235843271043,177.56219275886423,1,1,1,3
São Pedro do Iguaçu,15/03/,0.7338109475267349,0.1003449411010682,27,0.5555555555555556,0.4444444444444444,0.1111111111111111,1.0,0.037037037037037,0.4444444444444444,Inapto (risco > 40%),3255.5173727011215,465.8180865371895,Alta produtividade prevista,7.7,-873.6788332240753,Mais viável,27.418272137154386,194.2881064633081,3,0,0,3
São Pedro do Iguaçu,25/02/,0.7170564259323897,0.0999450621464658,27,0.2962962962962963,0.2222222222222222,0.1481481481481481,0.9629629629629628,0.0,0.4074074074074074,Risco climático 30%,3241.4810685672833,480.7823028753308,Alta produtividade prevista,7.7,-864.2891025955086,Mais viável,36.80800276572128,203.67783709187503,1,0,0,1
São Pedro do Iguaçu,25/03/,0.734020047138187,0.1174232490992409,27,0.6666666666666666,0.6296296296296297,0.1111111111111111,1.0,0.1851851851851851,0.5555555555555556,Inapto (risco > 40%),3219.309571679649,451.992815181251,Produtividade prevista intermediária,3.8,-882.3471710699715,Viabilidade intermediária,18.74993429125876,185.6197686174125,3,1,1,5
Terra Roxa,05/02/,0.6710074490662042,0.1284223774416446,27,0.5185185185185185,0.1851851851851851,0.4074074074074074,0.2962962962962963,0.0,0.1481481481481481,Inapto (risco > 40%),2981.451619410562,554.4073710278844,Baixa produtividade prevista,7.7,-944.4431493236729,Menos viável,-43.34604396244247,123.52379036371124,3,2,2,7
Terra Roxa,05/03/,0.6518616354495171,0.1319246707828475,27,0.5555555555555556,0.4444444444444444,0.2962962962962963,0.9629629629629628,0.0,0.3703703703703703,Inapto (risco > 40%),2992.2209692952856,556.4934004078498,Baixa produtividade prevista,7.7,-932.8863183610464,Menos viável,-31.78921299981609,135.08062132633765,3,2,2,7
Terra Roxa,15/02/,0.6641770144463792,0.1191952333421361,27,0.4074074074074074,0.074074074074074,0.4074074074074074,0.6296296296296297,0.0,0.1851851851851851,Inapto (risco > 40%),2958.4367116593703,519.2481684845972,Baixa produtividade prevista,3.8,-953.7884369502416,Menos viável,-52.69133158901136,114.17850273714242,3,2,2,7
Terra Roxa,15/03/,0.6559611189892308,0.129547861311253,27,0.6666666666666666,0.5925925925925926,0.1851851851851851,1.0,0.0,0.2592592592592592,Inapto (risco > 40%),2960.5599318647005,477.6685726753063,Baixa produtividade prevista,3.8,-950.9162532007314,Menos viável,-49.81914783950111,117.05068648665268,3,2,2,7
Terra Roxa,25/02/,0.6487231165293196,0.1280700836342502,27,0.4444444444444444,0.2962962962962963,0.2592592592592592,0.8148148148148148,0.0,0.3333333333333333,Inapto (risco > 40%),3003.6384911765713,568.0120713344835,Baixa produtividade prevista,7.7,-928.917639835035,Menos viável,-27.82053447380496,139.04929985234872,3,2,2,7
Terra Roxa,25/03/,0.6612094557854067,0.1327027675730503,27,0.7407407407407407,0.6666666666666666,0.1851851851851851,1.0,0.0,0.3333333333333333,Inapto (risco > 40%),3023.3039996221332,498.63883013199785,Baixa produtividade prevista,7.7,-924.9964520841175,Menos viável,-23.899346722887387,142.97048760326635,3,2,2,7
Toledo,05/02/,0.711456115918854,0.125124406279506,27,0.5185185185185185,0.1851851851851851,0.4074074074074074,0.4074074074074074,0.0,0.1851851851851851,Inapto (risco > 40%),3145.6247036897976,521.4285575277672,Produtividade prevista intermediária,7.7,-903.336949507564,Viabilidade intermediária,-2.2398441463337453,164.62999017982008,3,1,1,5
Toledo,05/03/,0.6910329412107458,0.1119503778689671,27,0.4074074074074074,0.2592592592592592,0.2592592592592592,1.0,0.0,0.4074074074074074,Inapto (risco > 40%),3173.258581599409,646.3509314460159,Produtividade prevista intermediária,7.7,-891.2916088845354,Viabilidade intermediária,9.805496476694543,176.67533080284832,3,1,1,5
Toledo,15/02/,0.7070027585536593,0.1075427610525407,27,0.2962962962962963,0.074074074074074,0.2592592592592592,0.7407407407407407,0.0,0.2222222222222222,Risco climático 30%,3098.8817517098546,617.9675854158958,Baixa produtividade prevista,3.8,-930.472856157349,Menos viável,-29.37575079611882,137.49408353003494,1,2,2,5
Toledo,15/03/,0.6976167533640877,0.112135454870255,27,0.6296296296296297,0.5185185185185185,0.1851851851851851,1.0,0.037037037037037,0.4074074074074074,Inapto (risco > 40%),3141.804773287145,621.7353280285236,Produtividade prevista intermediária,7.7,-912.8951464482152,Menos viável,-11.798041086984975,155.0717932391688,3,1,2,6
Toledo,25/02/,0.6886692036236413,0.1099758108414028,27,0.3703703703703703,0.2222222222222222,0.1851851851851851,0.8888888888888888,0.0,0.2962962962962963,Risco climático 40%,3150.2458458466695,555.6266782952906,Produtividade prevista intermediária,7.7,-896.000085028913,Viabilidade intermediária,5.097020332317348,171.9668546584711,2,1,1,4
Toledo,25/03/,0.6984315530288908,0.1222462142239157,27,0.7037037037037037,0.6296296296296297,0.1481481481481481,1.0,0.1481481481481481,0.4074074074074074,Inapto (risco > 40%),3161.7259910094795,588.7198522856112,Produtividade prevista intermediária,7.7,-905.16147833577,Viabilidade intermediária,-4.064372974540115,162.8054613516136,3,1,1,5
Três Barras do Paraná,05/02/,0.7638841897538418,0.1039871055335007,27,0.2962962962962963,0.2222222222222222,0.1111111111111111,0.5555555555555556,0.0,0.3703703703703703,Risco climático 30%,3271.805642026477,352.1271810547146,Alta produtividade prevista,3.8,-871.3467532222575,Mais viável,29.750352138972403,196.62018646512615,1,0,0,1
Três Barras do Paraná,05/03/,0.7490680583886555,0.1003815561975329,27,0.3333333333333333,0.2592592592592592,0.1111111111111111,1.0,0.0,0.6296296296296297,Risco climático 40%,3319.317709641405,396.4943917337331,Alta produtividade prevista,3.8,-839.1999994638838,Mais viável,61.89710589734621,228.7669402235001,2,0,0,2
Três Barras do Paraná,15/02/,0.7546509958124629,0.0956986649509028,27,0.2222222222222222,0.037037037037037,0.1851851851851851,0.8518518518518519,0.0,0.3333333333333333,Risco climático 30%,3349.232777016311,353.892048531862,Alta produtividade prevista,3.8,-837.6082279240866,Mais viável,63.488877437143294,230.35871176329712,1,0,0,1
Três Barras do Paraná,15/03/,0.7578346788292323,0.1051811906335451,27,0.4444444444444444,0.3333333333333333,0.1111111111111111,1.0,0.037037037037037,0.5555555555555556,Inapto (risco > 40%),3329.424826851707,356.3148950733357,Alta produtividade prevista,3.8,-846.6613816861562,Mais viável,54.43572367507374,221.3055580012275,3,0,0,3
Três Barras do Paraná,25/02/,0.7410353523069971,0.0994019669239344,27,0.2222222222222222,0.1111111111111111,0.1111111111111111,0.9629629629629628,0.0,0.4444444444444444,Risco climático 30%,3325.270374328887,316.7028944000721,Alta produtividade prevista,3.8,-834.4535377461691,Mais viável,66.64356761506077,233.5134019412145,1,0,0,1
Três Barras do Paraná,25/03/,0.7523693704060767,0.1197347288898626,27,0.4814814814814814,0.4074074074074074,0.1111111111111111,1.0,0.1481481481481481,0.5925925925925926,Inapto (risco > 40%),3309.1009582776946,339.68503382569315,Alta produtividade prevista,3.8,-848.3453535187558,Mais viável,52.75175184247433,219.6215861686281,3,0,0,3
Tupãssi,05/02/,0.7117754159987635,0.1251195041181496,27,0.5185185185185185,0.1851851851851851,0.4074074074074074,0.4074074074074074,0.0,0.1851851851851851,Inapto (risco > 40%),3141.0755742145993,515.7270855012891,Produtividade prevista intermediária,7.7,-903.9934501541328,Viabilidade intermediária,-2.8963447929025348,163.97348953325127,3,1,1,5
Tupãssi,05/03/,0.6914119725590971,0.1120342090766388,27,0.4074074074074074,0.2592592592592592,0.2592592592592592,1.0,0.0,0.4074074074074074,Inapto (risco > 40%),3163.0420569725625,630.6352551299262,Produtividade prevista intermediária,7.7,-892.9503989681187,Viabilidade intermediária,8.14670639311117,175.01654071926498,3,1,1,5
Tupãssi,15/02/,0.7073771874560774,0.1076818931834635,27,0.2962962962962963,0.074074074074074,0.2592592592592592,0.7407407407407407,0.0,0.2222222222222222,Risco climático 30%,3091.4865205648057,608.9641328372139,Baixa produtividade prevista,3.8,-931.8955720610122,Menos viável,-30.798466699782185,136.07136762637165,1,2,2,5
Tupãssi,15/03/,0.6979685499083607,0.1121990356739625,27,0.6296296296296297,0.5185185185185185,0.1851851851851851,1.0,0.037037037037037,0.4074074074074074,Inapto (risco > 40%),3137.353883704755,595.8460130137839,Produtividade prevista intermediária,7.7,-913.0333033004572,Menos viável,-11.936197939227318,154.9336363869265,3,1,2,6
Tupãssi,25/02/,0.6890030589738807,0.1101055766024142,27,0.3703703703703703,0.2222222222222222,0.1851851851851851,0.8888888888888888,0.0,0.2962962962962963,Risco climático 40%,3142.5200108693516,545.9440180893687,Produtividade prevista intermediária,7.7,-897.5935043522867,Viabilidade intermediária,3.503601008943213,170.37343533509696,2,1,1,4
Tupãssi,25/03/,0.6987848343676104,0.1222732213280117,27,0.7037037037037037,0.6296296296296297,0.1481481481481481,1.0,0.1481481481481481,0.4074074074074074,Inapto (risco > 40%),3159.917053791237,560.6189175304463,Produtividade prevista intermediária,7.7,-904.3743382119818,Viabilidade intermediária,-3.2772328507516635,163.59260147540212,3,1,1,5
Vera Cruz do Oeste,05/02/,0.7278652638149666,0.1187201374055743,27,0.3333333333333333,0.1851851851851851,0.2222222222222222,0.5185185185185185,0.0,0.3333333333333333,Risco climático 40%,3202.989241333549,495.7182036687497,Produtividade prevista intermediária,3.8,-894.1433524701133,Viabilidade intermediária,6.953752891116769,173.8235872172706,2,1,1,4
Vera Cruz do Oeste,05/03/,0.7264414399999631,0.0955788521714298,27,0.3703703703703703,0.2962962962962963,0.1481481481481481,1.0,0.0,0.5185185185185185,Risco climático 40%,3270.4844264167646,491.1769479492073,Alta produtividade prevista,7.7,-853.9363160996207,Mais viável,47.16078926160951,214.03062358776327,2,0,0,2
Vera Cruz do Oeste,15/02/,0.7277630556463919,0.0968662826154794,27,0.2962962962962963,0.1111111111111111,0.2222222222222222,0.8518518518518519,0.0,0.3703703703703703,Risco climático 30%,3206.8495087119136,518.2589878844369,Produtividade prevista intermediária,7.7,-890.2557437567792,Viabilidade intermediária,10.841361604451007,177.71119593060484,1,1,1,3
Vera Cruz do Oeste,15/03/,0.7356162165404437,0.098513164709534,27,0.5555555555555556,0.4444444444444444,0.1111111111111111,1.0,0.037037037037037,0.4814814814814814,Inapto (risco > 40%),3260.663811173394,467.14583252600835,Alta produtividade prevista,7.7,-871.6585979615415,Mais viável,29.43850739968873,196.30834172584255,3,0,0,3
Vera Cruz do Oeste,25/02/,0.7194589351419692,0.0979975963308625,27,0.2962962962962963,0.2222222222222222,0.1481481481481481,0.9629629629629628,0.0,0.4074074074074074,Risco climático 30%,3250.570829520382,467.61689995970346,Alta produtividade prevista,7.7,-861.9875014927475,Mais viável,39.109603868482665,205.97943819463643,1,0,0,1
Vera Cruz do Oeste,25/03/,0.7367762380559755,0.1158090216962403,27,0.6296296296296297,0.5925925925925926,0.1111111111111111,1.0,0.1851851851851851,0.5185185185185185,Inapto (risco > 40%),3226.855878942483,448.72943768365553,Produtividade prevista intermediária,3.8,-876.8426267308294,Viabilidade intermediária,24.25447863040082,191.12431295655452,3,1,1,5
