municipio,data_semeadura,risco_climatico,isna_medio,risco_economico,pct_anos_cobre_custo,margem_media_rs_ha_100pct,margem_media_rs_ha_rateio50,margem_media_rs_ha_rateio_proporcional,margem_media_rs_ha_operacional_conab
Anahy,15/02/,Risco climático 30%,0.7357809111323024,Viabilidade intermediária,50.0,-885.6370173796408,15.460087981589473,182.3299223077433,43.95516455162894
Assis Chateaubriand,15/02/,Risco climático 30%,0.7076627827713984,Menos viável,46.2,-938.7878662037592,-37.69076084252893,129.1790734836248,-9.195684272489425
Boa Vista da Aparecida,15/02/,Risco climático 30%,0.7472407744886106,Mais viável,50.0,-837.2989203989721,63.79818496225805,230.66801928841176,92.29326153229756
Braganey,15/02/,Risco climático 30%,0.763423756721751,Mais viável,50.0,-839.2737892555584,61.82331610567156,228.69315043182536,90.31839267571114
Cafelândia,15/02/,Risco climático 40%,0.7222215252492826,Viabilidade intermediária,50.0,-891.5558833422352,9.541222018994825,176.4110563451486,38.03629858903439
Campo Bonito,15/02/,Risco climático 30%,0.7630902088812243,Mais viável,50.0,-837.7234184227698,63.37368693846035,230.2435212646141,91.86876350849982
Capitão Leônidas Marques,25/02/,Risco climático 30%,0.7328525414600455,Mais viável,46.2,-851.1678208107592,49.929284550471,216.7991188766248,78.42436112051051
Cascavel,15/02/,Risco climático 30%,0.7584233851814239,Mais viável,50.0,-838.576524654693,62.52058070653696,229.3904150326907,91.01565727657642
Catanduvas,15/02/,Risco climático 30%,0.7678353843316913,Mais viável,50.0,-830.0737390797332,71.02336628149698,237.8932006076508,99.51844285153658
Corbélia,15/02/,Risco climático 30%,0.7336000929667233,Viabilidade intermediária,50.0,-884.2519279717633,16.845177389466734,183.71501171562048,45.34025395950611
Céu Azul,25/02/,Risco climático 30%,0.7236931136665788,Mais viável,50.0,-857.1191595131281,43.977945848102,210.8477801742558,72.47302241814151
Diamante D'Oeste,25/03/,Inapto (risco > 40%),0.7122999577748649,Menos viável,42.3,-953.7102373506696,-52.61313198943932,114.25670233671444,-24.11805541939984
Diamante do Sul,15/02/,Risco climático 30%,0.7733917255924263,Mais viável,50.0,-825.2527468401834,75.84435852104664,242.71419284720048,104.33943509108619
Entre Rios do Oeste,15/02/,Risco climático 40%,0.6742949522972731,Menos viável,46.2,-968.7835965893051,-67.68649122807531,99.18334309807852,-39.191414658035754
Formosa do Oeste,15/02/,Risco climático 30%,0.7205828513635459,Viabilidade intermediária,50.0,-901.062980730857,0.0341246303731238,166.90395895652694,28.529201200412654
Foz do Iguaçu,05/03/,Inapto (risco > 40%),0.6640004914891117,Mais viável,50.0,-864.4872985917622,36.60980676946794,203.47964109562164,65.1048833395074
Guaraniaçu,15/02/,Risco climático 30%,0.7691029003139184,Mais viável,50.0,-830.5367662817191,70.5603390795111,237.4301734056649,99.05541564955068
Guaíra,15/02/,Risco climático 40%,0.6794023554896452,Menos viável,50.0,-958.8914564633416,-57.79435110211132,109.0754832240425,-29.29927453207177
Ibema,15/02/,Risco climático 30%,0.763993496390163,Mais viável,50.0,-833.6080408612142,67.48906450001606,234.35889882616988,95.98414107005557
Iguatu,15/02/,Risco climático 30%,0.7387714699308018,Viabilidade intermediária,50.0,-882.4804610254536,18.616644335776808,185.48647866193053,47.11172090581621
Iracema do Oeste,15/02/,Risco climático 30%,0.7203413058412965,Viabilidade intermediária,50.0,-898.3254474051254,2.771657956104806,169.6414922822585,31.266734526144294
Itaipulândia,25/03/,Inapto (risco > 40%),0.6978257961538197,Menos viável,42.3,-955.2068604273762,-54.109755066146015,112.76007926000771,-25.614678496106553
Jesuítas,15/02/,Risco climático 30%,0.7224205090062198,Viabilidade intermediária,50.0,-898.6129574743062,2.484147886923997,169.3539822130777,30.97922445696357
Lindoeste,15/02/,Risco climático 30%,0.7425944183050469,Mais viável,50.0,-871.7847781796328,29.312327181597084,196.1821615077509,57.807403751636585
Marechal Cândido Rondon,15/02/,Risco climático 40%,0.685796734504561,Menos viável,46.2,-964.3882682260588,-63.29116286482871,103.57867146132506,-34.79608629478922
Maripá,15/02/,Risco climático 30%,0.7094359496225356,Menos viável,46.2,-937.5852000032842,-36.48809464205395,130.38173968409987,-7.993018072014374
Matelândia,25/02/,Risco climático 30%,0.7337103562779154,Mais viável,46.2,-850.8287473716581,50.26835798957224,217.13819231572592,78.76343455961174
Medianeira,25/02/,Risco climático 40%,0.6831994954505907,Viabilidade intermediária,46.2,-895.347401753734,5.74970360749624,172.61953793365,34.24478017753577
Mercedes,15/02/,Risco climático 40%,0.685495188587388,Menos viável,46.2,-967.9193751822604,-66.82226982103035,100.04756450512336,-38.32719325099091
Missal,25/03/,Inapto (risco > 40%),0.6977633018150117,Menos viável,42.3,-957.1263179086898,-56.0292125474596,110.84062177869411,-27.53413597742008
Nova Aurora,15/02/,Risco climático 30%,0.7240306107696058,Viabilidade intermediária,50.0,-895.7005969422145,5.396508419015635,172.26634274516934,33.89158498905521
Nova Santa Rosa,15/02/,Risco climático 30%,0.7096246155441404,Menos viável,46.2,-937.8054444543208,-36.70833909309076,130.16149523306302,-8.213262523051245
Ouro Verde do Oeste,25/02/,Risco climático 30%,0.7176936290410298,Mais viável,50.0,-865.5195952091909,35.57751015203899,202.44734447819275,64.07258672207851
Palotina,15/02/,Risco climático 30%,0.7078154158667481,Menos viável,46.2,-941.5645139707522,-40.467408609522096,126.40242571663173,-11.972332039482598
Pato Bragado,25/03/,Inapto (risco > 40%),0.673269592188785,Menos viável,42.3,-954.5631183648889,-53.466013003658695,113.40382132249508,-24.970936433619194
Quatro Pontes,15/02/,Risco climático 30%,0.7120983978237301,Menos viável,46.2,-932.6153400970082,-31.518234735777977,135.35159959037577,-3.0231581657384803
Ramilândia,25/03/,Inapto (risco > 40%),0.6972587929802398,Menos viável,42.3,-953.2446149313438,-52.14750957011382,114.72232475603992,-23.652433000074325
Santa Helena,25/03/,Inapto (risco > 40%),0.6947700192154924,Menos viável,42.3,-962.3596162698096,-61.26251090857958,105.60732341757418,-32.76743433854005
Santa Lúcia,15/02/,Risco climático 30%,0.7420738872101222,Mais viável,50.0,-873.9247707487258,27.172334612504194,194.042168938658,55.66741118254369
Santa Tereza do Oeste,25/02/,Risco climático 30%,0.71767175719789,Mais viável,50.0,-860.3558290951369,40.74127626609329,207.61111059224703,69.23635283613275
Santa Terezinha de Itaipu,25/03/,Inapto (risco > 40%),0.7203342171037883,Viabilidade intermediária,46.2,-904.581994920314,-3.48488955908353,163.3849447670702,25.010187010955903
Serranópolis do Iguaçu,25/02/,Risco climático 30%,0.7306288685363386,Mais viável,46.2,-852.4109773214259,48.68612803980414,215.55596236595795,77.1812046098437
São José das Palmeiras,15/02/,Risco climático 40%,0.6761335423508418,Menos viável,46.2,-968.2550664962166,-67.15796113498676,99.711873191167,-38.66288456494721
São Miguel do Iguaçu,25/02/,Risco climático 40%,0.675729527318358,Viabilidade intermediária,46.2,-906.9329586239166,-5.835853262686476,161.0339810634672,22.659223307352985
São Pedro do Iguaçu,25/02/,Risco climático 30%,0.7170564259323897,Mais viável,50.0,-864.2891025955086,36.80800276572128,203.67783709187503,65.30307933576087
Terra Roxa,05/02/,Inapto (risco > 40%),0.6710074490662042,Menos viável,46.2,-944.4431493236729,-43.34604396244247,123.52379036371124,-14.850967392402971
Toledo,15/02/,Risco climático 30%,0.7070027585536593,Menos viável,50.0,-930.472856157349,-29.37575079611882,137.49408353003494,-0.8806742260793237
Três Barras do Paraná,05/02/,Risco climático 30%,0.7638841897538418,Mais viável,50.0,-871.3467532222575,29.750352138972403,196.62018646512615,58.24542870901189
Tupãssi,15/02/,Risco climático 30%,0.7073771874560774,Menos viável,50.0,-931.8955720610122,-30.798466699782185,136.07136762637165,-2.303390129742577
Vera Cruz do Oeste,25/02/,Risco climático 30%,0.7194589351419692,Mais viável,50.0,-861.9875014927475,39.109603868482665,205.97943819463643,67.60468043852217
